<?xml version='1.0' encoding='utf-8'?>
<kml xmlns="http://www.opengis.net/kml/2.2"><Document><name>Contours near 13.8480°N, 39.5350°E</name><description>Contains modified Copernicus DEM GLO-30 data: © DLR e.V. 2010-2014 and © Airbus Defence and Space GmbH 2014-2018, provided under COPERNICUS by the European Union and ESA. Contour interval 25 m, generated 2026-09-27 by Village Pond Planner. DEM-derived lines, not a field survey.</description><Style id="minor"><LineStyle><color>ff4f7f93</color><width>1</width></LineStyle></Style><Style id="major"><LineStyle><color>ff1d4f63</color><width>2.2</width></LineStyle></Style><Folder><name>Contours 25 m</name><Placemark><name>1950 m</name><styleUrl>#minor</styleUrl><ExtendedData><Data name="elevation"><value>1950</value></Data></ExtendedData><LineString><tessellate>1</tessellate><altitudeMode>clampToGround</altitudeMode><coordinates>39.5108803,13.8266773,1950 39.5109297,13.8268017,1950 39.5108803,13.8271987,1950</coordinates></LineString></Placemark><Placemark><name>1950 m</name><styleUrl>#minor</styleUrl><ExtendedData><Data name="elevation"><value>1950</value></Data></ExtendedData><LineString><tessellate>1</tessellate><altitudeMode>clampToGround</altitudeMode><coordinates>39.5108803,13.8273561,1950 39.5115351,13.8278819,1950 39.5117568,13.8284219,1950 39.5117929,13.8292321,1950 39.5114432,13.8297722,1950 39.5114067,13.8300422,1950 39.5116261,13.8314706,1950 39.5122414,13.8319325,1950 39.5124609,13.8318342,1950 39.5128250,13.8311224,1950 39.5130174,13.8310415,1950 39.5131115,13.8311224,1950 39.5130969,13.8313924,1950 39.5132957,13.8316541,1950 39.5141304,13.8316671,1950 39.5145484,13.8313924,1950 39.5152435,13.8301694,1950 39.5155217,13.8301538,1950 39.5162575,13.8311224,1950 39.5161458,13.8316624,1950 39.5169130,13.8324460,1950 39.5173985,13.8327426,1950 39.5175558,13.8335527,1950 39.5177478,13.8337384,1950 39.5180261,13.8336115,1950 39.5182665,13.8332827,1950 39.5185258,13.8322025,1950 39.5179369,13.8313924,1950 39.5178825,13.8308523,1950 39.5177478,13.8306192,1950 39.5174696,13.8304307,1950 39.5170779,13.8297722,1950 39.5168235,13.8292321,1950 39.5168268,13.8289620,1950 39.5172082,13.8286920,1950 39.5177478,13.8280194,1950 39.5183043,13.8280311,1950 39.5188609,13.8276629,1950 39.5200270,13.8278819,1950 39.5199048,13.8276118,1950 39.5180531,13.8259916,1950 39.5160783,13.8248829,1950 39.5152435,13.8247741,1950 39.5151517,13.8246414,1950 39.5152917,13.8243713,1950 39.5150535,13.8240000,1950</coordinates></LineString></Placemark><Placemark><name>1950 m</name><styleUrl>#minor</styleUrl><ExtendedData><Data name="elevation"><value>1950</value></Data></ExtendedData><LineString><tessellate>1</tessellate><altitudeMode>clampToGround</altitudeMode><coordinates>39.5138273,13.8265316,1950 39.5139384,13.8265316,1950</coordinates></LineString></Placemark><Placemark><name>1950 m</name><styleUrl>#minor</styleUrl><ExtendedData><Data name="elevation"><value>1950</value></Data></ExtendedData><LineString><tessellate>1</tessellate><altitudeMode>clampToGround</altitudeMode><coordinates>39.5146870,13.8343387,1950 39.5142248,13.8346329,1950 39.5124285,13.8365232,1950 39.5119043,13.8366152,1950 39.5113478,13.8363498,1950 39.5111570,13.8365232,1950 39.5113478,13.8368893,1950 39.5109968,13.8373333,1950 39.5119043,13.8377676,1950 39.5122540,13.8381435,1950 39.5128219,13.8397637,1950 39.5129220,13.8411139,1950 39.5128163,13.8413840,1950 39.5132808,13.8419241,1950 39.5133311,13.8421941,1950 39.5131875,13.8427342,1950 39.5131747,13.8440844,1950 39.5128013,13.8459747,1950 39.5124609,13.8465036,1950 39.5116261,13.8467441,1950 39.5108803,13.8467279,1950</coordinates></LineString></Placemark><Placemark><name>1950 m</name><styleUrl>#minor</styleUrl><ExtendedData><Data name="elevation"><value>1950</value></Data></ExtendedData><LineString><tessellate>1</tessellate><altitudeMode>clampToGround</altitudeMode><coordinates>39.5108803,13.8473875,1950 39.5119043,13.8473977,1950 39.5130174,13.8479130,1950 39.5130839,13.8478650,1950 39.5129141,13.8473249,1950 39.5129633,13.8470549,1950 39.5141304,13.8450631,1950 39.5144390,13.8438143,1950 39.5152976,13.8424641,1950 39.5155298,13.8413840,1950 39.5158000,13.8411267,1950 39.5163565,13.8409453,1950 39.5174869,13.8411139,1950 39.5174318,13.8405738,1950 39.5177953,13.8400338,1950 39.5176517,13.8392236,1950 39.5176676,13.8384135,1950 39.5172096,13.8378734,1950 39.5171579,13.8376034,1950 39.5172765,13.8373333,1950 39.5174696,13.8372395,1950 39.5177478,13.8373076,1950 39.5187835,13.8384135,1950 39.5191391,13.8394381,1950 39.5194174,13.8389838,1950 39.5199986,13.8386835,1950 39.5202436,13.8378734,1950 39.5200669,13.8373333,1950 39.5194174,13.8364374,1950 39.5178366,13.8357131,1950 39.5176376,13.8354430,1950 39.5176051,13.8349030,1950 39.5174696,13.8346068,1950 39.5146870,13.8343387,1950</coordinates></LineString></Placemark><Placemark><name>1950 m</name><styleUrl>#minor</styleUrl><ExtendedData><Data name="elevation"><value>1950</value></Data></ExtendedData><LineString><tessellate>1</tessellate><altitudeMode>clampToGround</altitudeMode><coordinates>39.5132957,13.8480121,1950 39.5131941,13.8481350,1950 39.5132957,13.8483171,1950 39.5133922,13.8481350,1950 39.5132957,13.8480121,1950</coordinates></LineString></Placemark><Placemark><name>1975 m</name><styleUrl>#minor</styleUrl><ExtendedData><Data name="elevation"><value>1975</value></Data></ExtendedData><LineString><tessellate>1</tessellate><altitudeMode>clampToGround</altitudeMode><coordinates>39.5176401,13.8454346,1975 39.5177478,13.8453088,1975 39.5180261,13.8452680,1975 39.5188609,13.8457320,1975 39.5196957,13.8454731,1975 39.5205304,13.8454266,1975 39.5210124,13.8459747,1975 39.5210849,13.8462447,1975 39.5210903,13.8467848,1975 39.5209185,13.8473249,1975 39.5205304,13.8474887,1975 39.5196957,13.8474988,1975 39.5183043,13.8471156,1975 39.5175484,13.8475949,1975 39.5166348,13.8478087,1975 39.5152435,13.8479045,1975 39.5152461,13.8475949,1975 39.5155217,13.8473923,1975 39.5158000,13.8474193,1975 39.5160526,13.8465148,1975 39.5166348,13.8459973,1975 39.5171913,13.8458486,1975 39.5176401,13.8454346,1975</coordinates></LineString></Placemark><Placemark><name>1975 m</name><styleUrl>#minor</styleUrl><ExtendedData><Data name="elevation"><value>1975</value></Data></ExtendedData><LineString><tessellate>1</tessellate><altitudeMode>clampToGround</altitudeMode><coordinates>39.5146840,13.8467848,1975 39.5149652,13.8467078,1975 39.5149652,13.8470359,1975 39.5146840,13.8467848,1975</coordinates></LineString></Placemark><Placemark><name>1975 m</name><styleUrl>#minor</styleUrl><ExtendedData><Data name="elevation"><value>1975</value></Data></ExtendedData><LineString><tessellate>1</tessellate><altitudeMode>clampToGround</altitudeMode><coordinates>39.5117161,13.8502954,1975 39.5119043,13.8500439,1975 39.5121826,13.8501002,1975 39.5127587,13.8505654,1975 39.5129267,13.8513755,1975 39.5129138,13.8521857,1975 39.5127509,13.8524557,1975 39.5122457,13.8527257,1975 39.5120667,13.8529958,1975 39.5116261,13.8531461,1975 39.5109917,13.8527257,1975 39.5108803,13.8525869,1975</coordinates></LineString></Placemark><Placemark><name>1975 m</name><styleUrl>#minor</styleUrl><ExtendedData><Data name="elevation"><value>1975</value></Data></ExtendedData><LineString><tessellate>1</tessellate><altitudeMode>clampToGround</altitudeMode><coordinates>39.5108803,13.8520104,1975 39.5111528,13.8516456,1975 39.5111757,13.8511055,1975 39.5113478,13.8506099,1975 39.5117161,13.8502954,1975</coordinates></LineString></Placemark><Placemark><name>1975 m</name><styleUrl>#minor</styleUrl><ExtendedData><Data name="elevation"><value>1975</value></Data></ExtendedData><LineString><tessellate>1</tessellate><altitudeMode>clampToGround</altitudeMode><coordinates>39.5108803,13.8651115,1975 39.5111637,13.8654177,1975 39.5124880,13.8659578,1975 39.5123128,13.8662278,1975 39.5111082,13.8667679,1975 39.5108803,13.8669648,1975</coordinates></LineString></Placemark><Placemark><name>1975 m</name><styleUrl>#minor</styleUrl><ExtendedData><Data name="elevation"><value>1975</value></Data></ExtendedData><LineString><tessellate>1</tessellate><altitudeMode>clampToGround</altitudeMode><coordinates>39.5110474,13.8720000,1975 39.5110979,13.8718987,1975 39.5109254,13.8708186,1975 39.5108995,13.8686582,1975 39.5110990,13.8678481,1975 39.5112681,13.8675781,1975 39.5119043,13.8670882,1975 39.5124609,13.8669484,1975 39.5130174,13.8671024,1975 39.5132632,13.8667679,1975 39.5135739,13.8666591,1975 39.5149652,13.8667039,1975 39.5152435,13.8669707,1975 39.5153991,13.8664979,1975 39.5146942,13.8659578,1975 39.5138522,13.8656889,1975 39.5137030,13.8654177,1975 39.5132957,13.8651192,1975 39.5121826,13.8650323,1975 39.5119043,13.8649145,1975 39.5115185,13.8643376,1975 39.5110335,13.8616371,1975 39.5108803,13.8611946,1975</coordinates></LineString></Placemark><Placemark><name>1975 m</name><styleUrl>#minor</styleUrl><ExtendedData><Data name="elevation"><value>1975</value></Data></ExtendedData><LineString><tessellate>1</tessellate><altitudeMode>clampToGround</altitudeMode><coordinates>39.5108803,13.8548584,1975 39.5110696,13.8548750,1975 39.5127391,13.8555753,1975 39.5141304,13.8554911,1975 39.5146870,13.8550556,1975 39.5155217,13.8550172,1975 39.5163565,13.8547257,1975 39.5166800,13.8551561,1975 39.5171913,13.8553569,1975 39.5174696,13.8556580,1975 39.5177478,13.8556938,1975 39.5179571,13.8554262,1975 39.5180261,13.8548368,1975 39.5183043,13.8548171,1975 39.5185826,13.8549912,1975 39.5191391,13.8556861,1975 39.5194174,13.8557854,1975 39.5196720,13.8556962,1975 39.5201085,13.8551561,1975 39.5196519,13.8546160,1975 39.5194662,13.8538059,1975 39.5191391,13.8537001,1975 39.5190164,13.8535359,1975 39.5191391,13.8534245,1975 39.5196957,13.8533591,1975 39.5208087,13.8524137,1975 39.5212539,13.8524557,1975 39.5216435,13.8528328,1975 39.5219217,13.8528393,1975 39.5222000,13.8525319,1975 39.5224835,13.8519156,1975 39.5235913,13.8514100,1975 39.5236974,13.8511055,1975 39.5241478,13.8506703,1975 39.5248964,13.8505654,1975 39.5246113,13.8502954,1975 39.5247294,13.8500253,1975 39.5251058,13.8497553,1975 39.5248315,13.8492152,1975 39.5238696,13.8488009,1975 39.5230048,13.8481350,1975 39.5229829,13.8478650,1975 39.5233908,13.8470549,1975 39.5231447,13.8462447,1975 39.5228200,13.8457046,1975 39.5228506,13.8454346,1975 39.5227102,13.8451646,1975 39.5228178,13.8448945,1975 39.5230348,13.8446667,1975 39.5235913,13.8444010,1975 39.5238696,13.8440954,1975 39.5244261,13.8439530,1975 39.5247043,13.8440639,1975 39.5249826,13.8440272,1975 39.5251700,13.8438143,1975 39.5255391,13.8436871,1975 39.5266522,13.8435171,1975 39.5272087,13.8437910,1975 39.5279028,13.8443544,1975 39.5280435,13.8445869,1975 39.5281571,13.8443544,1975 39.5279858,13.8438143,1975 39.5280393,13.8432743,1975 39.5274742,13.8430042,1975 39.5269808,13.8421941,1975 39.5262010,13.8416540,1975 39.5238446,13.8405738,1975 39.5238124,13.8403038,1975 39.5241478,13.8399997,1975 39.5244261,13.8393173,1975 39.5245502,13.8381435,1975 39.5244261,13.8377414,1975 39.5235913,13.8368871,1975 39.5230348,13.8368824,1975 39.5227565,13.8367194,1975 39.5213652,13.8364337,1975 39.5209489,13.8362532,1975 39.5202458,13.8346329,1975 39.5210870,13.8342218,1975 39.5214877,13.8338228,1975 39.5215495,13.8335527,1975 39.5210179,13.8324726,1975 39.5209543,13.8313924,1975 39.5210870,13.8312888,1975 39.5216435,13.8317271,1975 39.5219217,13.8317407,1975 39.5227565,13.8314841,1975 39.5230348,13.8315077,1975 39.5233130,13.8313508,1975 39.5238696,13.8313361,1975 39.5244094,13.8311224,1975 39.5243888,13.8305823,1975 39.5246489,13.8300422,1975 39.5246432,13.8295021,1975 39.5248769,13.8289620,1975 39.5244732,13.8284219,1975 39.5243779,13.8278819,1975 39.5233130,13.8277953,1975 39.5222000,13.8273808,1975 39.5214730,13.8268017,1975 39.5196025,13.8257215,1975 39.5171913,13.8246836,1975 39.5167215,13.8243713,1975 39.5166684,13.8241013,1975 39.5168009,13.8240000,1975</coordinates></LineString></Placemark><Placemark><name>2000 m</name><styleUrl>#major</styleUrl><ExtendedData><Data name="elevation"><value>2000</value></Data></ExtendedData><LineString><tessellate>1</tessellate><altitudeMode>clampToGround</altitudeMode><coordinates>39.5312494,13.8513755,2000 39.5313826,13.8512881,2000 39.5315654,13.8513755,2000 39.5317079,13.8516456,2000 39.5313826,13.8517922,2000 39.5312187,13.8516456,2000 39.5312494,13.8513755,2000</coordinates></LineString></Placemark><Placemark><name>2000 m</name><styleUrl>#major</styleUrl><ExtendedData><Data name="elevation"><value>2000</value></Data></ExtendedData><LineString><tessellate>1</tessellate><altitudeMode>clampToGround</altitudeMode><coordinates>39.5248573,13.8570464,2000 39.5252609,13.8568481,2000 39.5255965,13.8570464,2000 39.5255952,13.8575865,2000 39.5252609,13.8579493,2000 39.5246152,13.8575865,2000 39.5246019,13.8573165,2000 39.5248573,13.8570464,2000</coordinates></LineString></Placemark><Placemark><name>2000 m</name><styleUrl>#major</styleUrl><ExtendedData><Data name="elevation"><value>2000</value></Data></ExtendedData><LineString><tessellate>1</tessellate><altitudeMode>clampToGround</altitudeMode><coordinates>39.5108803,13.8655895,2000 39.5113895,13.8659578,2000 39.5115059,13.8662278,2000 39.5108803,13.8666429,2000</coordinates></LineString></Placemark><Placemark><name>2000 m</name><styleUrl>#major</styleUrl><ExtendedData><Data name="elevation"><value>2000</value></Data></ExtendedData><LineString><tessellate>1</tessellate><altitudeMode>clampToGround</altitudeMode><coordinates>39.5114913,13.8720000,2000 39.5115124,13.8718987,2000 39.5113963,13.8708186,2000 39.5115235,13.8700084,2000 39.5113051,13.8691983,2000 39.5116261,13.8685190,2000 39.5119043,13.8684722,2000 39.5124609,13.8686400,2000 39.5132957,13.8682659,2000 39.5138522,13.8687138,2000 39.5141099,13.8683882,2000 39.5140940,13.8678481,2000 39.5144087,13.8677386,2000 39.5152435,13.8679382,2000 39.5171913,13.8688395,2000 39.5180261,13.8685889,2000 39.5185826,13.8687733,2000 39.5188609,13.8687062,2000 39.5196957,13.8687797,2000 39.5199132,13.8686582,2000 39.5198456,13.8683882,2000 39.5201203,13.8681181,2000 39.5196957,13.8681060,2000 39.5191391,13.8683338,2000 39.5180261,13.8679808,2000 39.5175735,13.8675781,2000 39.5168220,13.8673080,2000 39.5170506,13.8667679,2000 39.5169130,13.8665065,2000 39.5163565,13.8663927,2000 39.5146870,13.8654232,2000 39.5141304,13.8647880,2000 39.5138522,13.8649826,2000 39.5124609,13.8646760,2000 39.5122665,13.8643376,2000 39.5119043,13.8640653,2000 39.5114859,13.8624473,2000 39.5114602,13.8616371,2000 39.5110696,13.8604683,2000 39.5108803,13.8601052,2000</coordinates></LineString></Placemark><Placemark><name>2000 m</name><styleUrl>#major</styleUrl><ExtendedData><Data name="elevation"><value>2000</value></Data></ExtendedData><LineString><tessellate>1</tessellate><altitudeMode>clampToGround</altitudeMode><coordinates>39.5108803,13.8559294,2000 39.5113478,13.8561226,2000 39.5121826,13.8562723,2000 39.5127391,13.8569157,2000 39.5130174,13.8567744,2000 39.5132957,13.8563929,2000 39.5135739,13.8563436,2000 39.5138207,13.8565063,2000 39.5138522,13.8569178,2000 39.5132987,13.8575865,2000 39.5144087,13.8580208,2000 39.5149731,13.8581266,2000 39.5152509,13.8583966,2000 39.5153496,13.8586667,2000 39.5150408,13.8592068,2000 39.5152435,13.8592915,2000 39.5160783,13.8589599,2000 39.5166348,13.8591210,2000 39.5174696,13.8596443,2000 39.5183043,13.8595632,2000 39.5185826,13.8597747,2000 39.5188609,13.8596950,2000 39.5190502,13.8594768,2000 39.5190062,13.8592068,2000 39.5191391,13.8589192,2000 39.5202522,13.8588678,2000 39.5208292,13.8592068,2000 39.5210870,13.8596905,2000 39.5214703,13.8589367,2000 39.5216435,13.8588047,2000 39.5222466,13.8586667,2000 39.5227565,13.8581412,2000 39.5230348,13.8580243,2000 39.5238696,13.8585786,2000 39.5241478,13.8585418,2000 39.5247043,13.8586876,2000 39.5249826,13.8582175,2000 39.5252609,13.8584175,2000 39.5258174,13.8595405,2000 39.5260957,13.8598309,2000 39.5263739,13.8599002,2000 39.5264259,13.8594768,2000 39.5269304,13.8590774,2000 39.5274870,13.8590389,2000 39.5280435,13.8588006,2000 39.5291565,13.8590569,2000 39.5294348,13.8589718,2000 39.5299913,13.8586534,2000 39.5301064,13.8583966,2000 39.5296854,13.8575865,2000 39.5296114,13.8570464,2000 39.5297130,13.8567346,2000 39.5302696,13.8562877,2000 39.5305478,13.8558270,2000 39.5312068,13.8551561,2000 39.5316609,13.8548835,2000 39.5324460,13.8546160,2000 39.5325036,13.8543460,2000 39.5320656,13.8538059,2000 39.5320679,13.8535359,2000 39.5328123,13.8521857,2000 39.5330522,13.8518713,2000 39.5336087,13.8517896,2000 39.5341652,13.8510418,2000 39.5349458,13.8505654,2000 39.5352964,13.8500253,2000 39.5355371,13.8494852,2000 39.5354230,13.8489451,2000 39.5355243,13.8486751,2000 39.5352783,13.8484220,2000 39.5345160,13.8481350,2000 39.5347217,13.8480846,2000 39.5350000,13.8478081,2000 39.5355565,13.8480685,2000 39.5358348,13.8480284,2000 39.5359402,13.8478650,2000 39.5358348,13.8475150,2000 39.5342272,13.8470549,2000 39.5338870,13.8464498,2000 39.5336087,13.8467359,2000 39.5333518,13.8465148,2000 39.5330522,13.8460613,2000 39.5315608,13.8446245,2000 39.5312220,13.8435443,2000 39.5308261,13.8428229,2000 39.5300877,13.8427342,2000 39.5297130,13.8423295,2000 39.5291565,13.8419674,2000 39.5286000,13.8417845,2000 39.5280435,13.8412809,2000 39.5269304,13.8408957,2000 39.5258174,13.8403621,2000 39.5250866,13.8397637,2000 39.5248838,13.8392236,2000 39.5251138,13.8376034,2000 39.5255779,13.8362532,2000 39.5255202,13.8359831,2000 39.5250314,13.8354430,2000 39.5249656,13.8351730,2000 39.5258156,13.8346329,2000 39.5258156,13.8343629,2000 39.5252474,13.8335527,2000 39.5250710,13.8330127,2000 39.5252609,13.8325599,2000 39.5258174,13.8322760,2000 39.5260957,13.8322560,2000 39.5269304,13.8326726,2000 39.5269846,13.8324726,2000 39.5266469,13.8313924,2000 39.5261915,13.8308523,2000 39.5264709,13.8305823,2000 39.5274870,13.8304397,2000 39.5279188,13.8308523,2000 39.5284490,13.8311224,2000 39.5291565,13.8318132,2000 39.5297130,13.8321546,2000 39.5298405,13.8319325,2000 39.5298976,13.8308523,2000 39.5310638,13.8295021,2000 39.5302538,13.8289620,2000 39.5291565,13.8286065,2000 39.5272087,13.8276113,2000 39.5258174,13.8267015,2000 39.5252609,13.8265924,2000 39.5235913,13.8270835,2000 39.5227565,13.8270105,2000 39.5208087,13.8260766,2000 39.5196957,13.8252889,2000 39.5189124,13.8249114,2000 39.5186942,13.8246414,2000 39.5213652,13.8243805,2000 39.5217931,13.8241013,2000 39.5215957,13.8240000,2000</coordinates></LineString></Placemark><Placemark><name>2025 m</name><styleUrl>#minor</styleUrl><ExtendedData><Data name="elevation"><value>2025</value></Data></ExtendedData><LineString><tessellate>1</tessellate><altitudeMode>clampToGround</altitudeMode><coordinates>39.5108803,13.8661366,2025 39.5109370,13.8662278,2025 39.5108803,13.8662645,2025</coordinates></LineString></Placemark><Placemark><name>2025 m</name><styleUrl>#minor</styleUrl><ExtendedData><Data name="elevation"><value>2025</value></Data></ExtendedData><LineString><tessellate>1</tessellate><altitudeMode>clampToGround</altitudeMode><coordinates>39.5293181,13.8605570,2025 39.5297612,13.8605570,2025 39.5294348,13.8612441,2025 39.5290812,13.8608270,2025 39.5293181,13.8605570,2025</coordinates></LineString></Placemark><Placemark><name>2025 m</name><styleUrl>#minor</styleUrl><ExtendedData><Data name="elevation"><value>2025</value></Data></ExtendedData><LineString><tessellate>1</tessellate><altitudeMode>clampToGround</altitudeMode><coordinates>39.5266522,13.8678329,2025 39.5263828,13.8678481,2025 39.5266522,13.8679222,2025 39.5267498,13.8678481,2025 39.5266522,13.8678329,2025</coordinates></LineString></Placemark><Placemark><name>2025 m</name><styleUrl>#minor</styleUrl><ExtendedData><Data name="elevation"><value>2025</value></Data></ExtendedData><LineString><tessellate>1</tessellate><altitudeMode>clampToGround</altitudeMode><coordinates>39.5118329,13.8720000,2025 39.5118651,13.8713586,2025 39.5117604,13.8708186,2025 39.5120279,13.8700084,2025 39.5119043,13.8693480,2025 39.5121826,13.8692134,2025 39.5130174,13.8692694,2025 39.5132957,13.8696905,2025 39.5135739,13.8696311,2025 39.5145910,13.8691983,2025 39.5146338,13.8683882,2025 39.5149652,13.8683275,2025 39.5155217,13.8684845,2025 39.5166348,13.8690227,2025 39.5171913,13.8694991,2025 39.5174696,13.8694779,2025 39.5177478,13.8691488,2025 39.5180261,13.8690084,2025 39.5185826,13.8694357,2025 39.5191391,13.8694058,2025 39.5194174,13.8701112,2025 39.5196957,13.8699821,2025 39.5205040,13.8691983,2025 39.5205304,13.8686402,2025 39.5219217,13.8676936,2025 39.5233130,13.8675240,2025 39.5244261,13.8679593,2025 39.5252609,13.8684283,2025 39.5256757,13.8683882,2025 39.5258822,13.8681181,2025 39.5252609,13.8679593,2025 39.5243778,13.8673080,2025 39.5233130,13.8667769,2025 39.5219217,13.8671210,2025 39.5208087,13.8670689,2025 39.5199739,13.8677292,2025 39.5188609,13.8679293,2025 39.5185826,13.8678076,2025 39.5176872,13.8670380,2025 39.5174696,13.8659303,2025 39.5171913,13.8658515,2025 39.5166348,13.8660978,2025 39.5163565,13.8660203,2025 39.5150924,13.8651477,2025 39.5145614,13.8643376,2025 39.5144087,13.8636368,2025 39.5141304,13.8634054,2025 39.5135739,13.8644756,2025 39.5130768,13.8643376,2025 39.5127391,13.8638832,2025 39.5122263,13.8635274,2025 39.5117742,13.8624473,2025 39.5118247,13.8616371,2025 39.5112666,13.8600169,2025 39.5109359,13.8594768,2025 39.5108803,13.8589793,2025</coordinates></LineString></Placemark><Placemark><name>2025 m</name><styleUrl>#minor</styleUrl><ExtendedData><Data name="elevation"><value>2025</value></Data></ExtendedData><LineString><tessellate>1</tessellate><altitudeMode>clampToGround</altitudeMode><coordinates>39.5108803,13.8579017,2025 39.5110696,13.8574556,2025 39.5116261,13.8573295,2025 39.5118844,13.8575865,2025 39.5116905,13.8583966,2025 39.5119043,13.8585522,2025 39.5124609,13.8587081,2025 39.5130174,13.8591584,2025 39.5136986,13.8592068,2025 39.5138576,13.8594768,2025 39.5137562,13.8597468,2025 39.5130924,13.8602869,2025 39.5130787,13.8605570,2025 39.5132957,13.8606962,2025 39.5138522,13.8607883,2025 39.5140814,13.8613671,2025 39.5144087,13.8617241,2025 39.5146281,13.8605570,2025 39.5146870,13.8604300,2025 39.5149652,13.8603230,2025 39.5155217,13.8603501,2025 39.5157317,13.8605570,2025 39.5158000,13.8608676,2025 39.5163565,13.8606215,2025 39.5171913,13.8607445,2025 39.5174696,13.8610317,2025 39.5177478,13.8618331,2025 39.5183043,13.8613591,2025 39.5185826,13.8612543,2025 39.5194174,13.8615505,2025 39.5199739,13.8625903,2025 39.5202522,13.8627754,2025 39.5204704,13.8627173,2025 39.5204596,13.8621772,2025 39.5205700,13.8619072,2025 39.5216435,13.8616296,2025 39.5227565,13.8616586,2025 39.5233130,13.8618110,2025 39.5238696,13.8616995,2025 39.5247043,13.8618945,2025 39.5249826,13.8619689,2025 39.5252105,13.8621772,2025 39.5260957,13.8637315,2025 39.5269304,13.8644795,2025 39.5274870,13.8651469,2025 39.5283217,13.8655598,2025 39.5288783,13.8652514,2025 39.5294348,13.8652336,2025 39.5298499,13.8656878,2025 39.5302696,13.8663876,2025 39.5319849,13.8662278,2025 39.5326050,13.8659578,2025 39.5316609,13.8659159,2025 39.5311489,13.8656878,2025 39.5305478,13.8651801,2025 39.5302954,13.8646076,2025 39.5294095,13.8640675,2025 39.5292157,13.8635274,2025 39.5294348,13.8632012,2025 39.5302696,13.8627284,2025 39.5308261,13.8624925,2025 39.5316609,13.8625528,2025 39.5322174,13.8621610,2025 39.5324957,13.8622140,2025 39.5330522,13.8627416,2025 39.5331407,13.8627173,2025 39.5333813,13.8624473,2025 39.5333304,13.8620498,2025 39.5327331,13.8613671,2025 39.5327739,13.8611906,2025 39.5333304,13.8609896,2025 39.5339791,13.8602869,2025 39.5340049,13.8597468,2025 39.5341652,13.8594364,2025 39.5350000,13.8587832,2025 39.5357956,13.8586667,2025 39.5355577,13.8583966,2025 39.5355269,13.8581266,2025 39.5357410,13.8578565,2025 39.5361130,13.8578553,2025 39.5366696,13.8582418,2025 39.5378593,13.8578565,2025 39.5380559,13.8575865,2025 39.5376516,13.8570464,2025 39.5375095,13.8565063,2025 39.5383391,13.8564161,2025 39.5389883,13.8559662,2025 39.5389298,13.8556962,2025 39.5369478,13.8543861,2025 39.5363633,13.8538059,2025 39.5363418,13.8535359,2025 39.5369478,13.8533674,2025 39.5383391,13.8533404,2025 39.5400087,13.8529296,2025 39.5403280,13.8529958,2025 39.5414000,13.8522038,2025 39.5415101,13.8519156,2025 39.5422348,13.8511523,2025 39.5430696,13.8507226,2025 39.5436261,13.8507518,2025 39.5444609,13.8505963,2025 39.5450174,13.8507503,2025 39.5458171,13.8505654,2025 39.5433478,13.8499804,2025 39.5430696,13.8497527,2025 39.5425130,13.8499037,2025 39.5408435,13.8495203,2025 39.5407694,13.8494852,2025 39.5409363,13.8492152,2025 39.5409434,13.8489451,2025 39.5408435,13.8487759,2025 39.5400087,13.8486305,2025 39.5391739,13.8480485,2025 39.5377826,13.8478657,2025 39.5370162,13.8475949,2025 39.5368623,13.8473249,2025 39.5369782,13.8465148,2025 39.5365359,13.8462447,2025 39.5358348,13.8461768,2025 39.5354695,13.8459747,2025 39.5354222,13.8457046,2025 39.5360713,13.8451646,2025 39.5358348,13.8450507,2025 39.5344435,13.8449773,2025 39.5337580,13.8443544,2025 39.5335246,13.8438143,2025 39.5329364,13.8435443,2025 39.5318421,13.8432743,2025 39.5315654,13.8430042,2025 39.5313826,13.8423926,2025 39.5305478,13.8421505,2025 39.5297130,13.8414007,2025 39.5291565,13.8413476,2025 39.5283217,13.8408007,2025 39.5260957,13.8400027,2025 39.5254416,13.8394937,2025 39.5251878,13.8389536,2025 39.5253984,13.8378734,2025 39.5261673,13.8365232,2025 39.5260957,13.8361905,2025 39.5256341,13.8354430,2025 39.5261708,13.8349030,2025 39.5262706,13.8346329,2025 39.5260802,13.8338228,2025 39.5255096,13.8332827,2025 39.5255675,13.8330127,2025 39.5258174,13.8327883,2025 39.5260957,13.8327634,2025 39.5266522,13.8331139,2025 39.5272087,13.8331821,2025 39.5277652,13.8334880,2025 39.5278203,13.8330127,2025 39.5274350,13.8322025,2025 39.5273464,13.8316624,2025 39.5274870,13.8314067,2025 39.5280435,13.8315682,2025 39.5286000,13.8318975,2025 39.5288783,13.8324600,2025 39.5294348,13.8331945,2025 39.5297130,13.8332023,2025 39.5304848,13.8338228,2025 39.5305478,13.8341162,2025 39.5306502,13.8335527,2025 39.5303012,13.8324726,2025 39.5303910,13.8316624,2025 39.5305478,13.8313330,2025 39.5308261,13.8310968,2025 39.5313826,13.8309805,2025 39.5321153,13.8311224,2025 39.5324957,13.8313792,2025 39.5331851,13.8322025,2025 39.5338870,13.8334554,2025 39.5341652,13.8334509,2025 39.5342416,13.8332827,2025 39.5341652,13.8327381,2025 39.5337523,13.8311224,2025 39.5331614,13.8300422,2025 39.5322174,13.8293040,2025 39.5309370,13.8286920,2025 39.5291565,13.8280783,2025 39.5272087,13.8271608,2025 39.5261163,13.8259916,2025 39.5249826,13.8258814,2025 39.5246329,13.8262616,2025 39.5241488,13.8265316,2025 39.5233130,13.8267653,2025 39.5224924,13.8265316,2025 39.5215257,13.8259916,2025 39.5213470,13.8257215,2025 39.5235913,13.8253654,2025 39.5249826,13.8254501,2025 39.5250388,13.8251814,2025 39.5247043,13.8249276,2025 39.5243633,13.8243713,2025 39.5238654,13.8240000,2025</coordinates></LineString></Placemark><Placemark><name>2050 m</name><styleUrl>#minor</styleUrl><ExtendedData><Data name="elevation"><value>2050</value></Data></ExtendedData><LineString><tessellate>1</tessellate><altitudeMode>clampToGround</altitudeMode><coordinates>39.5117575,13.8597468,2050 39.5119043,13.8596451,2050 39.5122328,13.8597468,2050 39.5123171,13.8600169,2050 39.5122010,13.8605570,2050 39.5123130,13.8608270,2050 39.5132955,13.8619072,2050 39.5135007,13.8627173,2050 39.5134696,13.8629873,2050 39.5132957,13.8632190,2050 39.5127391,13.8632462,2050 39.5124609,13.8630486,2050 39.5121826,13.8626477,2050 39.5121266,13.8621772,2050 39.5122813,13.8616371,2050 39.5119043,13.8607960,2050 39.5117120,13.8600169,2050 39.5117575,13.8597468,2050</coordinates></LineString></Placemark><Placemark><name>2050 m</name><styleUrl>#minor</styleUrl><ExtendedData><Data name="elevation"><value>2050</value></Data></ExtendedData><LineString><tessellate>1</tessellate><altitudeMode>clampToGround</altitudeMode><coordinates>39.5162944,13.8616371,2050 39.5163565,13.8614405,2050 39.5166348,13.8613720,2050 39.5169130,13.8614481,2050 39.5174696,13.8626869,2050 39.5177478,13.8630728,2050 39.5180261,13.8631057,2050 39.5182196,13.8629873,2050 39.5183043,13.8623361,2050 39.5184667,13.8621772,2050 39.5185826,13.8621226,2050 39.5191391,13.8623797,2050 39.5193528,13.8627173,2050 39.5196957,13.8638431,2050 39.5205304,13.8648885,2050 39.5209707,13.8640675,2050 39.5214234,13.8635274,2050 39.5212591,13.8629873,2050 39.5213652,13.8626846,2050 39.5222000,13.8624974,2050 39.5227565,13.8625520,2050 39.5231388,13.8627173,2050 39.5233130,13.8633367,2050 39.5235913,13.8633587,2050 39.5241478,13.8626345,2050 39.5244261,13.8625916,2050 39.5247043,13.8626935,2050 39.5252609,13.8640682,2050 39.5257590,13.8646076,2050 39.5264697,13.8651477,2050 39.5267765,13.8656878,2050 39.5267874,13.8659578,2050 39.5279987,13.8667679,2050 39.5280095,13.8670380,2050 39.5278144,13.8673080,2050 39.5274870,13.8674488,2050 39.5260957,13.8672930,2050 39.5255391,13.8674390,2050 39.5235913,13.8664104,2050 39.5233130,13.8664120,2050 39.5216435,13.8668444,2050 39.5208087,13.8665815,2050 39.5202522,13.8672354,2050 39.5199739,13.8674129,2050 39.5194174,13.8673920,2050 39.5191391,13.8675861,2050 39.5188609,13.8675913,2050 39.5182922,13.8670380,2050 39.5179098,13.8659578,2050 39.5174696,13.8654735,2050 39.5171913,13.8653011,2050 39.5166348,13.8657864,2050 39.5162445,13.8656878,2050 39.5153579,13.8648776,2050 39.5149013,13.8640675,2050 39.5149759,13.8632574,2050 39.5148870,13.8627173,2050 39.5151153,13.8619072,2050 39.5152435,13.8616848,2050 39.5160783,13.8622245,2050 39.5162944,13.8616371,2050</coordinates></LineString></Placemark><Placemark><name>2050 m</name><styleUrl>#minor</styleUrl><ExtendedData><Data name="elevation"><value>2050</value></Data></ExtendedData><LineString><tessellate>1</tessellate><altitudeMode>clampToGround</altitudeMode><coordinates>39.5303500,13.8635274,2050 39.5305478,13.8633471,2050 39.5311043,13.8634266,2050 39.5319391,13.8644013,2050 39.5322174,13.8643222,2050 39.5324957,13.8639677,2050 39.5327739,13.8639282,2050 39.5329709,13.8643376,2050 39.5328682,13.8648776,2050 39.5319391,13.8648971,2050 39.5316609,13.8648052,2050 39.5303500,13.8635274,2050</coordinates></LineString></Placemark><Placemark><name>2050 m</name><styleUrl>#minor</styleUrl><ExtendedData><Data name="elevation"><value>2050</value></Data></ExtendedData><LineString><tessellate>1</tessellate><altitudeMode>clampToGround</altitudeMode><coordinates>39.5294090,13.8662278,2050 39.5294348,13.8662915,2050</coordinates></LineString></Placemark><Placemark><name>2050 m</name><styleUrl>#minor</styleUrl><ExtendedData><Data name="elevation"><value>2050</value></Data></ExtendedData><LineString><tessellate>1</tessellate><altitudeMode>clampToGround</altitudeMode><coordinates>39.5121442,13.8720000,2050 39.5121371,13.8718987,2050 39.5122588,13.8708186,2050 39.5127391,13.8704094,2050 39.5135739,13.8703485,2050 39.5144087,13.8698568,2050 39.5149652,13.8696655,2050 39.5151804,13.8694684,2050 39.5153516,13.8689283,2050 39.5158000,13.8689350,2050 39.5163565,13.8691491,2050 39.5171913,13.8698482,2050 39.5174696,13.8698804,2050 39.5180261,13.8696534,2050 39.5188609,13.8700368,2050 39.5194174,13.8709568,2050 39.5196957,13.8708904,2050 39.5201265,13.8705485,2050 39.5202901,13.8700084,2050 39.5205304,13.8697355,2050 39.5213838,13.8694684,2050 39.5213322,13.8691983,2050 39.5209974,13.8689283,2050 39.5210870,13.8688070,2050 39.5216435,13.8686247,2050 39.5219217,13.8680822,2050 39.5222000,13.8679341,2050 39.5230348,13.8678773,2050 39.5233130,13.8679717,2050 39.5238696,13.8683712,2050 39.5244261,13.8685452,2050 39.5249826,13.8690620,2050 39.5252609,13.8690667,2050 39.5255391,13.8688922,2050 39.5260957,13.8687969,2050 39.5263657,13.8694684,2050 39.5266522,13.8695935,2050 39.5269304,13.8689432,2050 39.5272087,13.8689110,2050 39.5274870,13.8691301,2050 39.5277652,13.8691521,2050 39.5284415,13.8686582,2050 39.5286129,13.8678481,2050 39.5291565,13.8667771,2050 39.5297130,13.8672018,2050 39.5305478,13.8673561,2050 39.5311043,13.8672825,2050 39.5316609,13.8669723,2050 39.5327739,13.8669436,2050 39.5333304,13.8668007,2050 39.5338870,13.8671716,2050 39.5344435,13.8671675,2050 39.5347937,13.8675781,2050 39.5351115,13.8686582,2050 39.5354188,13.8686582,2050 39.5353077,13.8662278,2050 39.5344435,13.8656318,2050 39.5339969,13.8651477,2050 39.5340677,13.8648776,2050 39.5344775,13.8646076,2050 39.5341652,13.8643446,2050 39.5340555,13.8640675,2050 39.5341652,13.8636583,2050 39.5344435,13.8632958,2050 39.5347227,13.8632574,2050 39.5354529,13.8621772,2050 39.5352783,13.8618582,2050 39.5350000,13.8618093,2050 39.5344435,13.8619783,2050 39.5343012,13.8619072,2050 39.5343408,13.8616371,2050 39.5347217,13.8613152,2050 39.5355565,13.8611176,2050 39.5372261,13.8613775,2050 39.5377826,13.8616345,2050 39.5383391,13.8612321,2050 39.5388957,13.8611359,2050 39.5391739,13.8613103,2050 39.5393722,13.8610970,2050 39.5394522,13.8607991,2050 39.5383576,13.8600169,2050 39.5375043,13.8601780,2050 39.5369870,13.8600169,2050 39.5369399,13.8597468,2050 39.5371697,13.8592068,2050 39.5375043,13.8590200,2050 39.5380609,13.8592311,2050 39.5383391,13.8592005,2050 39.5386174,13.8589009,2050 39.5388957,13.8588382,2050 39.5391739,13.8589767,2050 39.5394522,13.8588662,2050 39.5396299,13.8589367,2050 39.5397304,13.8592152,2050 39.5402870,13.8591517,2050 39.5405098,13.8589367,2050 39.5408435,13.8580049,2050 39.5411521,13.8578565,2050 39.5416783,13.8578239,2050 39.5419565,13.8576373,2050 39.5425773,13.8567764,2050 39.5405652,13.8560856,2050 39.5395466,13.8551561,2050 39.5386174,13.8548333,2050 39.5373499,13.8540759,2050 39.5373117,13.8538059,2050 39.5377826,13.8537400,2050 39.5383391,13.8538411,2050 39.5406337,13.8535359,2050 39.5416509,13.8529958,2050 39.5419989,13.8521857,2050 39.5430696,13.8514071,2050 39.5433478,13.8513162,2050 39.5452957,13.8514423,2050 39.5461304,13.8511619,2050 39.5472435,13.8514351,2050 39.5475964,13.8513755,2050 39.5480666,13.8511055,2050 39.5475217,13.8510113,2050 39.5469652,13.8505646,2050 39.5461304,13.8501835,2050 39.5441826,13.8498590,2050 39.5430696,13.8495100,2050 39.5422348,13.8494837,2050 39.5416783,13.8492833,2050 39.5415854,13.8492152,2050 39.5418230,13.8484051,2050 39.5417085,13.8475949,2050 39.5411217,13.8474595,2050 39.5405652,13.8478943,2050 39.5397304,13.8476071,2050 39.5391739,13.8470972,2050 39.5388957,13.8469854,2050 39.5377826,13.8471419,2050 39.5376096,13.8470549,2050 39.5377546,13.8465148,2050 39.5375767,13.8462447,2050 39.5364796,13.8457046,2050 39.5368989,13.8448945,2050 39.5368112,13.8446245,2050 39.5352783,13.8447475,2050 39.5347596,13.8446245,2050 39.5341652,13.8438762,2050 39.5338870,13.8432437,2050 39.5336087,13.8430809,2050 39.5322174,13.8429521,2050 39.5320617,13.8427342,2050 39.5320987,13.8421941,2050 39.5319391,13.8418554,2050 39.5316609,13.8417106,2050 39.5308261,13.8416116,2050 39.5299913,13.8409724,2050 39.5263739,13.8397624,2050 39.5256708,13.8392236,2050 39.5254808,13.8389536,2050 39.5255391,13.8384010,2050 39.5263739,13.8370254,2050 39.5265105,13.8365232,2050 39.5261038,13.8354430,2050 39.5263739,13.8351730,2050 39.5266522,13.8342731,2050 39.5268625,13.8340928,2050 39.5269304,13.8340525,2050 39.5272087,13.8343303,2050 39.5277652,13.8344303,2050 39.5278522,13.8343629,2050 39.5281503,13.8335527,2050 39.5283217,13.8326357,2050 39.5288783,13.8330534,2050 39.5291565,13.8340136,2050 39.5294348,13.8340288,2050 39.5297130,13.8337826,2050 39.5300821,13.8340928,2050 39.5302696,13.8346050,2050 39.5305478,13.8345606,2050 39.5311410,13.8343629,2050 39.5306777,13.8324726,2050 39.5308261,13.8319386,2050 39.5313826,13.8318853,2050 39.5319391,13.8320448,2050 39.5324957,13.8323080,2050 39.5334746,13.8338228,2050 39.5338384,13.8349030,2050 39.5341652,13.8351749,2050 39.5344435,13.8352574,2050 39.5349448,13.8346329,2050 39.5350083,13.8338228,2050 39.5354049,13.8332827,2050 39.5348770,13.8327426,2050 39.5338988,13.8303122,2050 39.5333304,13.8296408,2050 39.5322174,13.8288521,2050 39.5283217,13.8273509,2050 39.5271560,13.8265316,2050 39.5265053,13.8251814,2050 39.5270570,13.8241013,2050 39.5260957,13.8240556,2050 39.5252609,13.8242457,2050 39.5248155,13.8240000,2050</coordinates></LineString></Placemark><Placemark><name>2075 m</name><styleUrl>#minor</styleUrl><ExtendedData><Data name="elevation"><value>2075</value></Data></ExtendedData><LineString><tessellate>1</tessellate><altitudeMode>clampToGround</altitudeMode><coordinates>39.5361051,13.8619072,2075 39.5361992,13.8619072,2075</coordinates></LineString></Placemark><Placemark><name>2075 m</name><styleUrl>#minor</styleUrl><ExtendedData><Data name="elevation"><value>2075</value></Data></ExtendedData><LineString><tessellate>1</tessellate><altitudeMode>clampToGround</altitudeMode><coordinates>39.5155426,13.8635274,2075 39.5158000,13.8633053,2075 39.5163565,13.8639184,2075 39.5166348,13.8640362,2075 39.5171913,13.8633718,2075 39.5177478,13.8636387,2075 39.5183043,13.8637267,2075 39.5188609,13.8635769,2075 39.5194174,13.8644994,2075 39.5199739,13.8649017,2075 39.5202522,13.8653505,2075 39.5205304,13.8655798,2075 39.5208087,13.8654621,2075 39.5210905,13.8651477,2075 39.5212615,13.8648776,2075 39.5212737,13.8643376,2075 39.5222000,13.8633468,2075 39.5227565,13.8633401,2075 39.5230348,13.8642500,2075 39.5233130,13.8643286,2075 39.5238811,13.8640675,2075 39.5241478,13.8634234,2075 39.5244261,13.8632715,2075 39.5246426,13.8635274,2075 39.5247148,13.8640675,2075 39.5248671,13.8643376,2075 39.5260997,13.8656878,2075 39.5261016,13.8662278,2075 39.5255391,13.8667581,2075 39.5244261,13.8664881,2075 39.5235913,13.8659996,2075 39.5219217,13.8665408,2075 39.5216435,13.8665509,2075 39.5208087,13.8661301,2075 39.5205304,13.8662840,2075 39.5199739,13.8670333,2075 39.5194174,13.8669964,2075 39.5188609,13.8672264,2075 39.5185598,13.8667679,2075 39.5183624,13.8656878,2075 39.5177478,13.8653246,2075 39.5171913,13.8646484,2075 39.5169130,13.8644485,2075 39.5166348,13.8645897,2075 39.5165894,13.8651477,2075 39.5163565,13.8653943,2075 39.5158000,13.8649274,2075 39.5153593,13.8640675,2075 39.5155426,13.8635274,2075</coordinates></LineString></Placemark><Placemark><name>2075 m</name><styleUrl>#minor</styleUrl><ExtendedData><Data name="elevation"><value>2075</value></Data></ExtendedData><LineString><tessellate>1</tessellate><altitudeMode>clampToGround</altitudeMode><coordinates>39.5125196,13.8720000,2075 39.5125477,13.8716287,2075 39.5127212,13.8710886,2075 39.5130174,13.8708761,2075 39.5135739,13.8708694,2075 39.5141304,13.8706212,2075 39.5146870,13.8701811,2075 39.5152435,13.8699472,2075 39.5158000,13.8693635,2075 39.5163320,13.8694684,2075 39.5171913,13.8701196,2075 39.5180261,13.8700946,2075 39.5183043,13.8702462,2075 39.5188609,13.8706296,2075 39.5194174,13.8714616,2075 39.5196957,13.8715411,2075 39.5205147,13.8710886,2075 39.5208087,13.8700789,2075 39.5222377,13.8697384,2075 39.5222630,13.8686582,2075 39.5224783,13.8683145,2075 39.5230348,13.8682881,2075 39.5235913,13.8687526,2075 39.5241478,13.8689396,2075 39.5247043,13.8694867,2075 39.5258174,13.8698148,2075 39.5269304,13.8703747,2075 39.5274870,13.8703364,2075 39.5277652,13.8705915,2075 39.5279950,13.8702785,2075 39.5279833,13.8700084,2075 39.5283217,13.8692992,2075 39.5290157,13.8691983,2075 39.5290169,13.8681181,2075 39.5291565,13.8679359,2075 39.5297130,13.8677727,2075 39.5305478,13.8679537,2075 39.5311043,13.8678661,2075 39.5316609,13.8674369,2075 39.5330522,13.8674982,2075 39.5334350,13.8678481,2075 39.5333372,13.8683882,2075 39.5335524,13.8686582,2075 39.5344435,13.8680183,2075 39.5346668,13.8683882,2075 39.5347217,13.8688207,2075 39.5352783,13.8690275,2075 39.5358348,13.8690172,2075 39.5369478,13.8684494,2075 39.5372852,13.8683882,2075 39.5366696,13.8683349,2075 39.5361130,13.8684593,2075 39.5359438,13.8683882,2075 39.5358182,13.8681181,2075 39.5357121,13.8662278,2075 39.5352758,13.8656878,2075 39.5355565,13.8654660,2075 39.5363913,13.8655529,2075 39.5366696,13.8654526,2075 39.5369886,13.8651477,2075 39.5369478,13.8650274,2075 39.5363913,13.8648173,2075 39.5352783,13.8646557,2075 39.5351128,13.8643376,2075 39.5352783,13.8641325,2075 39.5361985,13.8637975,2075 39.5360171,13.8632574,2075 39.5360410,13.8629873,2075 39.5363577,13.8624473,2075 39.5363030,13.8621772,2075 39.5363913,13.8620094,2075 39.5369478,13.8620853,2075 39.5375043,13.8624943,2075 39.5377826,13.8623813,2075 39.5379901,13.8624473,2075 39.5383391,13.8629193,2075 39.5391739,13.8623714,2075 39.5397304,13.8621907,2075 39.5402870,13.8612198,2075 39.5408435,13.8606850,2075 39.5412177,13.8605570,2075 39.5407501,13.8600169,2075 39.5410503,13.8594768,2075 39.5411615,13.8589367,2075 39.5414000,13.8586910,2075 39.5419565,13.8585649,2075 39.5423057,13.8581266,2075 39.5429750,13.8575865,2075 39.5431571,13.8567764,2075 39.5430194,13.8565063,2075 39.5422348,13.8563770,2075 39.5408435,13.8557806,2075 39.5389600,13.8543460,2075 39.5397304,13.8538690,2075 39.5405652,13.8537243,2075 39.5422293,13.8529958,2075 39.5423993,13.8524557,2075 39.5436261,13.8517829,2075 39.5439043,13.8517223,2075 39.5450174,13.8518535,2075 39.5461304,13.8514695,2075 39.5475217,13.8516843,2075 39.5496652,13.8511055,2075 39.5489130,13.8508281,2075 39.5483565,13.8508515,2075 39.5475217,13.8507123,2075 39.5461304,13.8499544,2075 39.5444609,13.8497306,2075 39.5433478,13.8493470,2075 39.5425130,13.8492038,2075 39.5421811,13.8489451,2075 39.5422037,13.8475949,2075 39.5419565,13.8472576,2075 39.5411217,13.8471091,2075 39.5402870,13.8472769,2075 39.5397304,13.8472346,2075 39.5391739,13.8467415,2075 39.5383233,13.8465148,2075 39.5377826,13.8459951,2075 39.5372864,13.8457046,2075 39.5371054,13.8454346,2075 39.5373597,13.8448945,2075 39.5375043,13.8447766,2075 39.5380609,13.8447462,2075 39.5382439,13.8446245,2075 39.5380609,13.8442324,2075 39.5378235,13.8440844,2075 39.5366696,13.8440099,2075 39.5363913,13.8440556,2075 39.5361130,13.8443335,2075 39.5358348,13.8444222,2075 39.5353441,13.8443544,2075 39.5345885,13.8438143,2075 39.5341652,13.8429544,2075 39.5338354,13.8427342,2075 39.5330168,13.8424641,2075 39.5322002,13.8413840,2075 39.5308674,13.8411139,2075 39.5299913,13.8405426,2075 39.5294348,13.8404572,2075 39.5266052,13.8394937,2075 39.5261780,13.8392236,2075 39.5259911,13.8389536,2075 39.5261924,13.8378734,2075 39.5268343,13.8367932,2075 39.5268613,13.8365232,2075 39.5265672,13.8357131,2075 39.5273305,13.8349030,2075 39.5275265,13.8349030,2075 39.5277652,13.8352930,2075 39.5280435,13.8352226,2075 39.5286000,13.8339287,2075 39.5291565,13.8346284,2075 39.5294348,13.8347734,2075 39.5297130,13.8346948,2075 39.5299913,13.8350373,2075 39.5302696,13.8351720,2075 39.5305478,13.8351037,2075 39.5308261,13.8348768,2075 39.5313826,13.8350152,2075 39.5315838,13.8343629,2075 39.5313803,13.8338228,2075 39.5313826,13.8331065,2075 39.5316609,13.8330161,2075 39.5322174,13.8331688,2075 39.5324957,13.8333601,2075 39.5329406,13.8340928,2075 39.5330877,13.8349030,2075 39.5338112,13.8357131,2075 39.5338870,13.8362640,2075 39.5341652,13.8363859,2075 39.5349304,13.8362532,2075 39.5354800,13.8357131,2075 39.5361648,13.8354430,2075 39.5357103,13.8349030,2075 39.5354356,13.8343629,2075 39.5354949,13.8340928,2075 39.5358736,13.8338228,2075 39.5359143,13.8332827,2075 39.5349625,13.8319325,2075 39.5340896,13.8300422,2075 39.5333725,13.8292321,2075 39.5322174,13.8285121,2075 39.5299913,13.8275499,2075 39.5285276,13.8270717,2075 39.5274695,13.8262616,2075 39.5271233,13.8254515,2075 39.5272087,13.8250026,2075 39.5274870,13.8247515,2075 39.5280435,13.8248191,2075 39.5283217,13.8247360,2075 39.5285621,13.8243713,2075 39.5290473,13.8240000,2075</coordinates></LineString></Placemark><Placemark><name>2100 m</name><styleUrl>#minor</styleUrl><ExtendedData><Data name="elevation"><value>2100</value></Data></ExtendedData><LineString><tessellate>1</tessellate><altitudeMode>clampToGround</altitudeMode><coordinates>39.5223250,13.8640675,2100 39.5224783,13.8640513,2100 39.5227290,13.8646076,2100 39.5230348,13.8647479,2100 39.5235913,13.8647322,2100 39.5244261,13.8644144,2100 39.5255079,13.8656878,2100 39.5255391,13.8659773,2100 39.5252609,13.8662713,2100 39.5247043,13.8662755,2100 39.5235913,13.8655720,2100 39.5230348,13.8659072,2100 39.5222000,13.8662201,2100 39.5216435,13.8662412,2100 39.5213652,13.8660866,2100 39.5212125,13.8656878,2100 39.5216435,13.8651335,2100 39.5217503,13.8648776,2100 39.5217170,13.8646076,2100 39.5218471,13.8643376,2100 39.5223250,13.8640675,2100</coordinates></LineString></Placemark><Placemark><name>2100 m</name><styleUrl>#minor</styleUrl><ExtendedData><Data name="elevation"><value>2100</value></Data></ExtendedData><LineString><tessellate>1</tessellate><altitudeMode>clampToGround</altitudeMode><coordinates>39.5179069,13.8646076,2100 39.5180261,13.8644473,2100 39.5185826,13.8645372,2100 39.5189062,13.8648776,2100 39.5189967,13.8651477,2100 39.5180261,13.8649498,2100 39.5179069,13.8646076,2100</coordinates></LineString></Placemark><Placemark><name>2100 m</name><styleUrl>#minor</styleUrl><ExtendedData><Data name="elevation"><value>2100</value></Data></ExtendedData><LineString><tessellate>1</tessellate><altitudeMode>clampToGround</altitudeMode><coordinates>39.5191200,13.8654177,2100 39.5191391,13.8652862,2100 39.5196957,13.8654977,2100 39.5200750,13.8659578,2100 39.5201171,13.8662278,2100 39.5199739,13.8665283,2100 39.5191391,13.8666276,2100 39.5189368,13.8664979,2100 39.5191200,13.8654177,2100</coordinates></LineString></Placemark><Placemark><name>2100 m</name><styleUrl>#minor</styleUrl><ExtendedData><Data name="elevation"><value>2100</value></Data></ExtendedData><LineString><tessellate>1</tessellate><altitudeMode>clampToGround</altitudeMode><coordinates>39.5287318,13.8697384,2100 39.5289587,13.8697384,2100 39.5288783,13.8699233,2100 39.5287318,13.8697384,2100</coordinates></LineString></Placemark><Placemark><name>2100 m</name><styleUrl>#minor</styleUrl><ExtendedData><Data name="elevation"><value>2100</value></Data></ExtendedData><LineString><tessellate>1</tessellate><altitudeMode>clampToGround</altitudeMode><coordinates>39.5285633,13.8710886,2100 39.5288783,13.8709887,2100 39.5290311,13.8710886,2100 39.5292167,13.8716287,2100 39.5291565,13.8719950,2100 39.5288783,13.8719922,2100 39.5286000,13.8718206,2100 39.5284955,13.8716287,2100 39.5285633,13.8710886,2100</coordinates></LineString></Placemark><Placemark><name>2100 m</name><styleUrl>#minor</styleUrl><ExtendedData><Data name="elevation"><value>2100</value></Data></ExtendedData><LineString><tessellate>1</tessellate><altitudeMode>clampToGround</altitudeMode><coordinates>39.5128476,13.8720000,2100 39.5130022,13.8713586,2100 39.5132957,13.8712406,2100 39.5138522,13.8712641,2100 39.5141304,13.8711305,2100 39.5158000,13.8699315,2100 39.5160783,13.8698204,2100 39.5169130,13.8703484,2100 39.5180261,13.8704698,2100 39.5186063,13.8708186,2100 39.5191391,13.8718885,2100 39.5196957,13.8719744,2100 39.5199739,13.8719345,2100 39.5208087,13.8714824,2100 39.5211262,13.8705485,2100 39.5213652,13.8703264,2100 39.5219217,13.8701664,2100 39.5227565,13.8703106,2100 39.5227065,13.8691983,2100 39.5227565,13.8690383,2100 39.5230348,13.8689319,2100 39.5238696,13.8692724,2100 39.5246654,13.8700084,2100 39.5255391,13.8702067,2100 39.5259819,13.8705485,2100 39.5261640,13.8713586,2100 39.5264499,13.8716287,2100 39.5265546,13.8718987,2100 39.5265432,13.8720000,2100</coordinates></LineString></Placemark><Placemark><name>2100 m</name><styleUrl>#minor</styleUrl><ExtendedData><Data name="elevation"><value>2100</value></Data></ExtendedData><LineString><tessellate>1</tessellate><altitudeMode>clampToGround</altitudeMode><coordinates>39.5297491,13.8720000,2100 39.5299913,13.8710952,2100 39.5307836,13.8705485,2100 39.5309374,13.8702785,2100 39.5299913,13.8702907,2100 39.5295508,13.8700084,2100 39.5295515,13.8683882,2100 39.5297130,13.8682555,2100 39.5299913,13.8682184,2100 39.5305478,13.8684010,2100 39.5311043,13.8682822,2100 39.5317745,13.8678481,2100 39.5327739,13.8678342,2100 39.5329895,13.8681181,2100 39.5329472,13.8683882,2100 39.5327739,13.8689087,2100 39.5324392,13.8691983,2100 39.5327739,13.8694085,2100 39.5336087,13.8694820,2100 39.5338870,13.8693376,2100 39.5341652,13.8688841,2100 39.5347217,13.8694845,2100 39.5355565,13.8692799,2100 39.5363913,13.8692136,2100 39.5369478,13.8688683,2100 39.5377826,13.8689170,2100 39.5382502,13.8686582,2100 39.5383990,13.8683882,2100 39.5388171,13.8681181,2100 39.5389447,13.8678481,2100 39.5386174,13.8678299,2100 39.5383391,13.8680584,2100 39.5377826,13.8681812,2100 39.5372261,13.8680600,2100 39.5363913,13.8680497,2100 39.5362273,13.8675781,2100 39.5362521,13.8664979,2100 39.5363913,13.8662148,2100 39.5375043,13.8656527,2100 39.5380524,13.8651477,2100 39.5377376,13.8646076,2100 39.5378242,13.8640675,2100 39.5380157,13.8637975,2100 39.5386174,13.8635366,2100 39.5394522,13.8629095,2100 39.5400087,13.8626469,2100 39.5410893,13.8610970,2100 39.5416783,13.8608560,2100 39.5419290,13.8605570,2100 39.5420955,13.8602869,2100 39.5414192,13.8600169,2100 39.5416125,13.8592068,2100 39.5428797,13.8586667,2100 39.5429438,13.8581266,2100 39.5434998,13.8578565,2100 39.5435635,13.8567764,2100 39.5437116,13.8565063,2100 39.5437317,13.8562363,2100 39.5436261,13.8561843,2100 39.5422348,13.8561681,2100 39.5402870,13.8552373,2100 39.5395596,13.8546160,2100 39.5395214,13.8543460,2100 39.5396911,13.8540759,2100 39.5422855,13.8532658,2100 39.5433478,13.8525436,2100 39.5441826,13.8524690,2100 39.5447391,13.8521440,2100 39.5461304,13.8517148,2100 39.5475217,13.8518731,2100 39.5486348,13.8515684,2100 39.5503251,13.8513755,2100 39.5503147,13.8511055,2100 39.5497478,13.8508308,2100 39.5489130,13.8506048,2100 39.5478000,13.8505879,2100 39.5464087,13.8499037,2100 39.5444609,13.8495477,2100 39.5436261,13.8491345,2100 39.5426129,13.8489451,2100 39.5424710,13.8486751,2100 39.5425387,13.8478650,2100 39.5422348,13.8470233,2100 39.5408435,13.8468513,2100 39.5400087,13.8470388,2100 39.5397304,13.8469367,2100 39.5391739,13.8464354,2100 39.5385756,13.8462447,2100 39.5377826,13.8454768,2100 39.5380609,13.8453448,2100 39.5386174,13.8453410,2100 39.5388144,13.8451646,2100 39.5383827,13.8440844,2100 39.5382932,13.8435443,2100 39.5377826,13.8435996,2100 39.5369478,13.8434314,2100 39.5363913,13.8435770,2100 39.5358348,13.8440080,2100 39.5355565,13.8439962,2100 39.5349205,13.8435443,2100 39.5347851,13.8430042,2100 39.5345634,13.8427342,2100 39.5341652,13.8424376,2100 39.5333304,13.8421932,2100 39.5326356,13.8413840,2100 39.5322174,13.8410560,2100 39.5311043,13.8407627,2100 39.5299913,13.8401745,2100 39.5283025,13.8397637,2100 39.5269418,13.8392236,2100 39.5265886,13.8389536,2100 39.5265079,13.8386835,2100 39.5264450,13.8381435,2100 39.5272033,13.8367932,2100 39.5273487,13.8362532,2100 39.5277652,13.8361242,2100 39.5283217,13.8356700,2100 39.5286000,13.8350519,2100 39.5288783,13.8350553,2100 39.5291565,13.8353825,2100 39.5297130,13.8354732,2100 39.5302696,13.8359279,2100 39.5308261,13.8357818,2100 39.5313826,13.8358984,2100 39.5316609,13.8357843,2100 39.5322174,13.8350376,2100 39.5324957,13.8350980,2100 39.5331392,13.8359831,2100 39.5331693,13.8367932,2100 39.5333304,13.8370084,2100 39.5338870,13.8370518,2100 39.5344435,13.8368571,2100 39.5352783,13.8369904,2100 39.5361130,13.8363142,2100 39.5363913,13.8362843,2100 39.5367706,13.8359831,2100 39.5369315,13.8354430,2100 39.5360831,13.8346329,2100 39.5364093,13.8338228,2100 39.5362669,13.8332827,2100 39.5346814,13.8308523,2100 39.5344718,13.8300422,2100 39.5336087,13.8290226,2100 39.5326874,13.8284219,2100 39.5302696,13.8272946,2100 39.5286000,13.8267573,2100 39.5282935,13.8265316,2100 39.5280133,13.8259916,2100 39.5294112,13.8251814,2100 39.5295023,13.8249114,2100 39.5297130,13.8247150,2100 39.5299913,13.8246913,2100 39.5306509,13.8243713,2100 39.5307542,13.8240000,2100</coordinates></LineString></Placemark><Placemark><name>2100 m</name><styleUrl>#minor</styleUrl><ExtendedData><Data name="elevation"><value>2100</value></Data></ExtendedData><LineString><tessellate>1</tessellate><altitudeMode>clampToGround</altitudeMode><coordinates>39.5331188,13.8240000,2100 39.5336087,13.8241544,2100 39.5336158,13.8240000,2100</coordinates></LineString></Placemark><Placemark><name>2125 m</name><styleUrl>#major</styleUrl><ExtendedData><Data name="elevation"><value>2125</value></Data></ExtendedData><LineString><tessellate>1</tessellate><altitudeMode>clampToGround</altitudeMode><coordinates>39.5221362,13.8651477,2125 39.5222000,13.8650068,2125 39.5224783,13.8649212,2125 39.5230926,13.8651477,2125 39.5231593,13.8654177,2125 39.5224783,13.8659136,2125 39.5219217,13.8659890,2125 39.5217006,13.8656878,2125 39.5221362,13.8651477,2125</coordinates></LineString></Placemark><Placemark><name>2125 m</name><styleUrl>#major</styleUrl><ExtendedData><Data name="elevation"><value>2125</value></Data></ExtendedData><LineString><tessellate>1</tessellate><altitudeMode>clampToGround</altitudeMode><coordinates>39.5240735,13.8651477,2125 39.5244261,13.8650099,2125 39.5245956,13.8651477,2125 39.5250617,13.8656878,2125 39.5250499,13.8659578,2125 39.5247043,13.8659164,2125 39.5244096,13.8656878,2125 39.5241392,13.8654177,2125 39.5240735,13.8651477,2125</coordinates></LineString></Placemark><Placemark><name>2125 m</name><styleUrl>#major</styleUrl><ExtendedData><Data name="elevation"><value>2125</value></Data></ExtendedData><LineString><tessellate>1</tessellate><altitudeMode>clampToGround</altitudeMode><coordinates>39.5319733,13.8683882,2125 39.5324957,13.8682479,2125 39.5325220,13.8683882,2125 39.5322174,13.8686637,2125 39.5319391,13.8687591,2125 39.5313826,13.8694737,2125 39.5308261,13.8697174,2125 39.5302696,13.8697351,2125 39.5300086,13.8694684,2125 39.5300780,13.8689283,2125 39.5302696,13.8687824,2125 39.5313826,13.8686073,2125 39.5319733,13.8683882,2125</coordinates></LineString></Placemark><Placemark><name>2125 m</name><styleUrl>#major</styleUrl><ExtendedData><Data name="elevation"><value>2125</value></Data></ExtendedData><LineString><tessellate>1</tessellate><altitudeMode>clampToGround</altitudeMode><coordinates>39.5131400,13.8720000,2125 39.5131433,13.8718987,2125 39.5132957,13.8716457,2125 39.5141304,13.8716173,2125 39.5158000,13.8704425,2125 39.5160783,13.8703867,2125 39.5169130,13.8707939,2125 39.5174696,13.8707195,2125 39.5180261,13.8708395,2125 39.5183937,13.8710886,2125 39.5187733,13.8720000,2125</coordinates></LineString></Placemark><Placemark><name>2125 m</name><styleUrl>#major</styleUrl><ExtendedData><Data name="elevation"><value>2125</value></Data></ExtendedData><LineString><tessellate>1</tessellate><altitudeMode>clampToGround</altitudeMode><coordinates>39.5207368,13.8720000,2125 39.5210100,13.8718987,2125 39.5212581,13.8716287,2125 39.5214604,13.8708186,2125 39.5219217,13.8705663,2125 39.5225556,13.8708186,2125 39.5235913,13.8719980,2125 39.5238506,13.8718987,2125 39.5237820,13.8710886,2125 39.5233130,13.8704173,2125 39.5230530,13.8697384,2125 39.5232224,13.8694684,2125 39.5235913,13.8695197,2125 39.5239300,13.8697384,2125 39.5244261,13.8705113,2125 39.5252609,13.8705260,2125 39.5255662,13.8708186,2125 39.5253797,13.8716287,2125 39.5254236,13.8720000,2125</coordinates></LineString></Placemark><Placemark><name>2125 m</name><styleUrl>#major</styleUrl><ExtendedData><Data name="elevation"><value>2125</value></Data></ExtendedData><LineString><tessellate>1</tessellate><altitudeMode>clampToGround</altitudeMode><coordinates>39.5305747,13.8720000,2125 39.5304996,13.8718987,2125 39.5304618,13.8716287,2125 39.5306322,13.8713586,2125 39.5311043,13.8710922,2125 39.5313826,13.8710554,2125 39.5316609,13.8707011,2125 39.5322174,13.8703096,2125 39.5322174,13.8700012,2125 39.5324957,13.8699081,2125 39.5333304,13.8699081,2125 39.5344435,13.8700862,2125 39.5347217,13.8699925,2125 39.5352783,13.8701911,2125 39.5355565,13.8696261,2125 39.5363913,13.8696597,2125 39.5369478,13.8692525,2125 39.5372261,13.8692091,2125 39.5375043,13.8693144,2125 39.5383391,13.8691654,2125 39.5386174,13.8686380,2125 39.5388957,13.8683948,2125 39.5394522,13.8684943,2125 39.5395106,13.8683882,2125 39.5395868,13.8678481,2125 39.5391739,13.8675677,2125 39.5386174,13.8675955,2125 39.5380609,13.8679128,2125 39.5369478,13.8677756,2125 39.5366696,13.8676281,2125 39.5367069,13.8667679,2125 39.5369478,13.8664500,2125 39.5377826,13.8660877,2125 39.5387897,13.8651477,2125 39.5386734,13.8643376,2125 39.5391739,13.8637199,2125 39.5397012,13.8632574,2125 39.5402229,13.8629873,2125 39.5407601,13.8624473,2125 39.5414405,13.8613671,2125 39.5422348,13.8608431,2125 39.5429205,13.8605570,2125 39.5428049,13.8602869,2125 39.5420426,13.8597468,2125 39.5420758,13.8594768,2125 39.5433478,13.8588664,2125 39.5435111,13.8586667,2125 39.5434377,13.8583966,2125 39.5439043,13.8581208,2125 39.5440747,13.8578565,2125 39.5439675,13.8573165,2125 39.5441175,13.8567764,2125 39.5446415,13.8565063,2125 39.5445678,13.8562363,2125 39.5439043,13.8558983,2125 39.5433478,13.8558259,2125 39.5422348,13.8559645,2125 39.5411217,13.8555428,2125 39.5400087,13.8548665,2125 39.5397581,13.8546160,2125 39.5397304,13.8542847,2125 39.5400087,13.8540360,2125 39.5408435,13.8539314,2125 39.5427913,13.8533215,2125 39.5447391,13.8523617,2125 39.5452957,13.8522771,2125 39.5461304,13.8519658,2125 39.5464087,13.8519130,2125 39.5472435,13.8521474,2125 39.5483565,13.8521461,2125 39.5489130,13.8518807,2125 39.5508744,13.8516456,2125 39.5510467,13.8513755,2125 39.5505826,13.8509832,2125 39.5497478,13.8505098,2125 39.5489130,13.8503415,2125 39.5478000,13.8503083,2125 39.5469652,13.8499186,2125 39.5444609,13.8492583,2125 39.5439043,13.8488224,2125 39.5430696,13.8487997,2125 39.5428511,13.8486751,2125 39.5428782,13.8478650,2125 39.5427661,13.8473249,2125 39.5423806,13.8467848,2125 39.5414000,13.8466753,2125 39.5405652,13.8464395,2125 39.5400087,13.8465496,2125 39.5392000,13.8459747,2125 39.5392672,13.8451646,2125 39.5387543,13.8440844,2125 39.5387219,13.8438143,2125 39.5388848,13.8435443,2125 39.5387981,13.8432743,2125 39.5369478,13.8429965,2125 39.5358348,13.8434463,2125 39.5355565,13.8434181,2125 39.5350000,13.8427314,2125 39.5341652,13.8421024,2125 39.5334582,13.8419241,2125 39.5327739,13.8411305,2125 39.5322174,13.8406913,2125 39.5316609,13.8405570,2125 39.5299913,13.8397812,2125 39.5294323,13.8397637,2125 39.5281743,13.8392236,2125 39.5274870,13.8385821,2125 39.5270201,13.8378734,2125 39.5271762,13.8373333,2125 39.5274870,13.8369550,2125 39.5283217,13.8367366,2125 39.5288783,13.8361362,2125 39.5294348,13.8362360,2125 39.5302696,13.8366791,2125 39.5313826,13.8367469,2125 39.5318187,13.8365232,2125 39.5322174,13.8360001,2125 39.5324957,13.8359715,2125 39.5326724,13.8362532,2125 39.5326524,13.8370633,2125 39.5327739,13.8374489,2125 39.5338870,13.8376583,2125 39.5344435,13.8374117,2125 39.5355565,13.8374378,2125 39.5361130,13.8369520,2125 39.5369478,13.8365640,2125 39.5375121,13.8359831,2125 39.5375812,13.8357131,2125 39.5374488,13.8354430,2125 39.5367548,13.8346329,2125 39.5368193,13.8340928,2125 39.5366511,13.8335527,2125 39.5350457,13.8308523,2125 39.5346823,13.8297722,2125 39.5338870,13.8289337,2125 39.5332342,13.8284219,2125 39.5299913,13.8268112,2125 39.5289870,13.8265316,2125 39.5288360,13.8262616,2125 39.5291565,13.8260860,2125 39.5299913,13.8259267,2125 39.5305478,13.8256321,2125 39.5311043,13.8251014,2125 39.5322552,13.8249114,2125 39.5323394,13.8246414,2125 39.5320678,13.8243713,2125 39.5322174,13.8242138,2125 39.5324957,13.8242578,2125 39.5326136,13.8246414,2125 39.5330522,13.8248019,2125 39.5333304,13.8247392,2125 39.5341652,13.8248272,2125 39.5347050,13.8246414,2125 39.5342938,13.8240000,2125</coordinates></LineString></Placemark><Placemark><name>2125 m</name><styleUrl>#major</styleUrl><ExtendedData><Data name="elevation"><value>2125</value></Data></ExtendedData><LineString><tessellate>1</tessellate><altitudeMode>clampToGround</altitudeMode><coordinates>39.5393510,13.8240000,2125 39.5397304,13.8241825,2125 39.5402870,13.8242458,2125 39.5408435,13.8241372,2125 39.5422348,13.8247700,2125 39.5428327,13.8249114,2125 39.5430696,13.8251174,2125 39.5433478,13.8250563,2125 39.5432916,13.8243713,2125 39.5431052,13.8240000,2125</coordinates></LineString></Placemark><Placemark><name>2150 m</name><styleUrl>#minor</styleUrl><ExtendedData><Data name="elevation"><value>2150</value></Data></ExtendedData><LineString><tessellate>1</tessellate><altitudeMode>clampToGround</altitudeMode><coordinates>39.5574719,13.8240000,2150 39.5580957,13.8244034,2150 39.5579846,13.8240000,2150</coordinates></LineString></Placemark><Placemark><name>2150 m</name><styleUrl>#minor</styleUrl><ExtendedData><Data name="elevation"><value>2150</value></Data></ExtendedData><LineString><tessellate>1</tessellate><altitudeMode>clampToGround</altitudeMode><coordinates>39.5591197,13.8520219,2150 39.5581959,13.8521857,2150 39.5583586,13.8524557,2150 39.5591197,13.8526775,2150</coordinates></LineString></Placemark><Placemark><name>2150 m</name><styleUrl>#minor</styleUrl><ExtendedData><Data name="elevation"><value>2150</value></Data></ExtendedData><LineString><tessellate>1</tessellate><altitudeMode>clampToGround</altitudeMode><coordinates>39.5139277,13.8720000,2150 39.5144087,13.8719014,2150 39.5158000,13.8708883,2150 39.5160783,13.8708471,2150 39.5169130,13.8712026,2150 39.5177478,13.8710603,2150 39.5180261,13.8711857,2150 39.5181890,13.8713586,2150 39.5183990,13.8720000,2150</coordinates></LineString></Placemark><Placemark><name>2150 m</name><styleUrl>#minor</styleUrl><ExtendedData><Data name="elevation"><value>2150</value></Data></ExtendedData><LineString><tessellate>1</tessellate><altitudeMode>clampToGround</altitudeMode><coordinates>39.5214159,13.8720000,2150 39.5219217,13.8714054,2150 39.5222000,13.8713174,2150 39.5224783,13.8714514,2150 39.5228810,13.8720000,2150</coordinates></LineString></Placemark><Placemark><name>2150 m</name><styleUrl>#minor</styleUrl><ExtendedData><Data name="elevation"><value>2150</value></Data></ExtendedData><LineString><tessellate>1</tessellate><altitudeMode>clampToGround</altitudeMode><coordinates>39.5312058,13.8720000,2150 39.5311252,13.8718987,2150 39.5311992,13.8716287,2150 39.5313826,13.8715533,2150 39.5319391,13.8716035,2150 39.5320780,13.8710886,2150 39.5322174,13.8709477,2150 39.5328951,13.8708186,2150 39.5329893,13.8705485,2150 39.5333304,13.8703067,2150 39.5336087,13.8703141,2150 39.5344435,13.8707432,2150 39.5350000,13.8705344,2150 39.5355565,13.8705856,2150 39.5358348,13.8704058,2150 39.5361130,13.8699834,2150 39.5366696,13.8700653,2150 39.5372261,13.8697180,2150 39.5383391,13.8695935,2150 39.5388957,13.8696378,2150 39.5391739,13.8690289,2150 39.5400087,13.8690325,2150 39.5409559,13.8683882,2150 39.5410674,13.8681181,2150 39.5408435,13.8680774,2150 39.5402870,13.8683145,2150 39.5400087,13.8683171,2150 39.5397821,13.8675781,2150 39.5394522,13.8673729,2150 39.5388957,13.8673172,2150 39.5380609,13.8675881,2150 39.5372261,13.8674215,2150 39.5371200,13.8673080,2150 39.5371590,13.8670380,2150 39.5372689,13.8667679,2150 39.5380844,13.8664979,2150 39.5391739,13.8655150,2150 39.5392891,13.8648776,2150 39.5396044,13.8640675,2150 39.5400087,13.8636215,2150 39.5405652,13.8632592,2150 39.5415397,13.8621772,2150 39.5417631,13.8616371,2150 39.5425130,13.8611209,2150 39.5434535,13.8608270,2150 39.5435418,13.8605570,2150 39.5426493,13.8597468,2150 39.5427496,13.8594768,2150 39.5436261,13.8591652,2150 39.5438627,13.8589367,2150 39.5441015,13.8583966,2150 39.5444923,13.8581266,2150 39.5443993,13.8573165,2150 39.5450356,13.8567764,2150 39.5452743,13.8562363,2150 39.5449716,13.8559662,2150 39.5436261,13.8554473,2150 39.5433478,13.8554157,2150 39.5425130,13.8557310,2150 39.5419565,13.8556757,2150 39.5402870,13.8549183,2150 39.5399344,13.8546160,2150 39.5398664,13.8543460,2150 39.5400087,13.8541997,2150 39.5408435,13.8540866,2150 39.5427913,13.8535365,2150 39.5433478,13.8531721,2150 39.5447391,13.8525833,2150 39.5455739,13.8525121,2150 39.5463883,13.8521857,2150 39.5472435,13.8524386,2150 39.5486348,13.8524253,2150 39.5503043,13.8520476,2150 39.5514174,13.8523368,2150 39.5515946,13.8521857,2150 39.5517827,13.8516456,2150 39.5516957,13.8512943,2150 39.5514174,13.8510414,2150 39.5500721,13.8502954,2150 39.5480783,13.8501228,2150 39.5477456,13.8500253,2150 39.5475217,13.8496512,2150 39.5472435,13.8495052,2150 39.5466870,13.8496320,2150 39.5451190,13.8492152,2150 39.5443008,13.8486751,2150 39.5435677,13.8484051,2150 39.5430303,13.8470549,2150 39.5425130,13.8465150,2150 39.5422348,13.8464095,2150 39.5416783,13.8464512,2150 39.5408435,13.8460402,2150 39.5400087,13.8459160,2150 39.5397304,13.8456207,2150 39.5391657,13.8440844,2150 39.5395485,13.8430042,2150 39.5394522,13.8427380,2150 39.5386174,13.8429363,2150 39.5375043,13.8425352,2150 39.5372261,13.8425458,2150 39.5363913,13.8429290,2150 39.5358348,13.8430408,2150 39.5355565,13.8429631,2150 39.5344435,13.8419589,2150 39.5335424,13.8416540,2150 39.5324957,13.8404260,2150 39.5308261,13.8394941,2150 39.5298242,13.8392236,2150 39.5281830,13.8381435,2150 39.5283217,13.8379073,2150 39.5288337,13.8376034,2150 39.5291565,13.8371337,2150 39.5313826,13.8371466,2150 39.5322174,13.8368533,2150 39.5323928,13.8376034,2150 39.5327533,13.8378734,2150 39.5341652,13.8381265,2150 39.5350000,13.8378424,2150 39.5355565,13.8378276,2150 39.5363913,13.8373440,2150 39.5369478,13.8372904,2150 39.5379249,13.8365232,2150 39.5383205,13.8357131,2150 39.5382222,13.8354430,2150 39.5372905,13.8346329,2150 39.5367753,13.8332827,2150 39.5353723,13.8308523,2150 39.5350000,13.8297288,2150 39.5336087,13.8283623,2150 39.5313826,13.8272228,2150 39.5303252,13.8265316,2150 39.5304637,13.8262616,2150 39.5313826,13.8257205,2150 39.5336087,13.8262601,2150 39.5344435,13.8262149,2150 39.5350000,13.8259125,2150 39.5350385,13.8254515,2150 39.5361130,13.8253219,2150 39.5363913,13.8251938,2150 39.5361269,13.8249114,2150 39.5352783,13.8244746,2150 39.5348148,13.8240000,2150</coordinates></LineString></Placemark><Placemark><name>2150 m</name><styleUrl>#minor</styleUrl><ExtendedData><Data name="elevation"><value>2150</value></Data></ExtendedData><LineString><tessellate>1</tessellate><altitudeMode>clampToGround</altitudeMode><coordinates>39.5383161,13.8240000,2150 39.5386174,13.8253054,2150 39.5397304,13.8251371,2150 39.5402870,13.8252621,2150 39.5405971,13.8249114,2150 39.5419565,13.8255120,2150 39.5433478,13.8257536,2150 39.5439043,13.8263890,2150 39.5441826,13.8264523,2150 39.5441082,13.8251814,2150 39.5438257,13.8246414,2150 39.5437004,13.8240000,2150</coordinates></LineString></Placemark><Placemark><name>2175 m</name><styleUrl>#minor</styleUrl><ExtendedData><Data name="elevation"><value>2175</value></Data></ExtendedData><LineString><tessellate>1</tessellate><altitudeMode>clampToGround</altitudeMode><coordinates>39.5533590,13.8240000,2175 39.5531777,13.8241013,2175 39.5529620,13.8243713,2175 39.5530870,13.8245811,2175 39.5533652,13.8246647,2175 39.5575391,13.8247112,2175 39.5583088,13.8257215,2175 39.5580957,13.8259084,2175 39.5575391,13.8260944,2175 39.5571984,13.8265316,2175 39.5572609,13.8266679,2175 39.5580957,13.8265778,2175 39.5586522,13.8263608,2175 39.5591197,13.8260154,2175</coordinates></LineString></Placemark><Placemark><name>2175 m</name><styleUrl>#minor</styleUrl><ExtendedData><Data name="elevation"><value>2175</value></Data></ExtendedData><LineString><tessellate>1</tessellate><altitudeMode>clampToGround</altitudeMode><coordinates>39.5591197,13.8251012,2175 39.5587433,13.8249114,2175 39.5585957,13.8246414,2175 39.5586612,13.8243713,2175 39.5591197,13.8240475,2175</coordinates></LineString></Placemark><Placemark><name>2175 m</name><styleUrl>#minor</styleUrl><ExtendedData><Data name="elevation"><value>2175</value></Data></ExtendedData><LineString><tessellate>1</tessellate><altitudeMode>clampToGround</altitudeMode><coordinates>39.5360872,13.8243713,2175 39.5362070,13.8243713,2175</coordinates></LineString></Placemark><Placemark><name>2175 m</name><styleUrl>#minor</styleUrl><ExtendedData><Data name="elevation"><value>2175</value></Data></ExtendedData><LineString><tessellate>1</tessellate><altitudeMode>clampToGround</altitudeMode><coordinates>39.5368410,13.8243713,2175 39.5372261,13.8242632,2175 39.5375310,13.8243713,2175 39.5375342,13.8246414,2175 39.5378450,13.8249114,2175 39.5377826,13.8252224,2175 39.5372261,13.8250314,2175 39.5366987,13.8246414,2175 39.5368410,13.8243713,2175</coordinates></LineString></Placemark><Placemark><name>2175 m</name><styleUrl>#minor</styleUrl><ExtendedData><Data name="elevation"><value>2175</value></Data></ExtendedData><LineString><tessellate>1</tessellate><altitudeMode>clampToGround</altitudeMode><coordinates>39.5591197,13.8518018,2175 39.5580957,13.8518078,2175 39.5573922,13.8521857,2175 39.5575812,13.8524557,2175 39.5580846,13.8527257,2175 39.5591197,13.8530162,2175</coordinates></LineString></Placemark><Placemark><name>2175 m</name><styleUrl>#minor</styleUrl><ExtendedData><Data name="elevation"><value>2175</value></Data></ExtendedData><LineString><tessellate>1</tessellate><altitudeMode>clampToGround</altitudeMode><coordinates>39.5147956,13.8720000,2175 39.5149652,13.8718643,2175 39.5152435,13.8718005,2175 39.5158000,13.8713225,2175 39.5160783,13.8712610,2175 39.5169130,13.8715751,2175 39.5177478,13.8714432,2175 39.5179913,13.8716287,2175 39.5180764,13.8720000,2175</coordinates></LineString></Placemark><Placemark><name>2175 m</name><styleUrl>#minor</styleUrl><ExtendedData><Data name="elevation"><value>2175</value></Data></ExtendedData><LineString><tessellate>1</tessellate><altitudeMode>clampToGround</altitudeMode><coordinates>39.5221055,13.8720000,2175 39.5222000,13.8719744,2175 39.5222219,13.8720000,2175</coordinates></LineString></Placemark><Placemark><name>2175 m</name><styleUrl>#minor</styleUrl><ExtendedData><Data name="elevation"><value>2175</value></Data></ExtendedData><LineString><tessellate>1</tessellate><altitudeMode>clampToGround</altitudeMode><coordinates>39.5324695,13.8720000,2175 39.5327217,13.8713586,2175 39.5336087,13.8712020,2175 39.5338870,13.8709403,2175 39.5341652,13.8713379,2175 39.5350000,13.8715069,2175 39.5354174,13.8710886,2175 39.5359740,13.8708186,2175 39.5363913,13.8703454,2175 39.5369478,13.8706025,2175 39.5372261,13.8702738,2175 39.5380609,13.8700124,2175 39.5383391,13.8699578,2175 39.5388957,13.8701988,2175 39.5391739,13.8699579,2175 39.5394522,13.8694771,2175 39.5400087,13.8693560,2175 39.5412621,13.8686582,2175 39.5414490,13.8683882,2175 39.5416783,13.8675072,2175 39.5418534,13.8673080,2175 39.5414000,13.8673439,2175 39.5405652,13.8677884,2175 39.5402870,13.8677541,2175 39.5400087,13.8673799,2175 39.5394522,13.8670857,2175 39.5383391,13.8671519,2175 39.5379735,13.8670380,2175 39.5391739,13.8663000,2175 39.5396219,13.8656878,2175 39.5397304,13.8650408,2175 39.5404362,13.8640675,2175 39.5408435,13.8637418,2175 39.5411217,13.8631565,2175 39.5418947,13.8624473,2175 39.5422520,13.8616371,2175 39.5433478,13.8611890,2175 39.5439043,13.8611218,2175 39.5443256,13.8608270,2175 39.5432175,13.8597468,2175 39.5433478,13.8596056,2175 39.5439043,13.8594083,2175 39.5443679,13.8589367,2175 39.5444373,13.8586667,2175 39.5448562,13.8581266,2175 39.5448019,13.8575865,2175 39.5454835,13.8567764,2175 39.5457264,13.8562363,2175 39.5456974,13.8559662,2175 39.5447391,13.8554372,2175 39.5436261,13.8549892,2175 39.5430696,13.8550039,2175 39.5425130,13.8553268,2175 39.5422348,13.8553587,2175 39.5411406,13.8551561,2175 39.5402318,13.8546160,2175 39.5402509,13.8543460,2175 39.5411217,13.8542785,2175 39.5422348,13.8538484,2175 39.5427913,13.8537562,2175 39.5435362,13.8532658,2175 39.5447391,13.8528549,2175 39.5452957,13.8528985,2175 39.5464087,13.8526290,2175 39.5472435,13.8527292,2175 39.5478000,13.8526442,2175 39.5486348,13.8527759,2175 39.5505826,13.8526616,2175 39.5516957,13.8529628,2175 39.5522522,13.8528455,2175 39.5523924,13.8527257,2175 39.5524283,13.8521857,2175 39.5519739,13.8505487,2175 39.5516957,13.8504445,2175 39.5511391,13.8504500,2175 39.5497478,13.8500373,2175 39.5480783,13.8498478,2175 39.5479721,13.8497553,2175 39.5478000,13.8490592,2175 39.5475217,13.8488816,2175 39.5466870,13.8493671,2175 39.5461304,13.8493319,2175 39.5455739,13.8491308,2175 39.5441826,13.8483790,2175 39.5439295,13.8481350,2175 39.5431966,13.8467848,2175 39.5427221,13.8462447,2175 39.5425130,13.8461103,2175 39.5416783,13.8461112,2175 39.5400698,13.8454346,2175 39.5396653,13.8443544,2175 39.5396128,13.8438143,2175 39.5397304,13.8434467,2175 39.5402870,13.8427935,2175 39.5402870,13.8426513,2175 39.5394522,13.8424213,2175 39.5386174,13.8425667,2175 39.5375043,13.8421211,2175 39.5369478,13.8422260,2175 39.5363913,13.8426502,2175 39.5358348,13.8427688,2175 39.5355565,13.8426526,2175 39.5344435,13.8416610,2175 39.5337569,13.8413840,2175 39.5330078,13.8405738,2175 39.5323875,13.8397637,2175 39.5320889,13.8386835,2175 39.5316609,13.8383368,2175 39.5305478,13.8380214,2175 39.5303320,13.8378734,2175 39.5303916,13.8376034,2175 39.5313826,13.8375424,2175 39.5316609,13.8375921,2175 39.5319391,13.8378744,2175 39.5324957,13.8381772,2175 39.5341652,13.8385182,2175 39.5361130,13.8380627,2175 39.5369478,13.8380706,2175 39.5379109,13.8373333,2175 39.5383009,13.8367932,2175 39.5385031,13.8362532,2175 39.5390571,13.8357131,2175 39.5386174,13.8350725,2175 39.5380609,13.8348395,2175 39.5375247,13.8343629,2175 39.5370254,13.8332827,2175 39.5357663,13.8311224,2175 39.5355257,13.8305823,2175 39.5354314,13.8300422,2175 39.5351501,13.8295021,2175 39.5336087,13.8280098,2175 39.5316959,13.8270717,2175 39.5312844,13.8268017,2175 39.5312606,13.8265316,2175 39.5316357,13.8265316,2175 39.5336087,13.8270945,2175 39.5350000,13.8271512,2175 39.5358348,13.8269747,2175 39.5370077,13.8265316,2175 39.5370581,13.8262616,2175 39.5369077,13.8259916,2175 39.5372261,13.8258066,2175 39.5375043,13.8258343,2175 39.5383391,13.8262766,2175 39.5386174,13.8262566,2175 39.5388957,13.8260050,2175 39.5391739,13.8259575,2175 39.5402870,13.8260736,2175 39.5411217,13.8258720,2175 39.5419565,13.8261320,2175 39.5427913,13.8261716,2175 39.5433478,13.8265868,2175 39.5439043,13.8272460,2175 39.5441826,13.8272275,2175 39.5445311,13.8270717,2175 39.5446918,13.8262616,2175 39.5445303,13.8257215,2175 39.5445593,13.8251814,2175 39.5442419,13.8246414,2175 39.5442292,13.8243713,2175 39.5447391,13.8240954,2175 39.5448155,13.8240000,2175</coordinates></LineString></Placemark><Placemark><name>2200 m</name><styleUrl>#minor</styleUrl><ExtendedData><Data name="elevation"><value>2200</value></Data></ExtendedData><LineString><tessellate>1</tessellate><altitudeMode>clampToGround</altitudeMode><coordinates>39.5591197,13.8516221,2200 39.5580957,13.8515668,2200 39.5568902,13.8521857,2200 39.5567485,13.8524557,2200 39.5569826,13.8526391,2200 39.5578174,13.8529229,2200 39.5591197,13.8532940,2200</coordinates></LineString></Placemark><Placemark><name>2200 m</name><styleUrl>#minor</styleUrl><ExtendedData><Data name="elevation"><value>2200</value></Data></ExtendedData><LineString><tessellate>1</tessellate><altitudeMode>clampToGround</altitudeMode><coordinates>39.5153905,13.8720000,2200 39.5160783,13.8716433,2200 39.5169130,13.8718911,2200 39.5174696,13.8718990,2200 39.5176187,13.8720000,2200</coordinates></LineString></Placemark><Placemark><name>2200 m</name><styleUrl>#minor</styleUrl><ExtendedData><Data name="elevation"><value>2200</value></Data></ExtendedData><LineString><tessellate>1</tessellate><altitudeMode>clampToGround</altitudeMode><coordinates>39.5330642,13.8720000,2200 39.5330904,13.8718987,2200 39.5333304,13.8717194,2200 39.5336087,13.8717585,2200 39.5339179,13.8720000,2200</coordinates></LineString></Placemark><Placemark><name>2200 m</name><styleUrl>#minor</styleUrl><ExtendedData><Data name="elevation"><value>2200</value></Data></ExtendedData><LineString><tessellate>1</tessellate><altitudeMode>clampToGround</altitudeMode><coordinates>39.5355010,13.8720000,2200 39.5358348,13.8716068,2200 39.5363913,13.8716034,2200 39.5365403,13.8710886,2200 39.5366696,13.8710227,2200 39.5372261,13.8711499,2200 39.5376569,13.8705485,2200 39.5380609,13.8704300,2200 39.5386174,13.8707774,2200 39.5393541,13.8702785,2200 39.5397304,13.8698255,2200 39.5415209,13.8689283,2200 39.5418091,13.8686582,2200 39.5419324,13.8678481,2200 39.5423434,13.8673080,2200 39.5424270,13.8670380,2200 39.5419565,13.8663351,2200 39.5412782,13.8670380,2200 39.5405652,13.8672324,2200 39.5395977,13.8667679,2200 39.5396077,13.8664979,2200 39.5397021,13.8662278,2200 39.5399742,13.8659578,2200 39.5400424,13.8654177,2200 39.5402105,13.8651477,2200 39.5405155,13.8648776,2200 39.5408435,13.8642969,2200 39.5412015,13.8640675,2200 39.5415795,13.8632574,2200 39.5422075,13.8627173,2200 39.5425130,13.8618690,2200 39.5441826,13.8613190,2200 39.5447391,13.8613599,2200 39.5447727,13.8608270,2200 39.5446311,13.8605570,2200 39.5439177,13.8600169,2200 39.5440231,13.8597468,2200 39.5448848,13.8589367,2200 39.5448774,13.8586667,2200 39.5452324,13.8581266,2200 39.5452948,13.8575865,2200 39.5457701,13.8570464,2200 39.5461666,13.8559662,2200 39.5458859,13.8556962,2200 39.5450174,13.8552155,2200 39.5433478,13.8544147,2200 39.5430696,13.8544075,2200 39.5425130,13.8546848,2200 39.5422348,13.8546670,2200 39.5421562,13.8546160,2200 39.5422348,13.8542748,2200 39.5425130,13.8541877,2200 39.5430696,13.8542431,2200 39.5434618,13.8535359,2200 39.5447391,13.8532323,2200 39.5452957,13.8533077,2200 39.5461304,13.8532520,2200 39.5466870,13.8530244,2200 39.5478000,13.8529486,2200 39.5486348,13.8531763,2200 39.5494696,13.8530518,2200 39.5511391,13.8533786,2200 39.5525304,13.8531706,2200 39.5533958,13.8521857,2200 39.5535373,13.8516456,2200 39.5529458,13.8513755,2200 39.5522057,13.8502954,2200 39.5516957,13.8501405,2200 39.5511391,13.8501515,2200 39.5503043,13.8499544,2200 39.5485270,13.8497553,2200 39.5482076,13.8494852,2200 39.5478839,13.8486751,2200 39.5475217,13.8485392,2200 39.5469652,13.8487092,2200 39.5464087,13.8491233,2200 39.5458522,13.8490005,2200 39.5442954,13.8481350,2200 39.5434515,13.8465148,2200 39.5428781,13.8459747,2200 39.5425130,13.8457922,2200 39.5416783,13.8457281,2200 39.5403823,13.8451646,2200 39.5399670,13.8440844,2200 39.5399587,13.8438143,2200 39.5407172,13.8427342,2200 39.5408022,13.8424641,2200 39.5405652,13.8422571,2200 39.5394522,13.8421231,2200 39.5386174,13.8422488,2200 39.5375043,13.8417492,2200 39.5369478,13.8418649,2200 39.5363913,13.8422932,2200 39.5358348,13.8424640,2200 39.5344435,13.8413773,2200 39.5338870,13.8411562,2200 39.5333159,13.8405738,2200 39.5327360,13.8394937,2200 39.5327173,13.8389536,2200 39.5328933,13.8386835,2200 39.5347217,13.8389038,2200 39.5355565,13.8387704,2200 39.5366696,13.8390435,2200 39.5383391,13.8373784,2200 39.5388957,13.8364441,2200 39.5397304,13.8363136,2200 39.5399544,13.8359831,2200 39.5388957,13.8347937,2200 39.5386174,13.8345958,2200 39.5380609,13.8344253,2200 39.5377826,13.8341847,2200 39.5360542,13.8311224,2200 39.5358343,13.8300422,2200 39.5355017,13.8295021,2200 39.5343039,13.8281519,2200 39.5344435,13.8280117,2200 39.5363913,13.8278102,2200 39.5377826,13.8271974,2200 39.5388957,13.8270187,2200 39.5397304,13.8271500,2200 39.5400087,13.8270941,2200 39.5401625,13.8268017,2200 39.5405039,13.8265316,2200 39.5411217,13.8264200,2200 39.5425130,13.8272142,2200 39.5430696,13.8271317,2200 39.5439043,13.8278268,2200 39.5450174,13.8278603,2200 39.5452529,13.8262616,2200 39.5451135,13.8257215,2200 39.5452088,13.8254515,2200 39.5449081,13.8249114,2200 39.5450174,13.8247194,2200 39.5452957,13.8245481,2200 39.5455739,13.8241534,2200 39.5457644,13.8241013,2200 39.5461397,13.8241013,2200 39.5461781,13.8243713,2200 39.5464087,13.8245746,2200 39.5466870,13.8246237,2200 39.5480783,13.8243482,2200 39.5482493,13.8241013,2200 39.5482231,13.8240000,2200</coordinates></LineString></Placemark><Placemark><name>2200 m</name><styleUrl>#minor</styleUrl><ExtendedData><Data name="elevation"><value>2200</value></Data></ExtendedData><LineString><tessellate>1</tessellate><altitudeMode>clampToGround</altitudeMode><coordinates>39.5526584,13.8240000,2200 39.5523966,13.8243713,2200 39.5522522,13.8251836,2200 39.5533652,13.8254458,2200 39.5564261,13.8252538,2200 39.5569826,13.8253200,2200 39.5570866,13.8254515,2200 39.5564271,13.8259916,2200 39.5552009,13.8273418,2200 39.5554374,13.8276118,2200 39.5561478,13.8276916,2200 39.5565797,13.8281519,2200 39.5575319,13.8284219,2200 39.5578174,13.8288956,2200 39.5582264,13.8276118,2200 39.5583739,13.8274573,2200 39.5591197,13.8268742,2200</coordinates></LineString></Placemark><Placemark><name>2225 m</name><styleUrl>#minor</styleUrl><ExtendedData><Data name="elevation"><value>2225</value></Data></ExtendedData><LineString><tessellate>1</tessellate><altitudeMode>clampToGround</altitudeMode><coordinates>39.5591197,13.8514430,2225 39.5583739,13.8513035,2225 39.5575391,13.8514924,2225 39.5567043,13.8519783,2225 39.5564450,13.8521857,2225 39.5563134,13.8524557,2225 39.5563725,13.8527257,2225 39.5567043,13.8529095,2225 39.5580957,13.8531739,2225 39.5591197,13.8535468,2225</coordinates></LineString></Placemark><Placemark><name>2225 m</name><styleUrl>#minor</styleUrl><ExtendedData><Data name="elevation"><value>2225</value></Data></ExtendedData><LineString><tessellate>1</tessellate><altitudeMode>clampToGround</altitudeMode><coordinates>39.5371803,13.8720000,2225 39.5371715,13.8718987,2225 39.5379408,13.8713586,2225 39.5388957,13.8710546,2225 39.5398583,13.8702785,2225 39.5402870,13.8701017,2225 39.5405652,13.8696494,2225 39.5420806,13.8689283,2225 39.5422845,13.8683882,2225 39.5423375,13.8678481,2225 39.5426860,13.8673080,2225 39.5427279,13.8670380,2225 39.5424036,13.8662278,2225 39.5423741,13.8656878,2225 39.5422348,13.8655553,2225 39.5419565,13.8656682,2225 39.5411217,13.8666733,2225 39.5408435,13.8667868,2225 39.5405652,13.8667601,2225 39.5401416,13.8664979,2225 39.5404006,13.8659578,2225 39.5405007,13.8654177,2225 39.5415589,13.8643376,2225 39.5419383,13.8635274,2225 39.5425130,13.8628953,2225 39.5427913,13.8621058,2225 39.5439043,13.8616531,2225 39.5444609,13.8616456,2225 39.5450174,13.8618350,2225 39.5451837,13.8616371,2225 39.5449873,13.8605570,2225 39.5444551,13.8600169,2225 39.5445247,13.8597468,2225 39.5453675,13.8589367,2225 39.5453408,13.8586667,2225 39.5455739,13.8583355,2225 39.5457907,13.8575865,2225 39.5460870,13.8573165,2225 39.5465874,13.8559662,2225 39.5465288,13.8556962,2225 39.5455739,13.8552336,2225 39.5442277,13.8543460,2225 39.5439272,13.8540759,2225 39.5438328,13.8538059,2225 39.5447391,13.8536698,2225 39.5464087,13.8536979,2225 39.5469652,13.8534011,2225 39.5478000,13.8533107,2225 39.5483565,13.8534850,2225 39.5486348,13.8537677,2225 39.5489130,13.8537548,2225 39.5494696,13.8534952,2225 39.5508609,13.8537711,2225 39.5525304,13.8535563,2225 39.5528087,13.8534772,2225 39.5536435,13.8525303,2225 39.5539611,13.8519156,2225 39.5543420,13.8516456,2225 39.5543911,13.8513755,2225 39.5539217,13.8510809,2225 39.5533652,13.8509999,2225 39.5525304,13.8502614,2225 39.5519739,13.8499670,2225 39.5503043,13.8496934,2225 39.5497478,13.8497504,2225 39.5486348,13.8495077,2225 39.5484238,13.8486751,2225 39.5481795,13.8484051,2225 39.5478000,13.8482253,2225 39.5461304,13.8483176,2225 39.5455739,13.8479781,2225 39.5447391,13.8479258,2225 39.5444609,13.8477521,2225 39.5440223,13.8470549,2225 39.5438712,13.8465148,2225 39.5436261,13.8461387,2225 39.5427913,13.8456164,2225 39.5419565,13.8454850,2225 39.5411255,13.8451646,2225 39.5404823,13.8443544,2225 39.5403676,13.8440844,2225 39.5404230,13.8438143,2225 39.5408435,13.8431831,2225 39.5411217,13.8428908,2225 39.5421940,13.8424641,2225 39.5414000,13.8418020,2225 39.5400087,13.8418713,2225 39.5391739,13.8417414,2225 39.5386174,13.8418496,2225 39.5377826,13.8414385,2225 39.5375043,13.8414023,2225 39.5369478,13.8415706,2225 39.5361130,13.8421298,2225 39.5358348,13.8421412,2225 39.5347217,13.8412981,2225 39.5341652,13.8410252,2225 39.5336613,13.8405738,2225 39.5333304,13.8397983,2225 39.5333304,13.8392900,2225 39.5341652,13.8392928,2225 39.5347217,13.8397519,2225 39.5352783,13.8396655,2225 39.5355565,13.8397705,2225 39.5363913,13.8397287,2225 39.5366696,13.8396278,2225 39.5371726,13.8392236,2225 39.5377826,13.8382685,2225 39.5385473,13.8376034,2225 39.5388957,13.8369810,2225 39.5391739,13.8368651,2225 39.5397304,13.8369095,2225 39.5403837,13.8365232,2225 39.5405930,13.8362532,2225 39.5404255,13.8354430,2225 39.5397304,13.8352233,2225 39.5388957,13.8343350,2225 39.5380609,13.8340061,2225 39.5374383,13.8332827,2225 39.5369446,13.8324726,2225 39.5365300,13.8313924,2225 39.5360956,13.8295021,2225 39.5362501,13.8292321,2225 39.5380609,13.8283162,2225 39.5386174,13.8277094,2225 39.5388957,13.8276186,2225 39.5397304,13.8277796,2225 39.5408435,13.8274420,2225 39.5414000,13.8275323,2225 39.5419565,13.8279249,2225 39.5425130,13.8281423,2225 39.5430696,13.8280784,2225 39.5443949,13.8284219,2225 39.5450174,13.8287265,2225 39.5457160,13.8281519,2225 39.5455198,13.8273418,2225 39.5460092,13.8265316,2225 39.5458909,13.8262616,2225 39.5460644,13.8257215,2225 39.5464087,13.8255286,2225 39.5478000,13.8252313,2225 39.5483565,13.8249591,2225 39.5488342,13.8241013,2225 39.5487959,13.8240000,2225</coordinates></LineString></Placemark><Placemark><name>2225 m</name><styleUrl>#minor</styleUrl><ExtendedData><Data name="elevation"><value>2225</value></Data></ExtendedData><LineString><tessellate>1</tessellate><altitudeMode>clampToGround</altitudeMode><coordinates>39.5517567,13.8240000,2225 39.5518224,13.8246414,2225 39.5514117,13.8257215,2225 39.5516957,13.8259221,2225 39.5525304,13.8260172,2225 39.5550348,13.8258675,2225 39.5553083,13.8259916,2225 39.5547565,13.8262525,2225 39.5542509,13.8268017,2225 39.5537854,13.8270717,2225 39.5535670,13.8276118,2225 39.5536435,13.8278681,2225 39.5542000,13.8282817,2225 39.5553130,13.8285735,2225 39.5558118,13.8289620,2225 39.5567043,13.8288590,2225 39.5572609,13.8289485,2225 39.5576248,13.8297722,2225 39.5576085,13.8300422,2225 39.5571955,13.8308523,2225 39.5572609,13.8311537,2225 39.5575391,13.8312635,2225 39.5578174,13.8311698,2225 39.5589304,13.8304883,2225 39.5590140,13.8303122,2225 39.5585745,13.8295021,2225 39.5584926,13.8286920,2225 39.5585716,13.8284219,2225 39.5591197,13.8280189,2225</coordinates></LineString></Placemark><Placemark><name>2250 m</name><styleUrl>#major</styleUrl><ExtendedData><Data name="elevation"><value>2250</value></Data></ExtendedData><LineString><tessellate>1</tessellate><altitudeMode>clampToGround</altitudeMode><coordinates>39.5393119,13.8720000,2250 39.5393580,13.8718987,2250 39.5393489,13.8713586,2250 39.5397304,13.8708379,2250 39.5405652,13.8704899,2250 39.5410010,13.8697384,2250 39.5422348,13.8692215,2250 39.5424900,13.8689283,2250 39.5427122,13.8683882,2250 39.5427757,13.8678481,2250 39.5430397,13.8673080,2250 39.5427711,13.8659578,2250 39.5428461,13.8656878,2250 39.5432582,13.8651477,2250 39.5432534,13.8648776,2250 39.5425130,13.8649643,2250 39.5419565,13.8652660,2250 39.5411217,13.8660238,2250 39.5409968,13.8659578,2250 39.5409418,13.8656878,2250 39.5411036,13.8654177,2250 39.5420647,13.8646076,2250 39.5422820,13.8637975,2250 39.5429277,13.8629873,2250 39.5430378,13.8624473,2250 39.5433268,13.8621772,2250 39.5441826,13.8618579,2250 39.5452957,13.8621630,2250 39.5455739,13.8620771,2250 39.5457209,13.8619072,2250 39.5454218,13.8613671,2250 39.5453624,13.8605570,2250 39.5448885,13.8600169,2250 39.5449602,13.8597468,2250 39.5457417,13.8592068,2250 39.5461304,13.8578858,2250 39.5464087,13.8575598,2250 39.5469632,13.8559662,2250 39.5469840,13.8556962,2250 39.5467340,13.8554262,2250 39.5460766,13.8551561,2250 39.5450454,13.8543460,2250 39.5451394,13.8540759,2250 39.5455739,13.8539397,2250 39.5464087,13.8539993,2250 39.5469652,13.8538709,2250 39.5478000,13.8538617,2250 39.5480783,13.8539351,2250 39.5486348,13.8545564,2250 39.5494696,13.8539877,2250 39.5511391,13.8541261,2250 39.5528087,13.8538752,2250 39.5539642,13.8527257,2250 39.5542000,13.8521826,2250 39.5548273,13.8516456,2250 39.5548215,13.8513755,2250 39.5542000,13.8507771,2250 39.5533652,13.8504883,2250 39.5522522,13.8496060,2250 39.5516957,13.8495613,2250 39.5505826,13.8491423,2250 39.5503043,13.8491215,2250 39.5497478,13.8493457,2250 39.5494696,13.8493491,2250 39.5492454,13.8492152,2250 39.5491913,13.8486097,2250 39.5486609,13.8481350,2250 39.5478000,13.8477045,2250 39.5466870,13.8477993,2250 39.5458522,13.8471215,2250 39.5452957,13.8471184,2250 39.5450174,13.8469975,2250 39.5439043,13.8458010,2250 39.5422348,13.8450362,2250 39.5411217,13.8442862,2250 39.5409935,13.8440844,2250 39.5411217,13.8437824,2250 39.5422348,13.8433888,2250 39.5440797,13.8421941,2250 39.5427913,13.8417701,2250 39.5425031,13.8413840,2250 39.5422348,13.8412596,2250 39.5383391,13.8414371,2250 39.5377826,13.8410056,2250 39.5375043,13.8409988,2250 39.5361130,13.8417829,2250 39.5356343,13.8416540,2250 39.5351605,13.8411139,2250 39.5347640,13.8408439,2250 39.5346308,13.8405738,2250 39.5363913,13.8402625,2250 39.5374432,13.8397637,2250 39.5377215,13.8389536,2250 39.5380609,13.8384239,2250 39.5391739,13.8374061,2250 39.5397304,13.8375738,2250 39.5405652,13.8373258,2250 39.5408435,13.8373493,2250 39.5419565,13.8377916,2250 39.5422348,13.8378387,2250 39.5425130,13.8377216,2250 39.5422348,13.8365141,2250 39.5419728,13.8362532,2250 39.5416783,13.8362085,2250 39.5413010,13.8359831,2250 39.5406871,13.8351730,2250 39.5397304,13.8348331,2250 39.5391739,13.8340818,2250 39.5380609,13.8336900,2250 39.5374880,13.8330127,2250 39.5371547,13.8322025,2250 39.5370501,13.8313924,2250 39.5371771,13.8311224,2250 39.5377826,13.8310208,2250 39.5380609,13.8304797,2250 39.5383391,13.8303240,2250 39.5410607,13.8292321,2250 39.5409954,13.8289620,2250 39.5401730,13.8284219,2250 39.5405652,13.8282094,2250 39.5411217,13.8281734,2250 39.5416436,13.8286920,2250 39.5419565,13.8287896,2250 39.5433478,13.8288535,2250 39.5441826,13.8292308,2250 39.5447391,13.8297415,2250 39.5452957,13.8297285,2250 39.5456936,13.8292321,2250 39.5464087,13.8291720,2250 39.5469175,13.8289620,2250 39.5471219,13.8286920,2250 39.5469652,13.8280586,2250 39.5466870,13.8277874,2250 39.5464087,13.8276978,2250 39.5462132,13.8273418,2250 39.5472435,13.8265663,2250 39.5494064,13.8262616,2250 39.5493725,13.8259916,2250 39.5488474,13.8254515,2250 39.5488519,13.8251814,2250 39.5494696,13.8242832,2250 39.5502961,13.8243713,2250 39.5509139,13.8249114,2250 39.5510404,13.8251814,2250 39.5508609,13.8255254,2250 39.5503722,13.8259916,2250 39.5502877,13.8262616,2250 39.5508609,13.8265207,2250 39.5524561,13.8265316,2250 39.5530870,13.8266841,2250 39.5531812,13.8268017,2250 39.5531801,13.8273418,2250 39.5529052,13.8281519,2250 39.5529048,13.8284219,2250 39.5530870,13.8287085,2250 39.5533652,13.8289078,2250 39.5542000,13.8291843,2250 39.5544783,13.8295529,2250 39.5547565,13.8296585,2250 39.5555913,13.8296833,2250 39.5567043,13.8294523,2250 39.5569826,13.8295024,2250 39.5571682,13.8297722,2250 39.5571876,13.8300422,2250 39.5570353,13.8303122,2250 39.5564261,13.8308626,2250 39.5555913,13.8312009,2250 39.5543988,13.8313924,2250 39.5539106,13.8316624,2250 39.5537044,13.8319325,2250 39.5538611,13.8327426,2250 39.5541650,13.8330127,2250 39.5544783,13.8330528,2250 39.5558696,13.8327457,2250 39.5567043,13.8328841,2250 39.5572609,13.8325433,2250 39.5578174,13.8324660,2250 39.5585839,13.8316624,2250 39.5591197,13.8312762,2250</coordinates></LineString></Placemark><Placemark><name>2250 m</name><styleUrl>#major</styleUrl><ExtendedData><Data name="elevation"><value>2250</value></Data></ExtendedData><LineString><tessellate>1</tessellate><altitudeMode>clampToGround</altitudeMode><coordinates>39.5591197,13.8296651,2250 39.5590258,13.8295021,2250 39.5589173,13.8289620,2250 39.5590901,13.8286920,2250 39.5591197,13.8286737,2250</coordinates></LineString></Placemark><Placemark><name>2250 m</name><styleUrl>#major</styleUrl><ExtendedData><Data name="elevation"><value>2250</value></Data></ExtendedData><LineString><tessellate>1</tessellate><altitudeMode>clampToGround</altitudeMode><coordinates>39.5591197,13.8512417,2250 39.5583739,13.8511327,2250 39.5575391,13.8511904,2250 39.5562837,13.8519156,2250 39.5558914,13.8527257,2250 39.5561375,13.8529958,2250 39.5564261,13.8531067,2250 39.5580957,13.8534275,2250 39.5591197,13.8537445,2250</coordinates></LineString></Placemark><Placemark><name>2275 m</name><styleUrl>#minor</styleUrl><ExtendedData><Data name="elevation"><value>2275</value></Data></ExtendedData><LineString><tessellate>1</tessellate><altitudeMode>clampToGround</altitudeMode><coordinates>39.5402129,13.8720000,2275 39.5402455,13.8713586,2275 39.5408435,13.8712475,2275 39.5414000,13.8714184,2275 39.5417303,13.8713586,2275 39.5411310,13.8702785,2275 39.5414000,13.8699099,2275 39.5425130,13.8695105,2275 39.5428183,13.8691983,2275 39.5434282,13.8675781,2275 39.5432779,13.8659578,2275 39.5433478,13.8658746,2275 39.5436261,13.8659504,2275 39.5439043,13.8654772,2275 39.5444609,13.8654976,2275 39.5450174,13.8652117,2275 39.5455739,13.8655469,2275 39.5457516,13.8654177,2275 39.5452957,13.8642672,2275 39.5450174,13.8642439,2275 39.5447391,13.8644162,2275 39.5444609,13.8648152,2275 39.5441826,13.8648224,2275 39.5436261,13.8644320,2275 39.5430377,13.8643376,2275 39.5428500,13.8640675,2275 39.5428389,13.8637975,2275 39.5430025,13.8635274,2275 39.5433680,13.8632574,2275 39.5435142,13.8624473,2275 39.5436261,13.8623663,2275 39.5441826,13.8621753,2275 39.5452957,13.8624312,2275 39.5466328,13.8621772,2275 39.5464087,13.8620975,2275 39.5459152,13.8616371,2275 39.5457786,13.8610970,2275 39.5459878,13.8605570,2275 39.5453329,13.8600169,2275 39.5455019,13.8597468,2275 39.5461304,13.8592297,2275 39.5464157,13.8586667,2275 39.5468889,13.8570464,2275 39.5473595,13.8559662,2275 39.5474029,13.8554262,2275 39.5463793,13.8548861,2275 39.5460817,13.8546160,2275 39.5461304,13.8544993,2275 39.5466870,13.8543579,2275 39.5475217,13.8543508,2275 39.5478000,13.8545307,2275 39.5480985,13.8551561,2275 39.5483565,13.8553158,2275 39.5486348,13.8553115,2275 39.5489130,13.8551989,2275 39.5494429,13.8546160,2275 39.5497478,13.8544459,2275 39.5514174,13.8545506,2275 39.5519739,13.8542987,2275 39.5530870,13.8543481,2275 39.5534730,13.8538059,2275 39.5539217,13.8533668,2275 39.5545558,13.8529958,2275 39.5547308,13.8527257,2275 39.5546549,13.8524557,2275 39.5547565,13.8521974,2275 39.5550674,13.8519156,2275 39.5552702,13.8513755,2275 39.5545482,13.8505654,2275 39.5533156,13.8497553,2275 39.5526967,13.8489451,2275 39.5522522,13.8489216,2275 39.5519739,13.8490856,2275 39.5516090,13.8489451,2275 39.5509809,13.8484051,2275 39.5500261,13.8482223,2275 39.5486348,13.8476754,2275 39.5478000,13.8472205,2275 39.5469652,13.8473441,2275 39.5466870,13.8472531,2275 39.5461304,13.8465701,2275 39.5458522,13.8464831,2275 39.5452957,13.8465492,2275 39.5450174,13.8464096,2275 39.5441826,13.8455334,2275 39.5423841,13.8446245,2275 39.5420531,13.8443544,2275 39.5422655,13.8440844,2275 39.5425130,13.8439828,2275 39.5444609,13.8438203,2275 39.5455739,13.8433016,2275 39.5460918,13.8424641,2275 39.5462008,13.8416540,2275 39.5461187,13.8413840,2275 39.5443515,13.8408439,2275 39.5436261,13.8407259,2275 39.5408435,13.8409208,2275 39.5400087,13.8408105,2275 39.5391739,13.8405473,2275 39.5380609,13.8396247,2275 39.5379882,13.8392236,2275 39.5380609,13.8390577,2275 39.5391739,13.8380831,2275 39.5405652,13.8385866,2275 39.5419565,13.8388200,2275 39.5433478,13.8386996,2275 39.5439716,13.8384135,2275 39.5430705,13.8376034,2275 39.5427309,13.8367932,2275 39.5427913,13.8365591,2275 39.5434747,13.8362532,2275 39.5427913,13.8358844,2275 39.5419565,13.8356412,2275 39.5411217,13.8349669,2275 39.5400087,13.8346204,2275 39.5391739,13.8337602,2275 39.5383391,13.8335794,2275 39.5379412,13.8332827,2275 39.5377783,13.8330127,2275 39.5379163,13.8322025,2275 39.5380609,13.8320477,2275 39.5391739,13.8316799,2275 39.5394487,13.8311224,2275 39.5400087,13.8307731,2275 39.5419565,13.8301939,2275 39.5433478,13.8302957,2275 39.5439043,13.8306889,2275 39.5461304,13.8304856,2275 39.5466870,13.8299643,2275 39.5469652,13.8298541,2275 39.5479634,13.8297722,2275 39.5482291,13.8295021,2275 39.5480961,13.8286920,2275 39.5476399,13.8278819,2275 39.5478000,13.8276566,2275 39.5486348,13.8276021,2275 39.5491913,13.8271220,2275 39.5494696,13.8270279,2275 39.5500261,13.8270364,2275 39.5515129,13.8273418,2275 39.5523823,13.8278819,2275 39.5525657,13.8295021,2275 39.5528087,13.8296763,2275 39.5533793,13.8297722,2275 39.5536435,13.8301857,2275 39.5544783,13.8303307,2275 39.5547593,13.8305823,2275 39.5544252,13.8308523,2275 39.5528087,13.8314221,2275 39.5514174,13.8314358,2275 39.5506137,13.8316624,2275 39.5485327,13.8327426,2275 39.5482278,13.8330127,2275 39.5482580,13.8332827,2275 39.5486595,13.8335527,2275 39.5510445,13.8340928,2275 39.5508224,13.8346329,2275 39.5514174,13.8352785,2275 39.5519739,13.8349599,2275 39.5530870,13.8348159,2275 39.5533335,13.8351730,2275 39.5533652,13.8357883,2275 39.5536435,13.8357498,2275 39.5539217,13.8355233,2275 39.5550348,13.8342335,2275 39.5553130,13.8341119,2275 39.5555913,13.8341584,2275 39.5558324,13.8346329,2275 39.5562081,13.8349030,2275 39.5562097,13.8354430,2275 39.5564104,13.8357131,2275 39.5567043,13.8357685,2275 39.5574783,13.8349030,2275 39.5577351,13.8340928,2275 39.5580957,13.8339712,2275 39.5586522,13.8341148,2275 39.5591197,13.8339251,2275</coordinates></LineString></Placemark><Placemark><name>2275 m</name><styleUrl>#minor</styleUrl><ExtendedData><Data name="elevation"><value>2275</value></Data></ExtendedData><LineString><tessellate>1</tessellate><altitudeMode>clampToGround</altitudeMode><coordinates>39.5591197,13.8510874,2275 39.5575391,13.8509175,2275 39.5564261,13.8514032,2275 39.5558696,13.8518026,2275 39.5556237,13.8524557,2275 39.5553731,13.8527257,2275 39.5554064,13.8529958,2275 39.5561478,13.8532714,2275 39.5591197,13.8540629,2275</coordinates></LineString></Placemark><Placemark><name>2300 m</name><styleUrl>#minor</styleUrl><ExtendedData><Data name="elevation"><value>2300</value></Data></ExtendedData><LineString><tessellate>1</tessellate><altitudeMode>clampToGround</altitudeMode><coordinates>39.5502458,13.8281519,2300 39.5508609,13.8286340,2300 39.5516957,13.8287775,2300 39.5519041,13.8289620,2300 39.5518887,13.8295021,2300 39.5515541,13.8300422,2300 39.5516565,13.8303122,2300 39.5523336,13.8305823,2300 39.5523289,13.8308523,2300 39.5503043,13.8313332,2300 39.5483565,13.8322388,2300 39.5470855,13.8324726,2300 39.5465865,13.8327426,2300 39.5461304,13.8332741,2300 39.5455789,13.8335527,2300 39.5452957,13.8338509,2300 39.5450174,13.8339326,2300 39.5439043,13.8338041,2300 39.5431242,13.8332827,2300 39.5427913,13.8328557,2300 39.5422348,13.8327493,2300 39.5413580,13.8330127,2300 39.5412353,13.8332827,2300 39.5419565,13.8337776,2300 39.5422128,13.8340928,2300 39.5419565,13.8342168,2300 39.5405652,13.8343616,2300 39.5400087,13.8341876,2300 39.5390113,13.8332827,2300 39.5388403,13.8330127,2300 39.5388393,13.8327426,2300 39.5390721,13.8324726,2300 39.5416783,13.8313494,2300 39.5419565,13.8313027,2300 39.5427913,13.8316028,2300 39.5450174,13.8313438,2300 39.5458522,13.8314690,2300 39.5466870,13.8310235,2300 39.5469652,13.8306811,2300 39.5491913,13.8302435,2300 39.5494789,13.8300422,2300 39.5487331,13.8289620,2300 39.5489130,13.8287379,2300 39.5497478,13.8286745,2300 39.5502458,13.8281519,2300</coordinates></LineString></Placemark><Placemark><name>2300 m</name><styleUrl>#minor</styleUrl><ExtendedData><Data name="elevation"><value>2300</value></Data></ExtendedData><LineString><tessellate>1</tessellate><altitudeMode>clampToGround</altitudeMode><coordinates>39.5591197,13.8467001,2300 39.5590461,13.8470549,2300 39.5588579,13.8473249,2300 39.5588863,13.8475949,2300 39.5591197,13.8481084,2300</coordinates></LineString></Placemark><Placemark><name>2300 m</name><styleUrl>#minor</styleUrl><ExtendedData><Data name="elevation"><value>2300</value></Data></ExtendedData><LineString><tessellate>1</tessellate><altitudeMode>clampToGround</altitudeMode><coordinates>39.5591197,13.8508661,2300 39.5575391,13.8506524,2300 39.5567043,13.8509042,2300 39.5561478,13.8509511,2300 39.5539217,13.8495949,2300 39.5530870,13.8484651,2300 39.5519739,13.8478930,2300 39.5503043,13.8477623,2300 39.5491913,13.8474992,2300 39.5487489,13.8473249,2300 39.5480783,13.8468490,2300 39.5469652,13.8468722,2300 39.5465162,13.8462447,2300 39.5461304,13.8459683,2300 39.5452957,13.8461116,2300 39.5450174,13.8459344,2300 39.5444646,13.8451646,2300 39.5443961,13.8448945,2300 39.5446192,13.8443544,2300 39.5458522,13.8435613,2300 39.5464553,13.8427342,2300 39.5467585,13.8416540,2300 39.5467734,13.8413840,2300 39.5466314,13.8411139,2300 39.5452231,13.8405738,2300 39.5447391,13.8400849,2300 39.5433478,13.8401260,2300 39.5425130,13.8403905,2300 39.5411217,13.8405939,2300 39.5402870,13.8404978,2300 39.5391739,13.8400472,2300 39.5387498,13.8397637,2300 39.5385529,13.8394937,2300 39.5386214,13.8392236,2300 39.5388957,13.8390370,2300 39.5411217,13.8398378,2300 39.5419565,13.8397020,2300 39.5433478,13.8397040,2300 39.5439043,13.8394609,2300 39.5450174,13.8392951,2300 39.5453540,13.8389536,2300 39.5453338,13.8386835,2300 39.5446640,13.8381435,2300 39.5445369,13.8378734,2300 39.5455739,13.8375762,2300 39.5469652,13.8374350,2300 39.5471720,13.8373333,2300 39.5476811,13.8365232,2300 39.5477198,13.8362532,2300 39.5473665,13.8351730,2300 39.5475217,13.8350600,2300 39.5483565,13.8354251,2300 39.5486348,13.8360176,2300 39.5494696,13.8363393,2300 39.5511391,13.8375689,2300 39.5519739,13.8377095,2300 39.5528087,13.8383059,2300 39.5532698,13.8376034,2300 39.5536285,13.8373333,2300 39.5547565,13.8371168,2300 39.5555913,13.8373618,2300 39.5561478,13.8384816,2300 39.5575391,13.8374675,2300 39.5580957,13.8371987,2300 39.5591197,13.8359289,2300</coordinates></LineString></Placemark><Placemark><name>2300 m</name><styleUrl>#minor</styleUrl><ExtendedData><Data name="elevation"><value>2300</value></Data></ExtendedData><LineString><tessellate>1</tessellate><altitudeMode>clampToGround</altitudeMode><coordinates>39.5447777,13.8629873,2300 39.5450174,13.8628820,2300 39.5455534,13.8629873,2300 39.5450174,13.8631325,2300 39.5447777,13.8629873,2300</coordinates></LineString></Placemark><Placemark><name>2300 m</name><styleUrl>#minor</styleUrl><ExtendedData><Data name="elevation"><value>2300</value></Data></ExtendedData><LineString><tessellate>1</tessellate><altitudeMode>clampToGround</altitudeMode><coordinates>39.5458477,13.8629873,2300 39.5461517,13.8629873,2300</coordinates></LineString></Placemark><Placemark><name>2300 m</name><styleUrl>#minor</styleUrl><ExtendedData><Data name="elevation"><value>2300</value></Data></ExtendedData><LineString><tessellate>1</tessellate><altitudeMode>clampToGround</altitudeMode><coordinates>39.5469374,13.8632574,2300 39.5472435,13.8630375,2300 39.5483565,13.8631612,2300 39.5487666,13.8635274,2300 39.5489019,13.8637975,2300 39.5488404,13.8643376,2300 39.5483565,13.8648584,2300 39.5480783,13.8649388,2300 39.5478000,13.8648799,2300 39.5470930,13.8643376,2300 39.5469265,13.8640675,2300 39.5467430,13.8635274,2300 39.5469374,13.8632574,2300</coordinates></LineString></Placemark><Placemark><name>2300 m</name><styleUrl>#minor</styleUrl><ExtendedData><Data name="elevation"><value>2300</value></Data></ExtendedData><LineString><tessellate>1</tessellate><altitudeMode>clampToGround</altitudeMode><coordinates>39.5431216,13.8720000,2300 39.5426864,13.8710886,2300 39.5426186,13.8705485,2300 39.5427471,13.8702785,2300 39.5433478,13.8698974,2300 39.5434305,13.8697384,2300 39.5436298,13.8683882,2300 39.5441826,13.8678167,2300 39.5450801,13.8678481,2300 39.5452006,13.8675781,2300 39.5450174,13.8667177,2300 39.5452957,13.8667681,2300 39.5465002,13.8683882,2300 39.5469652,13.8685468,2300 39.5475217,13.8684149,2300 39.5481229,13.8686582,2300 39.5481485,13.8683882,2300 39.5477045,13.8675781,2300 39.5475393,13.8670380,2300 39.5474123,13.8662278,2300 39.5483565,13.8653135,2300 39.5494696,13.8644293,2300 39.5497188,13.8643376,2300 39.5495017,13.8637975,2300 39.5495774,13.8632574,2300 39.5494696,13.8630753,2300 39.5489130,13.8625454,2300 39.5482782,13.8621772,2300 39.5482367,13.8613671,2300 39.5478000,13.8603169,2300 39.5475152,13.8608270,2300 39.5472435,13.8610449,2300 39.5470982,13.8608270,2300 39.5470587,13.8600169,2300 39.5466295,13.8597468,2300 39.5465300,13.8594768,2300 39.5475217,13.8566316,2300 39.5483565,13.8560803,2300 39.5493188,13.8556962,2300 39.5500261,13.8549139,2300 39.5503043,13.8548500,2300 39.5514174,13.8550202,2300 39.5519739,13.8546661,2300 39.5522522,13.8546736,2300 39.5533652,13.8550964,2300 39.5537236,13.8548861,2300 39.5536435,13.8543106,2300 39.5541740,13.8538059,2300 39.5553130,13.8533629,2300 39.5558696,13.8533945,2300 39.5578174,13.8540502,2300 39.5580957,13.8542526,2300 39.5586522,13.8542577,2300 39.5591197,13.8543823,2300</coordinates></LineString></Placemark><Placemark><name>2325 m</name><styleUrl>#minor</styleUrl><ExtendedData><Data name="elevation"><value>2325</value></Data></ExtendedData><LineString><tessellate>1</tessellate><altitudeMode>clampToGround</altitudeMode><coordinates>39.5493663,13.8308523,2325 39.5499154,13.8308523,2325 39.5498087,13.8311224,2325 39.5491913,13.8314444,2325 39.5480783,13.8315165,2325 39.5475217,13.8317456,2325 39.5472187,13.8316624,2325 39.5472207,13.8313924,2325 39.5475217,13.8311976,2325 39.5483565,13.8311689,2325 39.5493663,13.8308523,2325</coordinates></LineString></Placemark><Placemark><name>2325 m</name><styleUrl>#minor</styleUrl><ExtendedData><Data name="elevation"><value>2325</value></Data></ExtendedData><LineString><tessellate>1</tessellate><altitudeMode>clampToGround</altitudeMode><coordinates>39.5591197,13.8454317,2325 39.5587395,13.8467848,2325 39.5584189,13.8473249,2325 39.5589304,13.8486098,2325 39.5591197,13.8487237,2325</coordinates></LineString></Placemark><Placemark><name>2325 m</name><styleUrl>#minor</styleUrl><ExtendedData><Data name="elevation"><value>2325</value></Data></ExtendedData><LineString><tessellate>1</tessellate><altitudeMode>clampToGround</altitudeMode><coordinates>39.5591197,13.8505362,2325 39.5586522,13.8505996,2325 39.5575391,13.8503371,2325 39.5567043,13.8504780,2325 39.5561478,13.8504346,2325 39.5543388,13.8492152,2325 39.5538534,13.8484051,2325 39.5533412,13.8478650,2325 39.5519739,13.8473503,2325 39.5505826,13.8473204,2325 39.5491913,13.8469744,2325 39.5484098,13.8465148,2325 39.5475217,13.8463088,2325 39.5464087,13.8456657,2325 39.5455739,13.8453904,2325 39.5450938,13.8448945,2325 39.5450162,13.8446245,2325 39.5451631,13.8443544,2325 39.5461304,13.8438293,2325 39.5465613,13.8432743,2325 39.5473984,13.8413840,2325 39.5473090,13.8411139,2325 39.5470538,13.8408439,2325 39.5457764,13.8403038,2325 39.5454858,13.8400338,2325 39.5454373,13.8397637,2325 39.5455673,13.8394937,2325 39.5458522,13.8390630,2325 39.5461304,13.8388792,2325 39.5469652,13.8390652,2325 39.5475217,13.8387269,2325 39.5483565,13.8388822,2325 39.5491913,13.8387767,2325 39.5497478,13.8388546,2325 39.5505826,13.8393172,2325 39.5516957,13.8391560,2325 39.5519758,13.8397637,2325 39.5525304,13.8400378,2325 39.5528087,13.8400198,2325 39.5530870,13.8398374,2325 39.5539217,13.8388631,2325 39.5542000,13.8387214,2325 39.5547565,13.8387748,2325 39.5550348,13.8390674,2325 39.5551325,13.8397637,2325 39.5557382,13.8405738,2325 39.5558696,13.8412969,2325 39.5561478,13.8412185,2325 39.5563182,13.8403038,2325 39.5567043,13.8398146,2325 39.5575391,13.8394744,2325 39.5584928,13.8394937,2325 39.5591197,13.8390828,2325</coordinates></LineString></Placemark><Placemark><name>2325 m</name><styleUrl>#minor</styleUrl><ExtendedData><Data name="elevation"><value>2325</value></Data></ExtendedData><LineString><tessellate>1</tessellate><altitudeMode>clampToGround</altitudeMode><coordinates>39.5457038,13.8720000,2325 39.5455738,13.8716287,2325 39.5455739,13.8712102,2325 39.5458522,13.8710130,2325 39.5466870,13.8716416,2325 39.5474635,13.8720000,2325</coordinates></LineString></Placemark><Placemark><name>2325 m</name><styleUrl>#minor</styleUrl><ExtendedData><Data name="elevation"><value>2325</value></Data></ExtendedData><LineString><tessellate>1</tessellate><altitudeMode>clampToGround</altitudeMode><coordinates>39.5506393,13.8720000,2325 39.5506793,13.8716287,2325 39.5508609,13.8713990,2325 39.5511391,13.8713479,2325 39.5512354,13.8710886,2325 39.5493738,13.8681181,2325 39.5495181,13.8670380,2325 39.5497478,13.8666818,2325 39.5505826,13.8665745,2325 39.5511391,13.8666768,2325 39.5514174,13.8667933,2325 39.5516957,13.8673552,2325 39.5522522,13.8677650,2325 39.5525304,13.8677065,2325 39.5528368,13.8670380,2325 39.5528528,13.8667679,2325 39.5527169,13.8664979,2325 39.5528689,13.8659578,2325 39.5523953,13.8654177,2325 39.5522934,13.8646076,2325 39.5526700,13.8640675,2325 39.5526216,13.8635274,2325 39.5530870,13.8630423,2325 39.5534358,13.8629873,2325 39.5537587,13.8627173,2325 39.5536435,13.8625598,2325 39.5530870,13.8629283,2325 39.5525304,13.8628751,2325 39.5516957,13.8622921,2325 39.5514174,13.8622690,2325 39.5508609,13.8619065,2325 39.5506702,13.8616371,2325 39.5508584,13.8610970,2325 39.5507797,13.8608270,2325 39.5503043,13.8606121,2325 39.5497478,13.8606652,2325 39.5494696,13.8604867,2325 39.5493663,13.8602869,2325 39.5493414,13.8600169,2325 39.5496714,13.8589367,2325 39.5499923,13.8583966,2325 39.5490191,13.8578565,2325 39.5488070,13.8575865,2325 39.5488220,13.8573165,2325 39.5489406,13.8567764,2325 39.5497478,13.8561049,2325 39.5503043,13.8554335,2325 39.5508609,13.8554079,2325 39.5522522,13.8556482,2325 39.5528087,13.8556287,2325 39.5530870,13.8557809,2325 39.5539217,13.8559500,2325 39.5542000,13.8557858,2325 39.5547224,13.8556962,2325 39.5548478,13.8554262,2325 39.5542664,13.8546160,2325 39.5543412,13.8543460,2325 39.5555913,13.8537039,2325 39.5561330,13.8538059,2325 39.5567043,13.8543000,2325 39.5575391,13.8545321,2325 39.5577198,13.8551561,2325 39.5589497,13.8556962,2325 39.5589793,13.8562363,2325 39.5591197,13.8565284,2325</coordinates></LineString></Placemark><Placemark><name>2325 m</name><styleUrl>#minor</styleUrl><ExtendedData><Data name="elevation"><value>2325</value></Data></ExtendedData><LineString><tessellate>1</tessellate><altitudeMode>clampToGround</altitudeMode><coordinates>39.5591197,13.8581265,2325 39.5590582,13.8581266,2325 39.5591197,13.8581839,2325</coordinates></LineString></Placemark><Placemark><name>2350 m</name><styleUrl>#minor</styleUrl><ExtendedData><Data name="elevation"><value>2350</value></Data></ExtendedData><LineString><tessellate>1</tessellate><altitudeMode>clampToGround</altitudeMode><coordinates>39.5493995,13.8405738,2350 39.5494696,13.8403408,2350 39.5495658,13.8405738,2350 39.5497478,13.8406721,2350 39.5505826,13.8406028,2350 39.5514174,13.8410452,2350 39.5528087,13.8410313,2350 39.5533652,13.8408780,2350 39.5536435,13.8406257,2350 39.5542000,13.8404250,2350 39.5547054,13.8408439,2350 39.5550656,13.8419241,2350 39.5553130,13.8421071,2350 39.5564261,13.8422618,2350 39.5576719,13.8421941,2350 39.5579245,13.8419241,2350 39.5578886,13.8416540,2350 39.5575057,13.8411139,2350 39.5578174,13.8409266,2350 39.5580957,13.8409048,2350 39.5583739,13.8410278,2350 39.5582733,13.8419241,2350 39.5591197,13.8439571,2350</coordinates></LineString></Placemark><Placemark><name>2350 m</name><styleUrl>#minor</styleUrl><ExtendedData><Data name="elevation"><value>2350</value></Data></ExtendedData><LineString><tessellate>1</tessellate><altitudeMode>clampToGround</altitudeMode><coordinates>39.5591197,13.8442781,2350 39.5587293,13.8457046,2350 39.5579621,13.8473249,2350 39.5579712,13.8475949,2350 39.5584901,13.8486751,2350 39.5591197,13.8490849,2350</coordinates></LineString></Placemark><Placemark><name>2350 m</name><styleUrl>#minor</styleUrl><ExtendedData><Data name="elevation"><value>2350</value></Data></ExtendedData><LineString><tessellate>1</tessellate><altitudeMode>clampToGround</altitudeMode><coordinates>39.5591197,13.8502366,2350 39.5586522,13.8503613,2350 39.5575391,13.8500428,2350 39.5564261,13.8501052,2350 39.5561478,13.8499867,2350 39.5555772,13.8494852,2350 39.5533652,13.8474063,2350 39.5528087,13.8471020,2350 39.5522522,13.8469788,2350 39.5503043,13.8469146,2350 39.5494696,13.8466764,2350 39.5475217,13.8460145,2350 39.5455739,13.8449246,2350 39.5455514,13.8446245,2350 39.5461304,13.8443551,2350 39.5466861,13.8438143,2350 39.5478000,13.8419570,2350 39.5490059,13.8411139,2350 39.5493995,13.8405738,2350</coordinates></LineString></Placemark><Placemark><name>2350 m</name><styleUrl>#minor</styleUrl><ExtendedData><Data name="elevation"><value>2350</value></Data></ExtendedData><LineString><tessellate>1</tessellate><altitudeMode>clampToGround</altitudeMode><coordinates>39.5591197,13.8712218,2350 39.5583739,13.8707900,2350 39.5575391,13.8707142,2350 39.5573158,13.8708186,2350 39.5572537,13.8710886,2350 39.5575046,13.8718987,2350 39.5575759,13.8720000,2350</coordinates></LineString></Placemark><Placemark><name>2350 m</name><styleUrl>#minor</styleUrl><ExtendedData><Data name="elevation"><value>2350</value></Data></ExtendedData><LineString><tessellate>1</tessellate><altitudeMode>clampToGround</altitudeMode><coordinates>39.5556919,13.8720000,2350 39.5556512,13.8718987,2350 39.5549086,13.8710886,2350 39.5545989,13.8705485,2350 39.5545684,13.8702785,2350 39.5547565,13.8700317,2350 39.5550348,13.8699800,2350 39.5561478,13.8703659,2350 39.5564782,13.8702785,2350 39.5566295,13.8697384,2350 39.5563143,13.8689283,2350 39.5563776,13.8683882,2350 39.5561869,13.8678481,2350 39.5562757,13.8673080,2350 39.5574865,13.8670380,2350 39.5579232,13.8667679,2350 39.5579338,13.8659578,2350 39.5574913,13.8651477,2350 39.5570116,13.8646076,2350 39.5569977,13.8643376,2350 39.5567043,13.8636784,2350 39.5566958,13.8629873,2350 39.5554901,13.8616371,2350 39.5554964,13.8613671,2350 39.5558313,13.8605570,2350 39.5557430,13.8602869,2350 39.5555913,13.8601303,2350 39.5537224,13.8602869,2350 39.5533652,13.8610001,2350 39.5528087,13.8616468,2350 39.5525854,13.8610970,2350 39.5527768,13.8602869,2350 39.5522921,13.8594768,2350 39.5517593,13.8589367,2350 39.5522147,13.8586667,2350 39.5522375,13.8583966,2350 39.5520541,13.8578565,2350 39.5516957,13.8575121,2350 39.5510214,13.8573165,2350 39.5504746,13.8567764,2350 39.5505442,13.8565063,2350 39.5508609,13.8562341,2350 39.5516957,13.8561845,2350 39.5522522,13.8564952,2350 39.5528087,13.8564763,2350 39.5537850,13.8567764,2350 39.5547565,13.8573282,2350 39.5553130,13.8570199,2350 39.5561478,13.8571411,2350 39.5564321,13.8573165,2350 39.5563759,13.8575865,2350 39.5557360,13.8581266,2350 39.5558483,13.8586667,2350 39.5561478,13.8589633,2350 39.5564261,13.8591412,2350 39.5569847,13.8589367,2350 39.5576975,13.8597468,2350 39.5580957,13.8600091,2350 39.5583739,13.8599571,2350 39.5589304,13.8594792,2350 39.5591197,13.8595690,2350</coordinates></LineString></Placemark><Placemark><name>2375 m</name><styleUrl>#major</styleUrl><ExtendedData><Data name="elevation"><value>2375</value></Data></ExtendedData><LineString><tessellate>1</tessellate><altitudeMode>clampToGround</altitudeMode><coordinates>39.5499224,13.8416540,2375 39.5511391,13.8415072,2375 39.5519739,13.8415952,2375 39.5525304,13.8414287,2375 39.5539217,13.8414851,2375 39.5542000,13.8416585,2375 39.5548031,13.8424641,2375 39.5552643,13.8427342,2375 39.5555913,13.8427614,2375 39.5561478,13.8425991,2375 39.5572609,13.8426905,2375 39.5578174,13.8428586,2375 39.5580957,13.8430888,2375 39.5584307,13.8435443,2375 39.5585849,13.8443544,2375 39.5585625,13.8451646,2375 39.5579862,13.8465148,2375 39.5576226,13.8470549,2375 39.5575345,13.8475949,2375 39.5578174,13.8485285,2375 39.5583739,13.8493109,2375 39.5588614,13.8497553,2375 39.5586659,13.8500253,2375 39.5575391,13.8497185,2375 39.5567043,13.8496821,2375 39.5564261,13.8495330,2375 39.5554540,13.8486751,2375 39.5544783,13.8481055,2375 39.5534433,13.8470549,2375 39.5530870,13.8468569,2375 39.5525304,13.8467492,2375 39.5508609,13.8467513,2375 39.5500261,13.8466467,2375 39.5475217,13.8458071,2375 39.5464521,13.8451646,2375 39.5462203,13.8448945,2375 39.5471428,13.8438143,2375 39.5480165,13.8424641,2375 39.5489130,13.8418947,2375 39.5499224,13.8416540,2375</coordinates></LineString></Placemark><Placemark><name>2400 m</name><styleUrl>#minor</styleUrl><ExtendedData><Data name="elevation"><value>2400</value></Data></ExtendedData><LineString><tessellate>1</tessellate><altitudeMode>clampToGround</altitudeMode><coordinates>39.5496400,13.8421941,2400 39.5505826,13.8419714,2400 39.5514174,13.8420477,2400 39.5536435,13.8419851,2400 39.5539217,13.8420997,2400 39.5544218,13.8427342,2400 39.5549841,13.8430042,2400 39.5558696,13.8431625,2400 39.5572609,13.8430343,2400 39.5578174,13.8432591,2400 39.5581652,13.8438143,2400 39.5582811,13.8446245,2400 39.5580904,13.8454346,2400 39.5575391,13.8465592,2400 39.5573044,13.8473249,2400 39.5574197,13.8484051,2400 39.5577124,13.8492152,2400 39.5575391,13.8493405,2400 39.5569826,13.8493422,2400 39.5567043,13.8492162,2400 39.5555215,13.8484051,2400 39.5547565,13.8480759,2400 39.5533652,13.8467193,2400 39.5528087,13.8465775,2400 39.5503043,13.8465457,2400 39.5489130,13.8459822,2400 39.5477636,13.8457046,2400 39.5469079,13.8451646,2400 39.5468399,13.8448945,2400 39.5482217,13.8430042,2400 39.5489130,13.8423898,2400 39.5496400,13.8421941,2400</coordinates></LineString></Placemark><Placemark><name>2425 m</name><styleUrl>#minor</styleUrl><ExtendedData><Data name="elevation"><value>2425</value></Data></ExtendedData><LineString><tessellate>1</tessellate><altitudeMode>clampToGround</altitudeMode><coordinates>39.5498839,13.8427342,2425 39.5516957,13.8426452,2425 39.5558696,13.8434681,2425 39.5572609,13.8433903,2425 39.5578174,13.8436927,2425 39.5579772,13.8440844,2425 39.5579997,13.8446245,2425 39.5576880,13.8457046,2425 39.5572609,13.8466794,2425 39.5571160,13.8475949,2425 39.5571437,13.8484051,2425 39.5569826,13.8488064,2425 39.5550348,13.8480546,2425 39.5544497,13.8475949,2425 39.5537844,13.8467848,2425 39.5533652,13.8464924,2425 39.5528087,13.8463731,2425 39.5516957,13.8464370,2425 39.5503043,13.8463475,2425 39.5491913,13.8458145,2425 39.5480783,13.8455191,2425 39.5474996,13.8451646,2425 39.5474422,13.8448945,2425 39.5476867,13.8443544,2425 39.5486348,13.8431430,2425 39.5489130,13.8429083,2425 39.5498839,13.8427342,2425</coordinates></LineString></Placemark><Placemark><name>2450 m</name><styleUrl>#minor</styleUrl><ExtendedData><Data name="elevation"><value>2450</value></Data></ExtendedData><LineString><tessellate>1</tessellate><altitudeMode>clampToGround</altitudeMode><coordinates>39.5487158,13.8438143,2450 39.5494696,13.8436210,2450 39.5503043,13.8437102,2450 39.5514174,13.8436302,2450 39.5530870,13.8441714,2450 39.5555913,13.8437846,2450 39.5569826,13.8436969,2450 39.5575002,13.8438143,2450 39.5576877,13.8440844,2450 39.5577091,13.8443544,2450 39.5574645,13.8457046,2450 39.5571318,13.8465148,2450 39.5569013,13.8481350,2450 39.5567043,13.8483764,2450 39.5564261,13.8483474,2450 39.5550348,13.8478983,2450 39.5539217,13.8466109,2450 39.5533652,13.8462310,2450 39.5525304,13.8461282,2450 39.5516957,13.8462573,2450 39.5505826,13.8461486,2450 39.5500543,13.8459747,2450 39.5491913,13.8454825,2450 39.5481723,13.8451646,2450 39.5478900,13.8448945,2450 39.5479064,13.8446245,2450 39.5480783,13.8442914,2450 39.5487158,13.8438143,2450</coordinates></LineString></Placemark><Placemark><name>2475 m</name><styleUrl>#minor</styleUrl><ExtendedData><Data name="elevation"><value>2475</value></Data></ExtendedData><LineString><tessellate>1</tessellate><altitudeMode>clampToGround</altitudeMode><coordinates>39.5568232,13.8440844,2475 39.5572649,13.8440844,2475 39.5573460,13.8443544,2475 39.5572999,13.8454346,2475 39.5570289,13.8462447,2475 39.5567056,13.8478650,2475 39.5564261,13.8480904,2475 39.5555913,13.8479824,2475 39.5550348,13.8477010,2475 39.5546044,13.8470549,2475 39.5536435,13.8460340,2475 39.5528087,13.8458309,2475 39.5516957,13.8460063,2475 39.5505826,13.8458133,2475 39.5497478,13.8454027,2475 39.5486630,13.8446245,2475 39.5494696,13.8444319,2475 39.5503043,13.8444198,2475 39.5533652,13.8448512,2475 39.5568232,13.8440844,2475</coordinates></LineString></Placemark><Placemark><name>2500 m</name><styleUrl>#major</styleUrl><ExtendedData><Data name="elevation"><value>2500</value></Data></ExtendedData><LineString><tessellate>1</tessellate><altitudeMode>clampToGround</altitudeMode><coordinates>39.5554114,13.8448945,2500 39.5564261,13.8446633,2500 39.5567043,13.8446712,2500 39.5568644,13.8448945,2500 39.5569969,13.8457046,2500 39.5567674,13.8465148,2500 39.5566818,13.8473249,2500 39.5563494,13.8478650,2500 39.5556666,13.8478650,2500 39.5551779,13.8475949,2500 39.5549740,13.8470549,2500 39.5544636,13.8465148,2500 39.5539728,13.8457046,2500 39.5541235,13.8454346,2500 39.5554114,13.8448945,2500</coordinates></LineString></Placemark><Placemark><name>2525 m</name><styleUrl>#minor</styleUrl><ExtendedData><Data name="elevation"><value>2525</value></Data></ExtendedData><LineString><tessellate>1</tessellate><altitudeMode>clampToGround</altitudeMode><coordinates>39.5563047,13.8457046,2525 39.5564261,13.8456392,2525 39.5565084,13.8459747,2525 39.5564261,13.8463467,2525 39.5561859,13.8465148,2525 39.5564261,13.8469092,2525 39.5564261,13.8474148,2525 39.5561478,13.8476814,2525 39.5555913,13.8476135,2525 39.5554576,13.8473249,2525 39.5555913,13.8466319,2525 39.5560691,13.8462447,2525 39.5560851,13.8459747,2525 39.5563047,13.8457046,2525</coordinates></LineString></Placemark></Folder></Document></kml>