<?xml version='1.0' encoding='utf-8'?>
<kml xmlns="http://www.opengis.net/kml/2.2"><Document><name>Contours near 20.3100°N, 81.9150°E</name><description>Contains modified Copernicus DEM GLO-30 data: © DLR e.V. 2010-2014 and © Airbus Defence and Space GmbH 2014-2018, provided under COPERNICUS by the European Union and ESA. Contour interval 5 m, generated 2026-09-27 by Village Pond Planner. DEM-derived lines, not a field survey.</description><Style id="minor"><LineStyle><color>ff4f7f93</color><width>1</width></LineStyle></Style><Style id="major"><LineStyle><color>ff1d4f63</color><width>2.2</width></LineStyle></Style><Folder><name>Contours 5 m</name><Placemark><name>430 m</name><styleUrl>#minor</styleUrl><ExtendedData><Data name="elevation"><value>430</value></Data></ExtendedData><LineString><tessellate>1</tessellate><altitudeMode>clampToGround</altitudeMode><coordinates>81.9019880,20.3055114,430 81.9016365,20.3057966,430 81.9016988,20.3060053,430 81.9026955,20.3057966,430 81.9023244,20.3055254,430 81.9019880,20.3055114,430</coordinates></LineString></Placemark><Placemark><name>430 m</name><styleUrl>#minor</styleUrl><ExtendedData><Data name="elevation"><value>430</value></Data></ExtendedData><LineString><tessellate>1</tessellate><altitudeMode>clampToGround</altitudeMode><coordinates>81.9014096,20.3060422,430 81.9013026,20.3060678,430 81.9015715,20.3060678,430 81.9014096,20.3060422,430</coordinates></LineString></Placemark><Placemark><name>430 m</name><styleUrl>#minor</styleUrl><ExtendedData><Data name="elevation"><value>430</value></Data></ExtendedData><LineString><tessellate>1</tessellate><altitudeMode>clampToGround</altitudeMode><coordinates>81.9008313,20.3065338,430 81.9007439,20.3066102,430 81.9008313,20.3066600,430 81.9008313,20.3065338,430</coordinates></LineString></Placemark><Placemark><name>430 m</name><styleUrl>#minor</styleUrl><ExtendedData><Data name="elevation"><value>430</value></Data></ExtendedData><LineString><tessellate>1</tessellate><altitudeMode>clampToGround</altitudeMode><coordinates>81.9005422,20.3072965,430 81.9004855,20.3079661,430 81.9008313,20.3083719,430 81.9008634,20.3076949,430 81.9005422,20.3072965,430</coordinates></LineString></Placemark><Placemark><name>430 m</name><styleUrl>#minor</styleUrl><ExtendedData><Data name="elevation"><value>430</value></Data></ExtendedData><LineString><tessellate>1</tessellate><altitudeMode>clampToGround</altitudeMode><coordinates>81.9092169,20.3076439,430 81.9089900,20.3076949,430 81.9097952,20.3080896,430 81.9106229,20.3079661,430 81.9103321,20.3076949,430 81.9100843,20.3076228,430 81.9092169,20.3076439,430</coordinates></LineString></Placemark><Placemark><name>430 m</name><styleUrl>#minor</styleUrl><ExtendedData><Data name="elevation"><value>430</value></Data></ExtendedData><LineString><tessellate>1</tessellate><altitudeMode>clampToGround</altitudeMode><coordinates>81.9118193,20.3076835,430 81.9115301,20.3078818,430 81.9107890,20.3079661,430 81.9126867,20.3081104,430 81.9135542,20.3080636,430 81.9137170,20.3079661,430 81.9123976,20.3076277,430 81.9118193,20.3076835,430</coordinates></LineString></Placemark><Placemark><name>430 m</name><styleUrl>#minor</styleUrl><ExtendedData><Data name="elevation"><value>430</value></Data></ExtendedData><LineString><tessellate>1</tessellate><altitudeMode>clampToGround</altitudeMode><coordinates>81.9138434,20.3081416,430 81.9137879,20.3082373,430 81.9141325,20.3083579,430 81.9144189,20.3082373,430 81.9141325,20.3080449,430 81.9138434,20.3081416,430</coordinates></LineString></Placemark><Placemark><name>430 m</name><styleUrl>#minor</styleUrl><ExtendedData><Data name="elevation"><value>430</value></Data></ExtendedData><LineString><tessellate>1</tessellate><altitudeMode>clampToGround</altitudeMode><coordinates>81.9147108,20.3082361,430 81.9145292,20.3082373,430 81.9147108,20.3085153,430 81.9147108,20.3082361,430</coordinates></LineString></Placemark><Placemark><name>430 m</name><styleUrl>#minor</styleUrl><ExtendedData><Data name="elevation"><value>430</value></Data></ExtendedData><LineString><tessellate>1</tessellate><altitudeMode>clampToGround</altitudeMode><coordinates>81.9161566,20.3084942,430 81.9160507,20.3085085,430 81.9164458,20.3085212,430 81.9167349,20.3087856,430 81.9175788,20.3087797,430 81.9173133,20.3084848,430 81.9161566,20.3084942,430</coordinates></LineString></Placemark><Placemark><name>430 m</name><styleUrl>#minor</styleUrl><ExtendedData><Data name="elevation"><value>430</value></Data></ExtendedData><LineString><tessellate>1</tessellate><altitudeMode>clampToGround</altitudeMode><coordinates>81.9178916,20.3085546,430 81.9176171,20.3087797,430 81.9187590,20.3092306,430 81.9190482,20.3094861,430 81.9198353,20.3109492,430 81.9199157,20.3116236,430 81.9202048,20.3115346,430 81.9202481,20.3112203,430 81.9199661,20.3109492,430 81.9199970,20.3106780,430 81.9203709,20.3104068,430 81.9204580,20.3101356,430 81.9202424,20.3093220,430 81.9190482,20.3086606,430 81.9178916,20.3085546,430</coordinates></LineString></Placemark><Placemark><name>430 m</name><styleUrl>#minor</styleUrl><ExtendedData><Data name="elevation"><value>430</value></Data></ExtendedData><LineString><tessellate>1</tessellate><altitudeMode>clampToGround</altitudeMode><coordinates>81.9199157,20.3123787,430 81.9198524,20.3125763,430 81.9200076,20.3128475,430 81.9205642,20.3131186,430 81.9216506,20.3132271,430 81.9232502,20.3131186,430 81.9226686,20.3128475,430 81.9204940,20.3127861,430 81.9202048,20.3126783,430 81.9199157,20.3123787,430</coordinates></LineString></Placemark><Placemark><name>430 m</name><styleUrl>#minor</styleUrl><ExtendedData><Data name="elevation"><value>430</value></Data></ExtendedData><LineString><tessellate>1</tessellate><altitudeMode>clampToGround</altitudeMode><coordinates>81.8968011,20.3119566,430 81.8972050,20.3120339,430 81.8973614,20.3125584,430 81.8979398,20.3126920,430 81.8990964,20.3123642,430 81.8990605,20.3120339,430 81.8993855,20.3118540,430 81.8999639,20.3117605,430 81.9005422,20.3118116,430 81.9011205,20.3115887,430 81.9014281,20.3106780,430 81.9016988,20.3104255,430 81.9019880,20.3104613,430 81.9022771,20.3107885,430 81.9023569,20.3106780,430 81.9022771,20.3103741,430 81.9019041,20.3098644,430 81.9019134,20.3093220,430 81.9020834,20.3090508,430 81.9026678,20.3085085,430 81.9037229,20.3079650,430 81.9043012,20.3077602,430 81.9051687,20.3078276,430 81.9057470,20.3076867,430 81.9063253,20.3078905,430 81.9066145,20.3078147,430 81.9071928,20.3078693,430 81.9077711,20.3080302,430 81.9080602,20.3079177,430 81.9086386,20.3079233,430 81.9088920,20.3076949,430 81.9083494,20.3072994,430 81.9071928,20.3073114,430 81.9069036,20.3071971,430 81.9066145,20.3072998,430 81.9054578,20.3070039,430 81.9043012,20.3068922,430 81.9037229,20.3069010,430 81.9031446,20.3070491,430 81.9022771,20.3075668,430 81.9014096,20.3082883,430 81.9009123,20.3085085,430 81.9006213,20.3098644,430 81.9002530,20.3104729,430 81.8993855,20.3109652,430 81.8985181,20.3109673,430 81.8978387,20.3106780,430 81.8979398,20.3099483,430 81.8982289,20.3098698,430 81.8985181,20.3100338,430 81.8986239,20.3098644,430 81.8985181,20.3097939,430 81.8979398,20.3098470,430 81.8968011,20.3102802,430</coordinates></LineString></Placemark><Placemark><name>435 m</name><styleUrl>#minor</styleUrl><ExtendedData><Data name="elevation"><value>435</value></Data></ExtendedData><LineString><tessellate>1</tessellate><altitudeMode>clampToGround</altitudeMode><coordinates>81.9254096,20.3033665,435 81.9251472,20.3036271,435 81.9254096,20.3037884,435 81.9257054,20.3036271,435 81.9254096,20.3033665,435</coordinates></LineString></Placemark><Placemark><name>435 m</name><styleUrl>#minor</styleUrl><ExtendedData><Data name="elevation"><value>435</value></Data></ExtendedData><LineString><tessellate>1</tessellate><altitudeMode>clampToGround</altitudeMode><coordinates>81.9151119,20.3049831,435 81.9152892,20.3048523,435 81.9154921,20.3049831,435 81.9153781,20.3052542,435 81.9150000,20.3054269,435 81.9147423,20.3052542,435 81.9151119,20.3049831,435</coordinates></LineString></Placemark><Placemark><name>435 m</name><styleUrl>#minor</styleUrl><ExtendedData><Data name="elevation"><value>435</value></Data></ExtendedData><LineString><tessellate>1</tessellate><altitudeMode>clampToGround</altitudeMode><coordinates>81.9204851,20.3055254,435 81.9207831,20.3054759,435 81.9211330,20.3057966,435 81.9207831,20.3061982,435 81.9204747,20.3060678,435 81.9204851,20.3055254,435</coordinates></LineString></Placemark><Placemark><name>435 m</name><styleUrl>#minor</styleUrl><ExtendedData><Data name="elevation"><value>435</value></Data></ExtendedData><LineString><tessellate>1</tessellate><altitudeMode>clampToGround</altitudeMode><coordinates>81.9143942,20.3057966,435 81.9144217,20.3058823,435</coordinates></LineString></Placemark><Placemark><name>435 m</name><styleUrl>#minor</styleUrl><ExtendedData><Data name="elevation"><value>435</value></Data></ExtendedData><LineString><tessellate>1</tessellate><altitudeMode>clampToGround</altitudeMode><coordinates>81.9015155,20.3066102,435 81.9016988,20.3064988,435 81.9019919,20.3066102,435 81.9016988,20.3067689,435 81.9015155,20.3066102,435</coordinates></LineString></Placemark><Placemark><name>435 m</name><styleUrl>#minor</styleUrl><ExtendedData><Data name="elevation"><value>435</value></Data></ExtendedData><LineString><tessellate>1</tessellate><altitudeMode>clampToGround</altitudeMode><coordinates>81.9128578,20.3066102,435 81.9129759,20.3064752,435 81.9132761,20.3066102,435 81.9129759,20.3067272,435 81.9128578,20.3066102,435</coordinates></LineString></Placemark><Placemark><name>435 m</name><styleUrl>#minor</styleUrl><ExtendedData><Data name="elevation"><value>435</value></Data></ExtendedData><LineString><tessellate>1</tessellate><altitudeMode>clampToGround</altitudeMode><coordinates>81.9158357,20.3066102,435 81.9160756,20.3066102,435</coordinates></LineString></Placemark><Placemark><name>435 m</name><styleUrl>#minor</styleUrl><ExtendedData><Data name="elevation"><value>435</value></Data></ExtendedData><LineString><tessellate>1</tessellate><altitudeMode>clampToGround</altitudeMode><coordinates>81.9111763,20.3068814,435 81.9123976,20.3068285,435 81.9126867,20.3071503,435 81.9132651,20.3070242,435 81.9135542,20.3072161,435 81.9136431,20.3074237,435 81.9131493,20.3074237,435 81.9126867,20.3071535,435 81.9112410,20.3072798,435 81.9109518,20.3074696,435 81.9105865,20.3074237,435 81.9105095,20.3071525,435 81.9109518,20.3070863,435 81.9111763,20.3068814,435</coordinates></LineString></Placemark><Placemark><name>435 m</name><styleUrl>#minor</styleUrl><ExtendedData><Data name="elevation"><value>435</value></Data></ExtendedData><LineString><tessellate>1</tessellate><altitudeMode>clampToGround</altitudeMode><coordinates>81.9155336,20.3068814,435 81.9155783,20.3068046,435 81.9156609,20.3068814,435 81.9155783,20.3070881,435 81.9155336,20.3068814,435</coordinates></LineString></Placemark><Placemark><name>435 m</name><styleUrl>#minor</styleUrl><ExtendedData><Data name="elevation"><value>435</value></Data></ExtendedData><LineString><tessellate>1</tessellate><altitudeMode>clampToGround</altitudeMode><coordinates>81.9161481,20.3068814,435 81.9161566,20.3067772,435 81.9164458,20.3067016,435 81.9165506,20.3068814,435 81.9163678,20.3074237,435 81.9166070,20.3076949,435 81.9166283,20.3079661,435 81.9164458,20.3080688,435 81.9155783,20.3077887,435 81.9152892,20.3080202,435 81.9150000,20.3079804,435 81.9147108,20.3076260,435 81.9144217,20.3075446,435 81.9144217,20.3073487,435 81.9147108,20.3070874,435 81.9150000,20.3071232,435 81.9152892,20.3074644,435 81.9155783,20.3071960,435 81.9161708,20.3071525,435 81.9161481,20.3068814,435</coordinates></LineString></Placemark><Placemark><name>435 m</name><styleUrl>#minor</styleUrl><ExtendedData><Data name="elevation"><value>435</value></Data></ExtendedData><LineString><tessellate>1</tessellate><altitudeMode>clampToGround</altitudeMode><coordinates>81.9331989,20.3076545,435 81.9331533,20.3076949,435 81.9329960,20.3087797,435 81.9326386,20.3096637,435 81.9331989,20.3091273,435</coordinates></LineString></Placemark><Placemark><name>435 m</name><styleUrl>#minor</styleUrl><ExtendedData><Data name="elevation"><value>435</value></Data></ExtendedData><LineString><tessellate>1</tessellate><altitudeMode>clampToGround</altitudeMode><coordinates>81.9074821,20.3085085,435 81.9077711,20.3083849,435 81.9083494,20.3084189,435 81.9086934,20.3085085,435 81.9088952,20.3087797,435 81.9083494,20.3093138,435 81.9074106,20.3090508,435 81.9072663,20.3087797,435 81.9074821,20.3085085,435</coordinates></LineString></Placemark><Placemark><name>435 m</name><styleUrl>#minor</styleUrl><ExtendedData><Data name="elevation"><value>435</value></Data></ExtendedData><LineString><tessellate>1</tessellate><altitudeMode>clampToGround</altitudeMode><coordinates>81.9239639,20.3084673,435 81.9239639,20.3085810,435</coordinates></LineString></Placemark><Placemark><name>435 m</name><styleUrl>#minor</styleUrl><ExtendedData><Data name="elevation"><value>435</value></Data></ExtendedData><LineString><tessellate>1</tessellate><altitudeMode>clampToGround</altitudeMode><coordinates>81.9057682,20.3093220,435 81.9060361,20.3091284,435 81.9063253,20.3092954,435 81.9064507,20.3095932,435 81.9063253,20.3098552,435 81.9060361,20.3097755,435 81.9057682,20.3093220,435</coordinates></LineString></Placemark><Placemark><name>435 m</name><styleUrl>#minor</styleUrl><ExtendedData><Data name="elevation"><value>435</value></Data></ExtendedData><LineString><tessellate>1</tessellate><altitudeMode>clampToGround</altitudeMode><coordinates>81.9208073,20.3093220,435 81.9213614,20.3092599,435 81.9216506,20.3093871,435 81.9218847,20.3095932,435 81.9219106,20.3098644,435 81.9213614,20.3103280,435 81.9210723,20.3103231,435 81.9207058,20.3098644,435 81.9206730,20.3095932,435 81.9208073,20.3093220,435</coordinates></LineString></Placemark><Placemark><name>435 m</name><styleUrl>#minor</styleUrl><ExtendedData><Data name="elevation"><value>435</value></Data></ExtendedData><LineString><tessellate>1</tessellate><altitudeMode>clampToGround</altitudeMode><coordinates>81.9048203,20.3095932,435 81.9048795,20.3095181,435 81.9052049,20.3095932,435 81.9048795,20.3096760,435 81.9048203,20.3095932,435</coordinates></LineString></Placemark><Placemark><name>435 m</name><styleUrl>#minor</styleUrl><ExtendedData><Data name="elevation"><value>435</value></Data></ExtendedData><LineString><tessellate>1</tessellate><altitudeMode>clampToGround</altitudeMode><coordinates>81.9221768,20.3101356,435 81.9222697,20.3101356,435 81.9223520,20.3104068,435 81.9222289,20.3106363,435 81.9220809,20.3104068,435 81.9221768,20.3101356,435</coordinates></LineString></Placemark><Placemark><name>435 m</name><styleUrl>#minor</styleUrl><ExtendedData><Data name="elevation"><value>435</value></Data></ExtendedData><LineString><tessellate>1</tessellate><altitudeMode>clampToGround</altitudeMode><coordinates>81.9093457,20.3109492,435 81.9095060,20.3107961,435 81.9097952,20.3107398,435 81.9099736,20.3112203,435 81.9098765,20.3114915,435 81.9093735,20.3112203,435 81.9093457,20.3109492,435</coordinates></LineString></Placemark><Placemark><name>435 m</name><styleUrl>#minor</styleUrl><ExtendedData><Data name="elevation"><value>435</value></Data></ExtendedData><LineString><tessellate>1</tessellate><altitudeMode>clampToGround</altitudeMode><coordinates>81.9207446,20.3109492,435 81.9210723,20.3107526,435 81.9219398,20.3110198,435 81.9222289,20.3107173,435 81.9225298,20.3109492,435 81.9230088,20.3117627,435 81.9231809,20.3125763,435 81.9225181,20.3126146,435 81.9216506,20.3123466,435 81.9215402,20.3123051,435 81.9217676,20.3120339,435 81.9216506,20.3120038,435 81.9213614,20.3120149,435 81.9212756,20.3123051,435 81.9210723,20.3124225,435 81.9204940,20.3123759,435 81.9203095,20.3120339,435 81.9208551,20.3114915,435 81.9207446,20.3109492,435</coordinates></LineString></Placemark><Placemark><name>435 m</name><styleUrl>#minor</styleUrl><ExtendedData><Data name="elevation"><value>435</value></Data></ExtendedData><LineString><tessellate>1</tessellate><altitudeMode>clampToGround</altitudeMode><coordinates>81.9040476,20.3136610,435 81.9045904,20.3135099,435 81.9051687,20.3137759,435 81.9071928,20.3141500,435 81.9076933,20.3150169,435 81.9074819,20.3152143,435 81.9071928,20.3151479,435 81.9070877,20.3150169,435 81.9060361,20.3148616,435 81.9051687,20.3140727,435 81.9035319,20.3139322,435 81.9040476,20.3136610,435</coordinates></LineString></Placemark><Placemark><name>435 m</name><styleUrl>#minor</styleUrl><ExtendedData><Data name="elevation"><value>435</value></Data></ExtendedData><LineString><tessellate>1</tessellate><altitudeMode>clampToGround</altitudeMode><coordinates>81.9108521,20.3139322,435 81.9110671,20.3139322,435 81.9109518,20.3140327,435 81.9108521,20.3139322,435</coordinates></LineString></Placemark><Placemark><name>435 m</name><styleUrl>#minor</styleUrl><ExtendedData><Data name="elevation"><value>435</value></Data></ExtendedData><LineString><tessellate>1</tessellate><altitudeMode>clampToGround</altitudeMode><coordinates>81.9265170,20.3139322,435 81.9268106,20.3139322,435</coordinates></LineString></Placemark><Placemark><name>435 m</name><styleUrl>#minor</styleUrl><ExtendedData><Data name="elevation"><value>435</value></Data></ExtendedData><LineString><tessellate>1</tessellate><altitudeMode>clampToGround</altitudeMode><coordinates>81.9317426,20.3144746,435 81.9318467,20.3144746,435</coordinates></LineString></Placemark><Placemark><name>435 m</name><styleUrl>#minor</styleUrl><ExtendedData><Data name="elevation"><value>435</value></Data></ExtendedData><LineString><tessellate>1</tessellate><altitudeMode>clampToGround</altitudeMode><coordinates>81.9230964,20.3149453,435 81.9230170,20.3150169,435 81.9230964,20.3150773,435 81.9231781,20.3150169,435 81.9230964,20.3149453,435</coordinates></LineString></Placemark><Placemark><name>435 m</name><styleUrl>#minor</styleUrl><ExtendedData><Data name="elevation"><value>435</value></Data></ExtendedData><LineString><tessellate>1</tessellate><altitudeMode>clampToGround</altitudeMode><coordinates>81.9320314,20.3150169,435 81.9320602,20.3149308,435 81.9323689,20.3150169,435 81.9320314,20.3150169,435</coordinates></LineString></Placemark><Placemark><name>435 m</name><styleUrl>#minor</styleUrl><ExtendedData><Data name="elevation"><value>435</value></Data></ExtendedData><LineString><tessellate>1</tessellate><altitudeMode>clampToGround</altitudeMode><coordinates>81.9088436,20.3152881,435 81.9089277,20.3151492,435 81.9090014,20.3152881,435 81.9089277,20.3153613,435 81.9088436,20.3152881,435</coordinates></LineString></Placemark><Placemark><name>435 m</name><styleUrl>#minor</styleUrl><ExtendedData><Data name="elevation"><value>435</value></Data></ExtendedData><LineString><tessellate>1</tessellate><altitudeMode>clampToGround</altitudeMode><coordinates>81.9088122,20.3158305,435 81.9089825,20.3158305,435 81.9090528,20.3161017,435 81.9089277,20.3162631,435 81.9088122,20.3158305,435</coordinates></LineString></Placemark><Placemark><name>435 m</name><styleUrl>#minor</styleUrl><ExtendedData><Data name="elevation"><value>435</value></Data></ExtendedData><LineString><tessellate>1</tessellate><altitudeMode>clampToGround</altitudeMode><coordinates>81.9331989,20.3142440,435 81.9329277,20.3142299,435 81.9323494,20.3144557,435 81.9320974,20.3142034,435 81.9319663,20.3131186,435 81.9320728,20.3128475,435 81.9318787,20.3125763,435 81.9320808,20.3109492,435 81.9325707,20.3098644,435 81.9323494,20.3097164,435 81.9318933,20.3101356,435 81.9316085,20.3106780,435 81.9313710,20.3117627,435 81.9316251,20.3123051,435 81.9316268,20.3125763,435 81.9311497,20.3131186,435 81.9311151,20.3136610,435 81.9309036,20.3139139,435 81.9303253,20.3139740,435 81.9297470,20.3137497,435 81.9291687,20.3137234,435 81.9283971,20.3133898,435 81.9285904,20.3129548,435 81.9294578,20.3130091,435 81.9297470,20.3131238,435 81.9300361,20.3128956,435 81.9294578,20.3119613,435 81.9291157,20.3117627,435 81.9283012,20.3116598,435 81.9277229,20.3120371,435 81.9274337,20.3120804,435 81.9268554,20.3119331,435 81.9262771,20.3121743,435 81.9256988,20.3121443,435 81.9254304,20.3120339,435 81.9258713,20.3114915,435 81.9259028,20.3112203,435 81.9256988,20.3109736,435 81.9242530,20.3111328,435 81.9239639,20.3110452,435 81.9237384,20.3106780,435 81.9237825,20.3104068,435 81.9236747,20.3102461,435 81.9233855,20.3101659,435 81.9230964,20.3097702,435 81.9226562,20.3095932,435 81.9224367,20.3093220,435 81.9223211,20.3090508,435 81.9230892,20.3087797,435 81.9232211,20.3085085,435 81.9232245,20.3082373,435 81.9225181,20.3078547,435 81.9222289,20.3077532,435 81.9221414,20.3079661,435 81.9224205,20.3082373,435 81.9222289,20.3089616,435 81.9213614,20.3085733,435 81.9207831,20.3086105,435 81.9204940,20.3088068,435 81.9199157,20.3084855,435 81.9195130,20.3076949,435 81.9199157,20.3074846,435 81.9204940,20.3075974,435 81.9207831,20.3073661,435 81.9213614,20.3073205,435 81.9215933,20.3071525,435 81.9216506,20.3067431,435 81.9219398,20.3066638,435 81.9230964,20.3067812,435 81.9233855,20.3066394,435 81.9240372,20.3060678,435 81.9241338,20.3057966,435 81.9245718,20.3055254,435 81.9245020,20.3052542,435 81.9242530,20.3050835,435 81.9236747,20.3055222,435 81.9228072,20.3056426,435 81.9225181,20.3054448,435 81.9222289,20.3054983,435 81.9217899,20.3052542,435 81.9216895,20.3049831,435 81.9215052,20.3044407,435 81.9216384,20.3033559,435 81.9221001,20.3022712,435 81.9225762,20.3020000,435 81.9225882,20.3017288,435 81.9222425,20.3006441,435 81.9225181,20.3005624,435 81.9226108,20.3003729,435 81.9226545,20.3001017,435 81.9225181,20.2997056,435 81.9220178,20.3001017,435 81.9219398,20.3003431,435 81.9216506,20.3002669,435 81.9212813,20.3006441,435 81.9210591,20.3009153,435 81.9210723,20.3012881,435 81.9204940,20.3014528,435 81.9203361,20.3022712,435 81.9194572,20.3028136,435 81.9192766,20.3036271,435 81.9193565,20.3038983,435 81.9190482,20.3039905,435 81.9187590,20.3037678,435 81.9184699,20.3037233,435 81.9181355,20.3038983,435 81.9179246,20.3036271,435 81.9180395,20.3033559,435 81.9178916,20.3029794,435 81.9175518,20.3030847,435 81.9174677,20.3036271,435 81.9170241,20.3039799,435 81.9167349,20.3034031,435 81.9161566,20.3032926,435 81.9158675,20.3036082,435 81.9155783,20.3034173,435 81.9150000,20.3035677,435 81.9147108,20.3033272,435 81.9144217,20.3034215,435 81.9138434,20.3028212,435 81.9135542,20.3027632,435 81.9132651,20.3029290,435 81.9129759,20.3033378,435 81.9130051,20.3036271,435 81.9126867,20.3038157,435 81.9121084,20.3034158,435 81.9111528,20.3030847,435 81.9111806,20.3028136,435 81.9109518,20.3024341,435 81.9099466,20.3022712,435 81.9089277,20.3017684,435 81.9074819,20.3015622,435 81.9057470,20.3010649,435 81.9054578,20.3010672,435 81.9028554,20.3000931,435 81.9004971,20.2984746,435 81.8990964,20.2968862,435 81.8983496,20.2963051,435 81.8979398,20.2962206,435 81.8974478,20.2957627,435 81.8974599,20.2954915,435 81.8968011,20.2951397,435</coordinates></LineString></Placemark><Placemark><name>435 m</name><styleUrl>#minor</styleUrl><ExtendedData><Data name="elevation"><value>435</value></Data></ExtendedData><LineString><tessellate>1</tessellate><altitudeMode>clampToGround</altitudeMode><coordinates>81.8968011,20.3230763,435 81.8970723,20.3226644,435 81.8978397,20.3220678,435 81.8981999,20.3212542,435 81.8985181,20.3211120,435 81.8987048,20.3204407,435 81.8988072,20.3203354,435 81.8990964,20.3203323,435 81.8993855,20.3199905,435 81.8996191,20.3193559,435 81.9002530,20.3188609,435 81.9014096,20.3185757,435 81.9016988,20.3186466,435 81.9022771,20.3190670,435 81.9031446,20.3189110,435 81.9037933,20.3185424,435 81.9041229,20.3180000,435 81.9044341,20.3177288,435 81.9047012,20.3166441,435 81.9050369,20.3161017,435 81.9054390,20.3158305,435 81.9054478,20.3155593,435 81.9060361,20.3153527,435 81.9069036,20.3156278,435 81.9071618,20.3158305,435 81.9074226,20.3161017,435 81.9074819,20.3174653,435 81.9077711,20.3172634,435 81.9083494,20.3172776,435 81.9086386,20.3169770,435 81.9089277,20.3168791,435 81.9092169,20.3169291,435 81.9096596,20.3166441,435 81.9097952,20.3164324,435 81.9097660,20.3161017,435 81.9100411,20.3152881,435 81.9103735,20.3152872,435 81.9107663,20.3150169,435 81.9106627,20.3148937,435 81.9097952,20.3148883,435 81.9095870,20.3147458,435 81.9115301,20.3146162,435 81.9118193,20.3144999,435 81.9121084,20.3137046,435 81.9123976,20.3136300,435 81.9126867,20.3133545,435 81.9130438,20.3120339,435 81.9129759,20.3114699,435 81.9132651,20.3113180,435 81.9141325,20.3120016,435 81.9144217,20.3118344,435 81.9148368,20.3112203,435 81.9148573,20.3109492,435 81.9147108,20.3107576,435 81.9144217,20.3105008,435 81.9141325,20.3104118,435 81.9138434,20.3105635,435 81.9132651,20.3102735,435 81.9129759,20.3102513,435 81.9126867,20.3104628,435 81.9118193,20.3100571,435 81.9112410,20.3101630,435 81.9106627,20.3098881,435 81.9100843,20.3102908,435 81.9097952,20.3102905,435 81.9095060,20.3099361,435 81.9092169,20.3101088,435 81.9089305,20.3098644,435 81.9089967,20.3095932,435 81.9092169,20.3094533,435 81.9095060,20.3094863,435 81.9097952,20.3097082,435 81.9098141,20.3093220,435 81.9103735,20.3084945,435 81.9107231,20.3085085,435 81.9108292,20.3090508,435 81.9109518,20.3091497,435 81.9115301,20.3091032,435 81.9118193,20.3092980,435 81.9123976,20.3093125,435 81.9126867,20.3089269,435 81.9132651,20.3089414,435 81.9135542,20.3086682,435 81.9139642,20.3087797,435 81.9144217,20.3093428,435 81.9147108,20.3093156,435 81.9150000,20.3090270,435 81.9152892,20.3089962,435 81.9155783,20.3096874,435 81.9158675,20.3097614,435 81.9164458,20.3095145,435 81.9167349,20.3098020,435 81.9170241,20.3098876,435 81.9173133,20.3097678,435 81.9176024,20.3098775,435 81.9178916,20.3098031,435 81.9187590,20.3103474,435 81.9189461,20.3106780,435 81.9195570,20.3112203,435 81.9196377,20.3114915,435 81.9194710,20.3131186,435 81.9196265,20.3141925,435 81.9201015,20.3147458,435 81.9200859,20.3152881,435 81.9204781,20.3169153,435 81.9203381,20.3180000,435 81.9204576,20.3182712,435 81.9204128,20.3188136,435 81.9204940,20.3191367,435 81.9208586,20.3196271,435 81.9207179,20.3201695,435 81.9207606,20.3204407,435 81.9210723,20.3205011,435 81.9213614,20.3209483,435 81.9216506,20.3206788,435 81.9225181,20.3212736,435 81.9228904,20.3209831,435 81.9230964,20.3203721,435 81.9233855,20.3204887,435 81.9236747,20.3203451,435 81.9238054,20.3201695,435 81.9238938,20.3193559,435 81.9248313,20.3173636,435 81.9249257,20.3166441,435 81.9247667,20.3163729,435 81.9248313,20.3162651,435 81.9251205,20.3164148,435 81.9254695,20.3163729,435 81.9262574,20.3152881,435 81.9256988,20.3150542,435 81.9254096,20.3151027,435 81.9251205,20.3154383,435 81.9248313,20.3154335,435 81.9245838,20.3155593,435 81.9247130,20.3161017,435 81.9245422,20.3162066,435 81.9242530,20.3159409,435 81.9239639,20.3159870,435 81.9233855,20.3158726,435 81.9228072,20.3155484,435 81.9222289,20.3156245,435 81.9221798,20.3155593,435 81.9225018,20.3152881,435 81.9222989,20.3150169,435 81.9224780,20.3147458,435 81.9222289,20.3143697,435 81.9217253,20.3139322,435 81.9217425,20.3136610,435 81.9225181,20.3134221,435 81.9234653,20.3136610,435 81.9228072,20.3140175,435 81.9228072,20.3143081,435 81.9233855,20.3142600,435 81.9236747,20.3140719,435 81.9239639,20.3140361,435 81.9243118,20.3142034,435 81.9240695,20.3147458,435 81.9242530,20.3147737,435 81.9248313,20.3148093,435 81.9252753,20.3144746,435 81.9256988,20.3143997,435 81.9258194,20.3144746,435 81.9256093,20.3147458,435 81.9256988,20.3149239,435 81.9259880,20.3147777,435 81.9265663,20.3148388,435 81.9277229,20.3145937,435 81.9283012,20.3147329,435 81.9287245,20.3144746,435 81.9278396,20.3142034,435 81.9283012,20.3141036,435 81.9288795,20.3141812,435 81.9293016,20.3144746,435 81.9294870,20.3147458,435 81.9299625,20.3150169,435 81.9306145,20.3152399,435 81.9309036,20.3152288,435 81.9312975,20.3155593,435 81.9314819,20.3159060,435 81.9317711,20.3159923,435 81.9319277,20.3158305,435 81.9322545,20.3158305,435 81.9325179,20.3161017,435 81.9331989,20.3163576,435</coordinates></LineString></Placemark><Placemark><name>440 m</name><styleUrl>#minor</styleUrl><ExtendedData><Data name="elevation"><value>440</value></Data></ExtendedData><LineString><tessellate>1</tessellate><altitudeMode>clampToGround</altitudeMode><coordinates>81.9219770,20.2920000,440 81.9219398,20.2920386,440 81.9218941,20.2920000,440</coordinates></LineString></Placemark><Placemark><name>440 m</name><styleUrl>#minor</styleUrl><ExtendedData><Data name="elevation"><value>440</value></Data></ExtendedData><LineString><tessellate>1</tessellate><altitudeMode>clampToGround</altitudeMode><coordinates>81.9331989,20.2931376,440 81.9331261,20.2933220,440 81.9331989,20.2936629,440</coordinates></LineString></Placemark><Placemark><name>440 m</name><styleUrl>#minor</styleUrl><ExtendedData><Data name="elevation"><value>440</value></Data></ExtendedData><LineString><tessellate>1</tessellate><altitudeMode>clampToGround</altitudeMode><coordinates>81.9307880,20.2971186,440 81.9311928,20.2969676,440 81.9312962,20.2971186,440 81.9309036,20.2975673,440 81.9307131,20.2973898,440 81.9307880,20.2971186,440</coordinates></LineString></Placemark><Placemark><name>440 m</name><styleUrl>#minor</styleUrl><ExtendedData><Data name="elevation"><value>440</value></Data></ExtendedData><LineString><tessellate>1</tessellate><altitudeMode>clampToGround</altitudeMode><coordinates>81.9331989,20.2990598,440 81.9329277,20.2991460,440 81.9326386,20.2989309,440 81.9323494,20.2990953,440 81.9317711,20.2991428,440 81.9314819,20.2990452,440 81.9312710,20.2987458,440 81.9320602,20.2983201,440 81.9329277,20.2983986,440 81.9331989,20.2982129,440</coordinates></LineString></Placemark><Placemark><name>440 m</name><styleUrl>#minor</styleUrl><ExtendedData><Data name="elevation"><value>440</value></Data></ExtendedData><LineString><tessellate>1</tessellate><altitudeMode>clampToGround</altitudeMode><coordinates>81.9331989,20.2981697,440 81.9329277,20.2975080,440 81.9326386,20.2975570,440 81.9323494,20.2974305,440 81.9317711,20.2968084,440 81.9314203,20.2968475,440 81.9311928,20.2962787,440 81.9306145,20.2968085,440 81.9303253,20.2966068,440 81.9300320,20.2965763,440 81.9303253,20.2965347,440 81.9306610,20.2963051,440 81.9306145,20.2959068,440 81.9300361,20.2955638,440 81.9294578,20.2954326,440 81.9290697,20.2949492,440 81.9291541,20.2946780,440 81.9285595,20.2944068,440 81.9285158,20.2941356,440 81.9286856,20.2935932,440 81.9285904,20.2933743,440 81.9277229,20.2933310,440 81.9271446,20.2935998,440 81.9265663,20.2935727,440 81.9262771,20.2937157,440 81.9259880,20.2937170,440 81.9248846,20.2930508,440 81.9245422,20.2931101,440 81.9242530,20.2926016,440 81.9239639,20.2925001,440 81.9238704,20.2922373,440 81.9238909,20.2920000,440</coordinates></LineString></Placemark><Placemark><name>440 m</name><styleUrl>#minor</styleUrl><ExtendedData><Data name="elevation"><value>440</value></Data></ExtendedData><LineString><tessellate>1</tessellate><altitudeMode>clampToGround</altitudeMode><coordinates>81.9200660,20.2920000,440 81.9199914,20.2922373,440 81.9196274,20.2925085,440 81.9194930,20.2927797,440 81.9200071,20.2930508,440 81.9200975,20.2933220,440 81.9196617,20.2935932,440 81.9200195,20.2941356,440 81.9196265,20.2954410,440 81.9193373,20.2956759,440 81.9188642,20.2965763,440 81.9184699,20.2967871,440 81.9181777,20.2971186,440 81.9176024,20.2972383,440 81.9174443,20.2973898,440 81.9173062,20.2976610,440 81.9175280,20.2984746,440 81.9173133,20.2987827,440 81.9169498,20.2984746,440 81.9167476,20.2979322,440 81.9164458,20.2979070,440 81.9141325,20.2983598,440 81.9118193,20.2992332,440 81.9115301,20.2994869,440 81.9106627,20.2994973,440 81.9097952,20.2991121,440 81.9092169,20.2991314,440 81.9086386,20.2993176,440 81.9074819,20.2994021,440 81.9069036,20.2997216,440 81.9060361,20.2992161,440 81.9040120,20.2988449,440 81.9028554,20.2984736,440 81.9016988,20.2973810,440 81.9009435,20.2963051,440 81.9011270,20.2954915,440 81.9008405,20.2935932,440 81.9013908,20.2920000,440</coordinates></LineString></Placemark><Placemark><name>440 m</name><styleUrl>#minor</styleUrl><ExtendedData><Data name="elevation"><value>440</value></Data></ExtendedData><LineString><tessellate>1</tessellate><altitudeMode>clampToGround</altitudeMode><coordinates>81.9109495,20.3003729,440 81.9112649,20.3003729,440 81.9114204,20.3011864,440 81.9112410,20.3013919,440 81.9109518,20.3009767,440 81.9109495,20.3003729,440</coordinates></LineString></Placemark><Placemark><name>440 m</name><styleUrl>#minor</styleUrl><ExtendedData><Data name="elevation"><value>440</value></Data></ExtendedData><LineString><tessellate>1</tessellate><altitudeMode>clampToGround</altitudeMode><coordinates>81.9314251,20.3003729,440 81.9314819,20.3002840,440 81.9315480,20.3003729,440 81.9314819,20.3004868,440 81.9314251,20.3003729,440</coordinates></LineString></Placemark><Placemark><name>440 m</name><styleUrl>#minor</styleUrl><ExtendedData><Data name="elevation"><value>440</value></Data></ExtendedData><LineString><tessellate>1</tessellate><altitudeMode>clampToGround</altitudeMode><coordinates>81.9195607,20.3020000,440 81.9196759,20.3020000,440 81.9196265,20.3020864,440 81.9195607,20.3020000,440</coordinates></LineString></Placemark><Placemark><name>440 m</name><styleUrl>#minor</styleUrl><ExtendedData><Data name="elevation"><value>440</value></Data></ExtendedData><LineString><tessellate>1</tessellate><altitudeMode>clampToGround</altitudeMode><coordinates>81.9126377,20.3025424,440 81.9126867,20.3026331,440</coordinates></LineString></Placemark><Placemark><name>440 m</name><styleUrl>#minor</styleUrl><ExtendedData><Data name="elevation"><value>440</value></Data></ExtendedData><LineString><tessellate>1</tessellate><altitudeMode>clampToGround</altitudeMode><coordinates>81.9210370,20.3095932,440 81.9213614,20.3095030,440 81.9215903,20.3095932,440 81.9216773,20.3098644,440 81.9213614,20.3100363,440 81.9210723,20.3100513,440 81.9209451,20.3098644,440 81.9210370,20.3095932,440</coordinates></LineString></Placemark><Placemark><name>440 m</name><styleUrl>#minor</styleUrl><ExtendedData><Data name="elevation"><value>440</value></Data></ExtendedData><LineString><tessellate>1</tessellate><altitudeMode>clampToGround</altitudeMode><coordinates>81.9210008,20.3112203,440 81.9210723,20.3110888,440 81.9213614,20.3110677,440 81.9216983,20.3114915,440 81.9213614,20.3115211,440 81.9210008,20.3112203,440</coordinates></LineString></Placemark><Placemark><name>440 m</name><styleUrl>#minor</styleUrl><ExtendedData><Data name="elevation"><value>440</value></Data></ExtendedData><LineString><tessellate>1</tessellate><altitudeMode>clampToGround</altitudeMode><coordinates>81.9220778,20.3114915,440 81.9222289,20.3113828,440 81.9224066,20.3114915,440 81.9223758,20.3117627,440 81.9222289,20.3118570,440 81.9220654,20.3117627,440 81.9220778,20.3114915,440</coordinates></LineString></Placemark><Placemark><name>440 m</name><styleUrl>#minor</styleUrl><ExtendedData><Data name="elevation"><value>440</value></Data></ExtendedData><LineString><tessellate>1</tessellate><altitudeMode>clampToGround</altitudeMode><coordinates>81.9220966,20.3136610,440 81.9225181,20.3135400,440 81.9228270,20.3136610,440 81.9225181,20.3141816,440 81.9219627,20.3139322,440 81.9220966,20.3136610,440</coordinates></LineString></Placemark><Placemark><name>440 m</name><styleUrl>#minor</styleUrl><ExtendedData><Data name="elevation"><value>440</value></Data></ExtendedData><LineString><tessellate>1</tessellate><altitudeMode>clampToGround</altitudeMode><coordinates>81.9057159,20.3142034,440 81.9063253,20.3141316,440 81.9065327,20.3142034,440 81.9067133,20.3144746,440 81.9066145,20.3146092,440 81.9063253,20.3146020,440 81.9057159,20.3142034,440</coordinates></LineString></Placemark><Placemark><name>440 m</name><styleUrl>#minor</styleUrl><ExtendedData><Data name="elevation"><value>440</value></Data></ExtendedData><LineString><tessellate>1</tessellate><altitudeMode>clampToGround</altitudeMode><coordinates>81.9236260,20.3144746,440 81.9237240,20.3144746,440 81.9236747,20.3145449,440 81.9236260,20.3144746,440</coordinates></LineString></Placemark><Placemark><name>440 m</name><styleUrl>#minor</styleUrl><ExtendedData><Data name="elevation"><value>440</value></Data></ExtendedData><LineString><tessellate>1</tessellate><altitudeMode>clampToGround</altitudeMode><coordinates>81.9191138,20.3147458,440 81.9194477,20.3147458,440 81.9193373,20.3148437,440 81.9191138,20.3147458,440</coordinates></LineString></Placemark><Placemark><name>440 m</name><styleUrl>#minor</styleUrl><ExtendedData><Data name="elevation"><value>440</value></Data></ExtendedData><LineString><tessellate>1</tessellate><altitudeMode>clampToGround</altitudeMode><coordinates>81.9061346,20.3158305,440 81.9066145,20.3157009,440 81.9070992,20.3161017,440 81.9072303,20.3163729,440 81.9069753,20.3174576,440 81.9070665,20.3182712,440 81.9069036,20.3185232,440 81.9059338,20.3171864,440 81.9059033,20.3163729,440 81.9061346,20.3158305,440</coordinates></LineString></Placemark><Placemark><name>440 m</name><styleUrl>#minor</styleUrl><ExtendedData><Data name="elevation"><value>440</value></Data></ExtendedData><LineString><tessellate>1</tessellate><altitudeMode>clampToGround</altitudeMode><coordinates>81.9002886,20.3193559,440 81.9005422,20.3190902,440 81.9011205,20.3191396,440 81.9012950,20.3193559,440 81.9013172,20.3196271,440 81.9011205,20.3198729,440 81.9002886,20.3193559,440</coordinates></LineString></Placemark><Placemark><name>440 m</name><styleUrl>#minor</styleUrl><ExtendedData><Data name="elevation"><value>440</value></Data></ExtendedData><LineString><tessellate>1</tessellate><altitudeMode>clampToGround</altitudeMode><coordinates>81.8991107,20.3212542,440 81.8993855,20.3210228,440 81.8996747,20.3210859,440 81.8998858,20.3215254,440 81.8993855,20.3216923,440 81.8990964,20.3216702,440 81.8990195,20.3215254,440 81.8991107,20.3212542,440</coordinates></LineString></Placemark><Placemark><name>440 m</name><styleUrl>#minor</styleUrl><ExtendedData><Data name="elevation"><value>440</value></Data></ExtendedData><LineString><tessellate>1</tessellate><altitudeMode>clampToGround</altitudeMode><coordinates>81.9060361,20.3212838,440 81.9059816,20.3215254,440 81.9057470,20.3217755,440 81.9052190,20.3217966,440 81.9057470,20.3219937,440 81.9060361,20.3218163,440 81.9061090,20.3215254,440 81.9060361,20.3212838,440</coordinates></LineString></Placemark><Placemark><name>440 m</name><styleUrl>#minor</styleUrl><ExtendedData><Data name="elevation"><value>440</value></Data></ExtendedData><LineString><tessellate>1</tessellate><altitudeMode>clampToGround</altitudeMode><coordinates>81.8987747,20.3228814,440 81.8989278,20.3228814,440</coordinates></LineString></Placemark><Placemark><name>440 m</name><styleUrl>#minor</styleUrl><ExtendedData><Data name="elevation"><value>440</value></Data></ExtendedData><LineString><tessellate>1</tessellate><altitudeMode>clampToGround</altitudeMode><coordinates>81.9031446,20.3227793,440 81.9030063,20.3228814,440 81.9031974,20.3228814,440 81.9031446,20.3227793,440</coordinates></LineString></Placemark><Placemark><name>440 m</name><styleUrl>#minor</styleUrl><ExtendedData><Data name="elevation"><value>440</value></Data></ExtendedData><LineString><tessellate>1</tessellate><altitudeMode>clampToGround</altitudeMode><coordinates>81.9192514,20.3239661,440 81.9194573,20.3239661,440</coordinates></LineString></Placemark><Placemark><name>440 m</name><styleUrl>#minor</styleUrl><ExtendedData><Data name="elevation"><value>440</value></Data></ExtendedData><LineString><tessellate>1</tessellate><altitudeMode>clampToGround</altitudeMode><coordinates>81.8980544,20.3242373,440 81.8982289,20.3240690,440 81.8984529,20.3242373,440 81.8982289,20.3244272,440 81.8980544,20.3242373,440</coordinates></LineString></Placemark><Placemark><name>440 m</name><styleUrl>#minor</styleUrl><ExtendedData><Data name="elevation"><value>440</value></Data></ExtendedData><LineString><tessellate>1</tessellate><altitudeMode>clampToGround</altitudeMode><coordinates>81.8968011,20.3262315,440 81.8973614,20.3266430,440 81.8978536,20.3266780,440 81.8978438,20.3253220,440 81.8979398,20.3250921,440 81.8982289,20.3250511,440 81.8988133,20.3245085,440 81.8986423,20.3239661,440 81.8983029,20.3236949,440 81.8982127,20.3234237,440 81.8985181,20.3233453,440 81.8988072,20.3235487,440 81.8992944,20.3231525,440 81.8994403,20.3226102,440 81.8993003,20.3223390,440 81.8999730,20.3220678,440 81.9003278,20.3207119,440 81.9008313,20.3206623,440 81.9011205,20.3202728,440 81.9014403,20.3201695,440 81.9015082,20.3198983,440 81.9016988,20.3197113,440 81.9019945,20.3198983,440 81.9020912,20.3209831,440 81.9022915,20.3212542,440 81.9022771,20.3215494,440 81.9019880,20.3218565,440 81.9018113,20.3217966,440 81.9018496,20.3215254,440 81.9016988,20.3214342,440 81.9011205,20.3213415,440 81.9009515,20.3215254,440 81.9016411,20.3220678,440 81.9016988,20.3223545,440 81.9025663,20.3223361,440 81.9031446,20.3225507,440 81.9039761,20.3223390,440 81.9041375,20.3220678,440 81.9041459,20.3217966,440 81.9045301,20.3215254,440 81.9045352,20.3209831,440 81.9050709,20.3201695,440 81.9060361,20.3195244,440 81.9061652,20.3185424,440 81.9063253,20.3183278,440 81.9066145,20.3186238,440 81.9069036,20.3185593,440 81.9072261,20.3190847,440 81.9073367,20.3196271,440 81.9071928,20.3201545,440 81.9069036,20.3200456,440 81.9066005,20.3207119,440 81.9070313,20.3215254,440 81.9067922,20.3217966,440 81.9068152,20.3220678,440 81.9063533,20.3234237,440 81.9066249,20.3245085,440 81.9065989,20.3247797,440 81.9073941,20.3253220,440 81.9074819,20.3255226,440 81.9077711,20.3256215,440 81.9080260,20.3250508,440 81.9079615,20.3247797,440 81.9082358,20.3245085,440 81.9085171,20.3236949,440 81.9088284,20.3234237,440 81.9092729,20.3226102,440 81.9095060,20.3224039,440 81.9096051,20.3220678,440 81.9098726,20.3217966,440 81.9103735,20.3201381,440 81.9106627,20.3199407,440 81.9111789,20.3190847,440 81.9118393,20.3185424,440 81.9117050,20.3177288,440 81.9119250,20.3166441,440 81.9115419,20.3158305,440 81.9118193,20.3157021,440 81.9123976,20.3158073,440 81.9124546,20.3155593,440 81.9121134,20.3152881,440 81.9123735,20.3144746,440 81.9126867,20.3141922,440 81.9133007,20.3139322,440 81.9135244,20.3136610,440 81.9135542,20.3132650,440 81.9141325,20.3132058,440 81.9144217,20.3129587,440 81.9155100,20.3117627,440 81.9160577,20.3109492,440 81.9164458,20.3108000,440 81.9170241,20.3107441,440 81.9176024,20.3109117,440 81.9181807,20.3108262,440 81.9187590,20.3110040,440 81.9194067,20.3114915,440 81.9194314,20.3120339,440 81.9192302,20.3128475,440 81.9191685,20.3139322,440 81.9189262,20.3144746,440 81.9190162,20.3147458,440 81.9189243,20.3150169,440 81.9190903,20.3155593,440 81.9184602,20.3166441,440 81.9183059,20.3174576,440 81.9184959,20.3180000,440 81.9184699,20.3182478,440 81.9181807,20.3185424,440</coordinates></LineString></Placemark><Placemark><name>440 m</name><styleUrl>#minor</styleUrl><ExtendedData><Data name="elevation"><value>440</value></Data></ExtendedData><LineString><tessellate>1</tessellate><altitudeMode>clampToGround</altitudeMode><coordinates>81.9181807,20.3185424,440 81.9178916,20.3182712,440 81.9178916,20.3185424,440 81.9181807,20.3185424,440</coordinates></LineString></Placemark><Placemark><name>440 m</name><styleUrl>#minor</styleUrl><ExtendedData><Data name="elevation"><value>440</value></Data></ExtendedData><LineString><tessellate>1</tessellate><altitudeMode>clampToGround</altitudeMode><coordinates>81.9181807,20.3185424,440 81.9183384,20.3188136,440 81.9181672,20.3193559,440 81.9180624,20.3204407,440 81.9173622,20.3223390,440 81.9173562,20.3228814,440 81.9177138,20.3234237,440 81.9178916,20.3236378,440 81.9183967,20.3236949,440 81.9181807,20.3238157,440 81.9178916,20.3237594,440 81.9170241,20.3241837,440 81.9171832,20.3245085,440 81.9171174,20.3261356,440 81.9170089,20.3264068,440 81.9164458,20.3272014,440 81.9161566,20.3274111,440 81.9157159,20.3274915,440 81.9155668,20.3280000,440</coordinates></LineString></Placemark><Placemark><name>440 m</name><styleUrl>#minor</styleUrl><ExtendedData><Data name="elevation"><value>440</value></Data></ExtendedData><LineString><tessellate>1</tessellate><altitudeMode>clampToGround</altitudeMode><coordinates>81.9210723,20.3280000,440 81.9216506,20.3275093,440 81.9222289,20.3274938,440 81.9228072,20.3271512,440 81.9230964,20.3267061,440 81.9231058,20.3264068,440 81.9233855,20.3259702,440 81.9234453,20.3255932,440 81.9236747,20.3252843,440 81.9239639,20.3251389,440 81.9241487,20.3247797,440 81.9236747,20.3245843,440 81.9228072,20.3245545,440 81.9219398,20.3243200,440 81.9216506,20.3244149,440 81.9210723,20.3243404,440 81.9204940,20.3241641,440 81.9202595,20.3239661,440 81.9204940,20.3238119,440 81.9207831,20.3237973,440 81.9219398,20.3241644,440 81.9230964,20.3240965,440 81.9239639,20.3243894,440 81.9251205,20.3240513,440 81.9254096,20.3238638,440 81.9262771,20.3238100,440 81.9273130,20.3231525,440 81.9270527,20.3226102,440 81.9260230,20.3217966,440 81.9260130,20.3215254,440 81.9255994,20.3207119,440 81.9257651,20.3193559,440 81.9261641,20.3180000,440 81.9269543,20.3169153,440 81.9269018,20.3163729,440 81.9269902,20.3161017,440 81.9271446,20.3159442,440 81.9275693,20.3158305,440 81.9277229,20.3154891,440 81.9285904,20.3152820,440 81.9294578,20.3152245,440 81.9296867,20.3155593,440 81.9300361,20.3156800,440 81.9306414,20.3155593,440 81.9309036,20.3161428,440 81.9314819,20.3164415,440 81.9325896,20.3174576,440 81.9329550,20.3180000,440 81.9330729,20.3182712,440 81.9330088,20.3190847,440 81.9331989,20.3195575,440</coordinates></LineString></Placemark><Placemark><name>445 m</name><styleUrl>#minor</styleUrl><ExtendedData><Data name="elevation"><value>445</value></Data></ExtendedData><LineString><tessellate>1</tessellate><altitudeMode>clampToGround</altitudeMode><coordinates>81.9175096,20.2920000,445 81.9174673,20.2925085,445 81.9172733,20.2930508,445 81.9173180,20.2938644,445 81.9170241,20.2942504,445 81.9167349,20.2944067,445 81.9164458,20.2948907,445 81.9163186,20.2954915,445 81.9161235,20.2957627,445 81.9156948,20.2960339,445 81.9156049,20.2963051,445 81.9152892,20.2963159,445 81.9144217,20.2970329,445 81.9132651,20.2973598,445 81.9123976,20.2973772,445 81.9118193,20.2972370,445 81.9115301,20.2976825,445 81.9112410,20.2978110,445 81.9109518,20.2977896,445 81.9107754,20.2982034,445 81.9103735,20.2984346,445 81.9097952,20.2982797,445 81.9095060,20.2985609,445 81.9092169,20.2985908,445 81.9088601,20.2984746,445 81.9086386,20.2982292,445 81.9077711,20.2982580,445 81.9071928,20.2985471,445 81.9069036,20.2990061,445 81.9066145,20.2983311,445 81.9063253,20.2987084,445 81.9057470,20.2981612,445 81.9045904,20.2981463,445 81.9024716,20.2971186,445 81.9019880,20.2969974,445 81.9013090,20.2963051,445 81.9013076,20.2960339,445 81.9016302,20.2952203,445 81.9022771,20.2940181,445 81.9024629,20.2938644,445 81.9026724,20.2930508,445 81.9031144,20.2925085,445 81.9031975,20.2922373,445 81.9034219,20.2920000,445</coordinates></LineString></Placemark><Placemark><name>445 m</name><styleUrl>#minor</styleUrl><ExtendedData><Data name="elevation"><value>445</value></Data></ExtendedData><LineString><tessellate>1</tessellate><altitudeMode>clampToGround</altitudeMode><coordinates>81.9225069,20.3136610,445 81.9225181,20.3137416,445</coordinates></LineString></Placemark><Placemark><name>445 m</name><styleUrl>#minor</styleUrl><ExtendedData><Data name="elevation"><value>445</value></Data></ExtendedData><LineString><tessellate>1</tessellate><altitudeMode>clampToGround</altitudeMode><coordinates>81.9065748,20.3190847,445 81.9067419,20.3190847,445 81.9069763,20.3196271,445 81.9066145,20.3197908,445 81.9065266,20.3196271,445 81.9065748,20.3190847,445</coordinates></LineString></Placemark><Placemark><name>445 m</name><styleUrl>#minor</styleUrl><ExtendedData><Data name="elevation"><value>445</value></Data></ExtendedData><LineString><tessellate>1</tessellate><altitudeMode>clampToGround</altitudeMode><coordinates>81.9062683,20.3198983,445 81.9064113,20.3198983,445 81.9063253,20.3202080,445 81.9062683,20.3198983,445</coordinates></LineString></Placemark><Placemark><name>445 m</name><styleUrl>#minor</styleUrl><ExtendedData><Data name="elevation"><value>445</value></Data></ExtendedData><LineString><tessellate>1</tessellate><altitudeMode>clampToGround</altitudeMode><coordinates>81.9114329,20.3201695,445 81.9115301,20.3199361,445 81.9117866,20.3201695,445 81.9116938,20.3204407,445 81.9115301,20.3205281,445 81.9114329,20.3201695,445</coordinates></LineString></Placemark><Placemark><name>445 m</name><styleUrl>#minor</styleUrl><ExtendedData><Data name="elevation"><value>445</value></Data></ExtendedData><LineString><tessellate>1</tessellate><altitudeMode>clampToGround</altitudeMode><coordinates>81.9054155,20.3204407,445 81.9054578,20.3203600,445 81.9055288,20.3204407,445 81.9054578,20.3205769,445 81.9054155,20.3204407,445</coordinates></LineString></Placemark><Placemark><name>445 m</name><styleUrl>#minor</styleUrl><ExtendedData><Data name="elevation"><value>445</value></Data></ExtendedData><LineString><tessellate>1</tessellate><altitudeMode>clampToGround</altitudeMode><coordinates>81.9007751,20.3220678,445 81.9008957,20.3220678,445 81.9008313,20.3222232,445 81.9007751,20.3220678,445</coordinates></LineString></Placemark><Placemark><name>445 m</name><styleUrl>#minor</styleUrl><ExtendedData><Data name="elevation"><value>445</value></Data></ExtendedData><LineString><tessellate>1</tessellate><altitudeMode>clampToGround</altitudeMode><coordinates>81.9007922,20.3226102,445 81.9008313,20.3224123,445 81.9011205,20.3223727,445 81.9012877,20.3228814,445 81.9011205,20.3229625,445 81.9008511,20.3228814,445 81.9007922,20.3226102,445</coordinates></LineString></Placemark><Placemark><name>445 m</name><styleUrl>#minor</styleUrl><ExtendedData><Data name="elevation"><value>445</value></Data></ExtendedData><LineString><tessellate>1</tessellate><altitudeMode>clampToGround</altitudeMode><coordinates>81.9048113,20.3234237,445 81.9051687,20.3232521,445 81.9052721,20.3236949,445 81.9048795,20.3238439,445 81.9046777,20.3236949,445 81.9048113,20.3234237,445</coordinates></LineString></Placemark><Placemark><name>445 m</name><styleUrl>#minor</styleUrl><ExtendedData><Data name="elevation"><value>445</value></Data></ExtendedData><LineString><tessellate>1</tessellate><altitudeMode>clampToGround</altitudeMode><coordinates>81.9206789,20.3239661,445 81.9208427,20.3239661,445</coordinates></LineString></Placemark><Placemark><name>445 m</name><styleUrl>#minor</styleUrl><ExtendedData><Data name="elevation"><value>445</value></Data></ExtendedData><LineString><tessellate>1</tessellate><altitudeMode>clampToGround</altitudeMode><coordinates>81.9215663,20.3242373,445 81.9216804,20.3242373,445</coordinates></LineString></Placemark><Placemark><name>445 m</name><styleUrl>#minor</styleUrl><ExtendedData><Data name="elevation"><value>445</value></Data></ExtendedData><LineString><tessellate>1</tessellate><altitudeMode>clampToGround</altitudeMode><coordinates>81.9227753,20.3242373,445 81.9228522,20.3242373,445</coordinates></LineString></Placemark><Placemark><name>445 m</name><styleUrl>#minor</styleUrl><ExtendedData><Data name="elevation"><value>445</value></Data></ExtendedData><LineString><tessellate>1</tessellate><altitudeMode>clampToGround</altitudeMode><coordinates>81.8990585,20.3280000,445 81.8995678,20.3272203,445 81.9002530,20.3267682,445 81.9005755,20.3266780,445 81.9005900,20.3261356,445 81.9003522,20.3255932,445 81.9004617,20.3253220,445 81.9000352,20.3247797,445 81.9000161,20.3245085,445 81.8995157,20.3242373,445 81.8999639,20.3240469,445 81.9002530,20.3243171,445 81.9004104,20.3242373,445 81.9005800,20.3239661,445 81.9001221,20.3236949,445 81.9002018,20.3234237,445 81.9008313,20.3231951,445 81.9016988,20.3233911,445 81.9012420,20.3236949,445 81.9019880,20.3240836,445 81.9025663,20.3241655,445 81.9031446,20.3239108,445 81.9032160,20.3239661,445 81.9033670,20.3242373,445 81.9028554,20.3247165,445 81.9026206,20.3247797,445 81.9031446,20.3250844,445 81.9034337,20.3254169,445 81.9040226,20.3255932,445 81.9042019,20.3258644,445 81.9039692,20.3264068,445 81.9041847,20.3266780,445 81.9045904,20.3266792,445 81.9048795,20.3268538,445 81.9049578,20.3266780,445 81.9046728,20.3264068,445 81.9048795,20.3260962,445 81.9052090,20.3261356,445 81.9054578,20.3263977,445 81.9054932,20.3266780,445 81.9049639,20.3272203,445 81.9045924,20.3280000,445</coordinates></LineString></Placemark><Placemark><name>445 m</name><styleUrl>#minor</styleUrl><ExtendedData><Data name="elevation"><value>445</value></Data></ExtendedData><LineString><tessellate>1</tessellate><altitudeMode>clampToGround</altitudeMode><coordinates>81.9092422,20.3280000,445 81.9093539,20.3274915,445 81.9098479,20.3269492,445 81.9092169,20.3266024,445 81.9089805,20.3261356,445 81.9091743,20.3255932,445 81.9095304,20.3250508,445 81.9094636,20.3247797,445 81.9097952,20.3245741,445 81.9100843,20.3246101,445 81.9103497,20.3245085,445 81.9103408,20.3239661,445 81.9107928,20.3228814,445 81.9107824,20.3226102,445 81.9110302,20.3223390,445 81.9121084,20.3213778,445 81.9126867,20.3213710,445 81.9128529,20.3212542,445 81.9128915,20.3207119,445 81.9126867,20.3203656,445 81.9121084,20.3203170,445 81.9118626,20.3201695,445 81.9118703,20.3198983,445 81.9119798,20.3193559,445 81.9123285,20.3188136,445 81.9123455,20.3182712,445 81.9125550,20.3177288,445 81.9129759,20.3172438,445 81.9129613,20.3166441,445 81.9132122,20.3152881,445 81.9134823,20.3147458,445 81.9141325,20.3139836,445 81.9143071,20.3133898,445 81.9147420,20.3128475,445 81.9155783,20.3121589,445 81.9161566,20.3111332,445 81.9167349,20.3110264,445 81.9184699,20.3111839,445 81.9191066,20.3114915,445 81.9192588,20.3120339,445 81.9186829,20.3147458,445 81.9185776,20.3150169,445 81.9182093,20.3152881,445 81.9178161,20.3158305,445 81.9180154,20.3161017,445 81.9175770,20.3166441,445 81.9174795,20.3174576,445 81.9177716,20.3177288,445 81.9173365,20.3182712,445 81.9172702,20.3188136,445 81.9173133,20.3195137,445 81.9175448,20.3198983,445 81.9174314,20.3201695,445 81.9169962,20.3201695,445 81.9166445,20.3204407,445 81.9164458,20.3208481,445 81.9161425,20.3209831,445 81.9159257,20.3220678,445 81.9159070,20.3223390,445 81.9161965,20.3228814,445 81.9162363,20.3234237,445 81.9160931,20.3236949,445 81.9163930,20.3239661,445 81.9163515,20.3242373,445 81.9166965,20.3245085,445 81.9166581,20.3250508,445 81.9169048,20.3261356,445 81.9165870,20.3266780,445 81.9161566,20.3270463,445 81.9152892,20.3263292,445 81.9147108,20.3261243,445 81.9146846,20.3264068,445 81.9142409,20.3269492,445 81.9144217,20.3272748,445 81.9138434,20.3274105,445 81.9135426,20.3277627,445 81.9135702,20.3280000,445</coordinates></LineString></Placemark><Placemark><name>445 m</name><styleUrl>#minor</styleUrl><ExtendedData><Data name="elevation"><value>445</value></Data></ExtendedData><LineString><tessellate>1</tessellate><altitudeMode>clampToGround</altitudeMode><coordinates>81.9241233,20.3280000,445 81.9242436,20.3274915,445 81.9245422,20.3277754,445 81.9252344,20.3264068,445 81.9258759,20.3255932,445 81.9260004,20.3250508,445 81.9262771,20.3248299,445 81.9268554,20.3246614,445 81.9285904,20.3245184,445 81.9294578,20.3241369,445 81.9309240,20.3236949,445 81.9308496,20.3234237,445 81.9306145,20.3232259,445 81.9283012,20.3219302,445 81.9274337,20.3215925,445 81.9269486,20.3207119,445 81.9265669,20.3204407,445 81.9266133,20.3201695,445 81.9270117,20.3198983,445 81.9271974,20.3196271,445 81.9271446,20.3192314,445 81.9267951,20.3188136,445 81.9267789,20.3182712,445 81.9277229,20.3173222,445 81.9278621,20.3166441,445 81.9285904,20.3159571,445 81.9288795,20.3158439,445 81.9291687,20.3158487,445 81.9300361,20.3162365,445 81.9303253,20.3161224,445 81.9305549,20.3163729,445 81.9311928,20.3164933,445 81.9318393,20.3171864,445 81.9319937,20.3177288,445 81.9323494,20.3179157,445 81.9324905,20.3182712,445 81.9323494,20.3185808,445 81.9315350,20.3193559,445 81.9321627,20.3198983,445 81.9329277,20.3200408,445 81.9331989,20.3203131,445</coordinates></LineString></Placemark><Placemark><name>450 m</name><styleUrl>#major</styleUrl><ExtendedData><Data name="elevation"><value>450</value></Data></ExtendedData><LineString><tessellate>1</tessellate><altitudeMode>clampToGround</altitudeMode><coordinates>81.9161336,20.2920000,450 81.9157973,20.2927797,450 81.9156429,20.2938644,450 81.9151101,20.2944068,450 81.9151334,20.2946780,450 81.9146850,20.2952203,450 81.9149974,20.2957627,450 81.9149502,20.2960339,450 81.9144217,20.2967029,450 81.9141325,20.2968657,450 81.9132651,20.2969454,450 81.9129759,20.2968398,450 81.9126989,20.2965763,450 81.9126867,20.2960073,450 81.9123976,20.2959390,450 81.9118193,20.2960413,450 81.9115301,20.2958320,450 81.9106627,20.2957343,450 81.9103735,20.2958628,450 81.9097952,20.2958237,450 81.9096403,20.2960339,450 81.9096405,20.2965763,450 81.9095060,20.2969426,450 81.9089277,20.2970043,450 81.9080602,20.2975505,450 81.9077711,20.2975956,450 81.9074819,20.2979096,450 81.9071928,20.2979794,450 81.9069036,20.2979224,450 81.9066145,20.2976426,450 81.9051687,20.2978761,450 81.9045904,20.2978300,450 81.9025663,20.2969151,450 81.9019880,20.2967764,450 81.9016988,20.2965671,450 81.9014950,20.2963051,450 81.9014785,20.2960339,450 81.9018699,20.2952203,450 81.9031477,20.2938644,450 81.9039059,20.2927797,450 81.9040120,20.2924626,450 81.9044654,20.2920000,450</coordinates></LineString></Placemark><Placemark><name>450 m</name><styleUrl>#major</styleUrl><ExtendedData><Data name="elevation"><value>450</value></Data></ExtendedData><LineString><tessellate>1</tessellate><altitudeMode>clampToGround</altitudeMode><coordinates>81.9108479,20.2965763,450 81.9109998,20.2965763,450</coordinates></LineString></Placemark><Placemark><name>450 m</name><styleUrl>#major</styleUrl><ExtendedData><Data name="elevation"><value>450</value></Data></ExtendedData><LineString><tessellate>1</tessellate><altitudeMode>clampToGround</altitudeMode><coordinates>81.9164288,20.3112203,450 81.9187590,20.3114956,450 81.9190482,20.3117349,450 81.9190877,20.3120339,450 81.9189630,20.3131186,450 81.9185514,20.3147458,450 81.9176024,20.3156500,450 81.9172072,20.3166441,450 81.9169255,20.3182712,450 81.9169765,20.3196271,450 81.9168089,20.3198983,450 81.9155042,20.3207119,450 81.9154545,20.3212542,450 81.9156123,20.3217966,450 81.9154953,20.3228814,450 81.9154166,20.3231525,450 81.9147303,20.3239661,450 81.9151921,20.3242373,450 81.9153411,20.3245085,450 81.9150000,20.3245615,450 81.9147108,20.3243917,450 81.9144217,20.3244602,450 81.9145305,20.3247797,450 81.9141325,20.3250706,450 81.9138434,20.3258472,450 81.9129759,20.3263761,450 81.9121084,20.3262718,450 81.9115301,20.3264268,450 81.9112410,20.3263968,450 81.9107247,20.3255932,450 81.9109518,20.3255029,450 81.9112410,20.3255820,450 81.9114660,20.3253220,450 81.9112410,20.3249361,450 81.9109518,20.3249143,450 81.9107782,20.3247797,450 81.9107899,20.3242373,450 81.9113781,20.3239661,450 81.9113518,20.3236949,450 81.9109518,20.3234935,450 81.9109518,20.3233313,450 81.9112410,20.3231795,450 81.9115301,20.3232572,450 81.9117681,20.3226102,450 81.9116701,20.3223390,450 81.9121084,20.3220286,450 81.9126867,20.3221528,450 81.9129759,20.3224605,450 81.9135542,20.3216349,450 81.9136488,20.3212542,450 81.9136739,20.3209831,450 81.9135542,20.3207264,450 81.9128153,20.3196271,450 81.9127650,20.3190847,450 81.9128243,20.3185424,450 81.9132306,20.3174576,450 81.9135575,20.3152881,450 81.9141325,20.3147324,450 81.9144111,20.3136610,450 81.9149052,20.3128475,450 81.9156792,20.3123051,450 81.9161566,20.3114224,450 81.9164288,20.3112203,450</coordinates></LineString></Placemark><Placemark><name>450 m</name><styleUrl>#major</styleUrl><ExtendedData><Data name="elevation"><value>450</value></Data></ExtendedData><LineString><tessellate>1</tessellate><altitudeMode>clampToGround</altitudeMode><coordinates>81.9291658,20.3161017,450 81.9300361,20.3166090,450 81.9311928,20.3167125,450 81.9314646,20.3171864,450 81.9317187,20.3180000,450 81.9320431,20.3182712,450 81.9319432,20.3185424,450 81.9311928,20.3193443,450 81.9311928,20.3198846,450 81.9327576,20.3204407,450 81.9331989,20.3211316,450</coordinates></LineString></Placemark><Placemark><name>450 m</name><styleUrl>#major</styleUrl><ExtendedData><Data name="elevation"><value>450</value></Data></ExtendedData><LineString><tessellate>1</tessellate><altitudeMode>clampToGround</altitudeMode><coordinates>81.9331989,20.3224351,450 81.9329277,20.3229248,450 81.9327477,20.3226102,450 81.9323494,20.3223820,450 81.9320602,20.3226056,450 81.9317711,20.3226457,450 81.9311928,20.3225170,450 81.9309036,20.3224149,450 81.9306145,20.3218874,450 81.9297470,20.3215196,450 81.9291687,20.3214786,450 81.9288795,20.3212988,450 81.9284935,20.3212542,450 81.9285904,20.3210573,450 81.9288795,20.3211245,450 81.9291316,20.3207119,450 81.9285904,20.3204768,450 81.9280120,20.3203888,450 81.9278784,20.3201695,450 81.9276110,20.3193559,450 81.9274908,20.3182712,450 81.9280769,20.3174576,450 81.9283950,20.3166441,450 81.9291658,20.3161017,450</coordinates></LineString></Placemark><Placemark><name>450 m</name><styleUrl>#major</styleUrl><ExtendedData><Data name="elevation"><value>450</value></Data></ExtendedData><LineString><tessellate>1</tessellate><altitudeMode>clampToGround</altitudeMode><coordinates>81.9327813,20.3242373,450 81.9329277,20.3241342,450 81.9330516,20.3242373,450 81.9329277,20.3245104,450 81.9327813,20.3242373,450</coordinates></LineString></Placemark><Placemark><name>450 m</name><styleUrl>#major</styleUrl><ExtendedData><Data name="elevation"><value>450</value></Data></ExtendedData><LineString><tessellate>1</tessellate><altitudeMode>clampToGround</altitudeMode><coordinates>81.9013666,20.3245085,450 81.9014806,20.3245085,450 81.9014096,20.3246380,450 81.9013666,20.3245085,450</coordinates></LineString></Placemark><Placemark><name>450 m</name><styleUrl>#major</styleUrl><ExtendedData><Data name="elevation"><value>450</value></Data></ExtendedData><LineString><tessellate>1</tessellate><altitudeMode>clampToGround</altitudeMode><coordinates>81.9158177,20.3247797,450 81.9161566,20.3245560,450 81.9164458,20.3247193,450 81.9164551,20.3250508,450 81.9167726,20.3258644,450 81.9166101,20.3264068,450 81.9161566,20.3268275,450 81.9156387,20.3264068,450 81.9154905,20.3258644,450 81.9155496,20.3253220,450 81.9158177,20.3247797,450</coordinates></LineString></Placemark><Placemark><name>450 m</name><styleUrl>#major</styleUrl><ExtendedData><Data name="elevation"><value>450</value></Data></ExtendedData><LineString><tessellate>1</tessellate><altitudeMode>clampToGround</altitudeMode><coordinates>81.9018571,20.3253220,450 81.9022771,20.3251854,450 81.9026683,20.3253220,450 81.9024224,20.3255932,450 81.9024983,20.3261356,450 81.9019880,20.3263844,450 81.9019329,20.3261356,450 81.9021278,20.3258644,450 81.9016768,20.3255932,450 81.9018571,20.3253220,450</coordinates></LineString></Placemark><Placemark><name>450 m</name><styleUrl>#major</styleUrl><ExtendedData><Data name="elevation"><value>450</value></Data></ExtendedData><LineString><tessellate>1</tessellate><altitudeMode>clampToGround</altitudeMode><coordinates>81.9094637,20.3258644,450 81.9097952,20.3257214,450 81.9100474,20.3258644,450 81.9100108,20.3261356,450 81.9097952,20.3263348,450 81.9095060,20.3263745,450 81.9092752,20.3261356,450 81.9094637,20.3258644,450</coordinates></LineString></Placemark><Placemark><name>450 m</name><styleUrl>#major</styleUrl><ExtendedData><Data name="elevation"><value>450</value></Data></ExtendedData><LineString><tessellate>1</tessellate><altitudeMode>clampToGround</altitudeMode><coordinates>81.9326386,20.3259668,450 81.9326386,20.3262043,450 81.9327165,20.3261356,450 81.9326386,20.3259668,450</coordinates></LineString></Placemark><Placemark><name>450 m</name><styleUrl>#major</styleUrl><ExtendedData><Data name="elevation"><value>450</value></Data></ExtendedData><LineString><tessellate>1</tessellate><altitudeMode>clampToGround</altitudeMode><coordinates>81.9120622,20.3266780,450 81.9121814,20.3266780,450 81.9121084,20.3267893,450 81.9120622,20.3266780,450</coordinates></LineString></Placemark><Placemark><name>450 m</name><styleUrl>#major</styleUrl><ExtendedData><Data name="elevation"><value>450</value></Data></ExtendedData><LineString><tessellate>1</tessellate><altitudeMode>clampToGround</altitudeMode><coordinates>81.9118183,20.3272203,450 81.9121084,20.3270724,450 81.9121625,20.3272203,450 81.9121084,20.3273242,450 81.9118183,20.3272203,450</coordinates></LineString></Placemark><Placemark><name>450 m</name><styleUrl>#major</styleUrl><ExtendedData><Data name="elevation"><value>450</value></Data></ExtendedData><LineString><tessellate>1</tessellate><altitudeMode>clampToGround</altitudeMode><coordinates>81.9102809,20.3274915,450 81.9103735,20.3274131,450 81.9108221,20.3274915,450 81.9103735,20.3275846,450 81.9102809,20.3274915,450</coordinates></LineString></Placemark><Placemark><name>450 m</name><styleUrl>#major</styleUrl><ExtendedData><Data name="elevation"><value>450</value></Data></ExtendedData><LineString><tessellate>1</tessellate><altitudeMode>clampToGround</altitudeMode><coordinates>81.9100448,20.3280000,450 81.9100843,20.3279705,450 81.9101097,20.3280000,450</coordinates></LineString></Placemark><Placemark><name>450 m</name><styleUrl>#major</styleUrl><ExtendedData><Data name="elevation"><value>450</value></Data></ExtendedData><LineString><tessellate>1</tessellate><altitudeMode>clampToGround</altitudeMode><coordinates>81.8992845,20.3280000,450 81.8996747,20.3275410,450 81.9011205,20.3271684,450 81.9022771,20.3273052,450 81.9025655,20.3274915,450 81.9026953,20.3277627,450 81.9031402,20.3280000,450</coordinates></LineString></Placemark><Placemark><name>450 m</name><styleUrl>#major</styleUrl><ExtendedData><Data name="elevation"><value>450</value></Data></ExtendedData><LineString><tessellate>1</tessellate><altitudeMode>clampToGround</altitudeMode><coordinates>81.9260559,20.3280000,450 81.9261701,20.3277627,450 81.9262516,20.3272203,450 81.9265550,20.3266780,450 81.9269810,20.3261356,450 81.9277229,20.3257125,450 81.9283012,20.3255754,450 81.9288795,20.3258383,450 81.9294578,20.3258404,450 81.9297470,20.3255259,450 81.9303253,20.3254871,450 81.9306131,20.3253220,450 81.9307002,20.3250508,450 81.9311928,20.3247947,450 81.9313206,20.3245085,450 81.9314819,20.3244225,450 81.9320602,20.3248015,450 81.9325661,20.3247797,450 81.9327500,20.3250508,450 81.9331989,20.3251197,450</coordinates></LineString></Placemark><Placemark><name>455 m</name><styleUrl>#minor</styleUrl><ExtendedData><Data name="elevation"><value>455</value></Data></ExtendedData><LineString><tessellate>1</tessellate><altitudeMode>clampToGround</altitudeMode><coordinates>81.9153365,20.2920000,455 81.9154678,20.2925085,455 81.9152892,20.2932634,455 81.9147108,20.2941155,455 81.9144943,20.2946780,455 81.9140433,20.2952203,455 81.9147133,20.2957627,455 81.9147341,20.2960339,455 81.9144217,20.2964766,455 81.9138434,20.2966838,455 81.9132651,20.2966218,455 81.9131296,20.2963051,455 81.9131950,20.2960339,455 81.9129776,20.2957627,455 81.9118193,20.2952681,455 81.9112410,20.2952338,455 81.9106627,20.2949904,455 81.9097952,20.2948936,455 81.9095060,20.2950037,455 81.9091404,20.2954915,455 81.9091278,20.2960339,455 81.9088374,20.2963051,455 81.9087240,20.2965763,455 81.9085958,20.2965763,455 81.9083494,20.2962939,455 81.9072215,20.2965763,455 81.9069738,20.2971186,455 81.9066145,20.2971782,455 81.9065535,20.2973898,455 81.9051687,20.2976899,455 81.9048795,20.2977130,455 81.9040120,20.2974545,455 81.9025663,20.2967558,455 81.9019880,20.2966261,455 81.9016371,20.2963051,455 81.9016988,20.2957779,455 81.9020629,20.2952203,455 81.9034498,20.2938644,455 81.9050233,20.2920000,455</coordinates></LineString></Placemark><Placemark><name>455 m</name><styleUrl>#minor</styleUrl><ExtendedData><Data name="elevation"><value>455</value></Data></ExtendedData><LineString><tessellate>1</tessellate><altitudeMode>clampToGround</altitudeMode><coordinates>81.9070583,20.2973898,455 81.9071928,20.2972090,455 81.9074819,20.2972920,455 81.9075080,20.2976610,455 81.9071852,20.2976610,455 81.9070583,20.2973898,455</coordinates></LineString></Placemark><Placemark><name>455 m</name><styleUrl>#minor</styleUrl><ExtendedData><Data name="elevation"><value>455</value></Data></ExtendedData><LineString><tessellate>1</tessellate><altitudeMode>clampToGround</altitudeMode><coordinates>81.9163874,20.3114915,455 81.9173133,20.3114323,455 81.9187590,20.3117219,455 81.9188752,20.3120339,455 81.9188711,20.3131186,455 81.9184255,20.3147458,455 81.9174934,20.3155593,455 81.9170548,20.3163729,455 81.9167670,20.3174576,455 81.9167437,20.3190847,455 81.9165996,20.3196271,455 81.9161566,20.3200090,455 81.9155775,20.3201695,455 81.9146098,20.3207119,455 81.9146383,20.3209831,455 81.9149311,20.3212542,455 81.9154220,20.3223390,455 81.9150894,20.3231525,455 81.9147108,20.3236043,455 81.9144217,20.3237220,455 81.9138434,20.3235182,455 81.9133718,20.3231525,455 81.9133053,20.3228814,455 81.9139824,20.3215254,455 81.9140946,20.3209831,455 81.9139172,20.3204407,455 81.9132651,20.3199790,455 81.9130749,20.3196271,455 81.9130560,20.3185424,455 81.9133697,20.3177288,455 81.9137674,20.3152881,455 81.9141325,20.3149852,455 81.9144217,20.3144800,455 81.9145531,20.3136610,455 81.9150000,20.3129432,455 81.9158433,20.3123051,455 81.9163874,20.3114915,455</coordinates></LineString></Placemark><Placemark><name>455 m</name><styleUrl>#minor</styleUrl><ExtendedData><Data name="elevation"><value>455</value></Data></ExtendedData><LineString><tessellate>1</tessellate><altitudeMode>clampToGround</altitudeMode><coordinates>81.9290017,20.3166441,455 81.9291687,20.3164487,455 81.9303253,20.3169676,455 81.9309036,20.3170299,455 81.9311928,20.3172532,455 81.9316174,20.3185424,455 81.9311327,20.3190847,455 81.9309971,20.3196271,455 81.9311928,20.3203679,455 81.9316608,20.3204407,455 81.9320602,20.3207934,455 81.9323494,20.3207346,455 81.9326508,20.3209831,455 81.9321584,20.3215254,455 81.9319637,20.3215254,455 81.9319020,20.3209831,455 81.9317711,20.3208236,455 81.9311928,20.3209779,455 81.9311928,20.3213185,455 81.9304218,20.3209831,455 81.9297470,20.3208614,455 81.9292402,20.3204407,455 81.9284416,20.3201695,455 81.9281271,20.3198983,455 81.9277832,20.3190847,455 81.9278430,20.3182712,455 81.9285904,20.3169334,455 81.9290017,20.3166441,455</coordinates></LineString></Placemark><Placemark><name>455 m</name><styleUrl>#minor</styleUrl><ExtendedData><Data name="elevation"><value>455</value></Data></ExtendedData><LineString><tessellate>1</tessellate><altitudeMode>clampToGround</altitudeMode><coordinates>81.9119567,20.3223390,455 81.9121084,20.3222335,455 81.9125350,20.3223390,455 81.9126127,20.3226102,455 81.9131308,20.3231525,455 81.9139577,20.3245085,455 81.9134678,20.3255932,455 81.9129759,20.3259617,455 81.9123976,20.3259831,455 81.9119089,20.3255932,455 81.9118148,20.3253220,455 81.9118372,20.3245085,455 81.9116851,20.3242373,455 81.9117605,20.3234237,455 81.9120377,20.3226102,455 81.9119567,20.3223390,455</coordinates></LineString></Placemark><Placemark><name>455 m</name><styleUrl>#minor</styleUrl><ExtendedData><Data name="elevation"><value>455</value></Data></ExtendedData><LineString><tessellate>1</tessellate><altitudeMode>clampToGround</altitudeMode><coordinates>81.9157698,20.3253220,455 81.9158675,20.3251027,455 81.9161566,20.3250549,455 81.9166535,20.3258644,455 81.9166424,20.3261356,455 81.9164785,20.3264068,455 81.9161566,20.3266428,455 81.9158675,20.3264965,455 81.9157026,20.3261356,455 81.9157698,20.3253220,455</coordinates></LineString></Placemark><Placemark><name>455 m</name><styleUrl>#minor</styleUrl><ExtendedData><Data name="elevation"><value>455</value></Data></ExtendedData><LineString><tessellate>1</tessellate><altitudeMode>clampToGround</altitudeMode><coordinates>81.8996947,20.3277627,455 81.9002530,20.3276138,455 81.9014096,20.3276695,455 81.9016988,20.3278064,455 81.9018436,20.3280000,455</coordinates></LineString></Placemark><Placemark><name>455 m</name><styleUrl>#minor</styleUrl><ExtendedData><Data name="elevation"><value>455</value></Data></ExtendedData><LineString><tessellate>1</tessellate><altitudeMode>clampToGround</altitudeMode><coordinates>81.8994588,20.3280000,455 81.8996947,20.3277627,455</coordinates></LineString></Placemark><Placemark><name>455 m</name><styleUrl>#minor</styleUrl><ExtendedData><Data name="elevation"><value>455</value></Data></ExtendedData><LineString><tessellate>1</tessellate><altitudeMode>clampToGround</altitudeMode><coordinates>81.9268194,20.3280000,455 81.9270558,20.3272203,455 81.9274710,20.3264068,455 81.9280120,20.3260857,455 81.9285904,20.3261404,455 81.9294578,20.3264463,455 81.9303253,20.3265512,455 81.9311928,20.3263168,455 81.9314819,20.3264092,455 81.9323494,20.3263164,455 81.9324565,20.3266780,455 81.9328224,20.3272203,455 81.9326885,20.3277627,455 81.9327008,20.3280000,455</coordinates></LineString></Placemark><Placemark><name>460 m</name><styleUrl>#minor</styleUrl><ExtendedData><Data name="elevation"><value>460</value></Data></ExtendedData><LineString><tessellate>1</tessellate><altitudeMode>clampToGround</altitudeMode><coordinates>81.9151717,20.2920000,460 81.9152184,20.2927797,460 81.9142682,20.2946780,460 81.9135542,20.2953993,460 81.9129759,20.2954591,460 81.9125365,20.2952203,460 81.9106627,20.2946195,460 81.9095060,20.2946255,460 81.9092169,20.2948086,460 81.9086386,20.2958027,460 81.9077711,20.2961908,460 81.9071928,20.2962863,460 81.9060361,20.2973453,460 81.9048795,20.2975382,460 81.9037229,20.2972091,460 81.9025663,20.2966254,460 81.9019880,20.2964808,460 81.9017899,20.2963051,460 81.9017217,20.2960339,460 81.9022327,20.2952203,460 81.9034337,20.2940999,460 81.9052981,20.2920000,460</coordinates></LineString></Placemark><Placemark><name>460 m</name><styleUrl>#minor</styleUrl><ExtendedData><Data name="elevation"><value>460</value></Data></ExtendedData><LineString><tessellate>1</tessellate><altitudeMode>clampToGround</altitudeMode><coordinates>81.9135790,20.2957627,460 81.9138434,20.2955993,460 81.9141325,20.2956486,460 81.9144524,20.2957627,460 81.9145414,20.2960339,460 81.9143202,20.2963051,460 81.9138434,20.2964426,460 81.9135525,20.2963051,460 81.9135790,20.2957627,460</coordinates></LineString></Placemark><Placemark><name>460 m</name><styleUrl>#minor</styleUrl><ExtendedData><Data name="elevation"><value>460</value></Data></ExtendedData><LineString><tessellate>1</tessellate><altitudeMode>clampToGround</altitudeMode><coordinates>81.9163557,20.3117627,460 81.9164458,20.3116609,460 81.9170241,20.3115477,460 81.9184654,20.3117627,460 81.9186616,20.3120339,460 81.9187791,20.3131186,460 81.9184610,20.3139322,460 81.9183084,20.3147458,460 81.9173438,20.3155593,460 81.9169112,20.3163729,460 81.9166177,20.3174576,460 81.9165490,20.3188136,460 81.9162364,20.3196271,460 81.9158902,20.3198983,460 81.9150000,20.3202870,460 81.9144217,20.3203639,460 81.9135542,20.3200562,460 81.9131485,20.3193559,460 81.9131943,20.3185424,460 81.9135725,20.3177288,460 81.9135350,20.3171864,460 81.9137381,20.3161017,460 81.9139981,20.3152881,460 81.9145372,20.3144746,460 81.9146911,20.3136610,460 81.9150302,20.3131186,460 81.9158675,20.3124171,460 81.9163557,20.3117627,460</coordinates></LineString></Placemark><Placemark><name>460 m</name><styleUrl>#minor</styleUrl><ExtendedData><Data name="elevation"><value>460</value></Data></ExtendedData><LineString><tessellate>1</tessellate><altitudeMode>clampToGround</altitudeMode><coordinates>81.9289597,20.3169153,460 81.9291687,20.3168012,460 81.9294578,20.3168324,460 81.9308910,20.3174576,460 81.9311928,20.3179527,460 81.9313628,20.3185424,460 81.9310893,20.3188136,460 81.9308230,20.3193559,460 81.9310552,20.3204407,460 81.9309036,20.3207537,460 81.9306145,20.3208540,460 81.9300361,20.3207876,460 81.9294578,20.3204043,460 81.9285904,20.3200566,460 81.9283012,20.3198170,460 81.9280227,20.3193559,460 81.9279295,20.3190847,460 81.9280834,20.3182712,460 81.9286011,20.3171864,460 81.9289597,20.3169153,460</coordinates></LineString></Placemark><Placemark><name>460 m</name><styleUrl>#minor</styleUrl><ExtendedData><Data name="elevation"><value>460</value></Data></ExtendedData><LineString><tessellate>1</tessellate><altitudeMode>clampToGround</altitudeMode><coordinates>81.9142797,20.3215254,460 81.9144217,20.3212613,460 81.9147108,20.3214809,460 81.9152849,20.3223390,460 81.9149217,20.3231525,460 81.9147108,20.3234361,460 81.9144217,20.3235915,460 81.9138434,20.3233386,460 81.9134631,20.3228814,460 81.9138683,20.3220678,460 81.9142797,20.3215254,460</coordinates></LineString></Placemark><Placemark><name>460 m</name><styleUrl>#minor</styleUrl><ExtendedData><Data name="elevation"><value>460</value></Data></ExtendedData><LineString><tessellate>1</tessellate><altitudeMode>clampToGround</altitudeMode><coordinates>81.9122511,20.3228814,460 81.9123976,20.3227524,460 81.9129759,20.3232835,460 81.9135757,20.3242373,460 81.9132111,20.3255932,460 81.9126867,20.3258400,460 81.9123976,20.3257960,460 81.9119662,20.3253220,460 81.9120523,20.3247797,460 81.9118866,20.3239661,460 81.9119746,20.3234237,460 81.9122511,20.3228814,460</coordinates></LineString></Placemark><Placemark><name>460 m</name><styleUrl>#minor</styleUrl><ExtendedData><Data name="elevation"><value>460</value></Data></ExtendedData><LineString><tessellate>1</tessellate><altitudeMode>clampToGround</altitudeMode><coordinates>81.9159704,20.3255932,460 81.9161566,20.3253941,460 81.9165431,20.3258644,460 81.9165353,20.3261356,460 81.9161566,20.3264937,460 81.9158335,20.3261356,460 81.9159704,20.3255932,460</coordinates></LineString></Placemark><Placemark><name>460 m</name><styleUrl>#minor</styleUrl><ExtendedData><Data name="elevation"><value>460</value></Data></ExtendedData><LineString><tessellate>1</tessellate><altitudeMode>clampToGround</altitudeMode><coordinates>81.9280820,20.3264068,460 81.9285904,20.3263802,460 81.9291687,20.3267016,460 81.9300361,20.3267936,460 81.9311928,20.3271445,460 81.9316247,20.3274915,460 81.9319861,20.3280000,460</coordinates></LineString></Placemark><Placemark><name>460 m</name><styleUrl>#minor</styleUrl><ExtendedData><Data name="elevation"><value>460</value></Data></ExtendedData><LineString><tessellate>1</tessellate><altitudeMode>clampToGround</altitudeMode><coordinates>81.9273599,20.3280000,460 81.9273617,20.3277627,460 81.9274486,20.3272203,460 81.9277229,20.3266829,460 81.9280820,20.3264068,460</coordinates></LineString></Placemark><Placemark><name>460 m</name><styleUrl>#minor</styleUrl><ExtendedData><Data name="elevation"><value>460</value></Data></ExtendedData><LineString><tessellate>1</tessellate><altitudeMode>clampToGround</altitudeMode><coordinates>81.8996642,20.3280000,460 81.8999639,20.3278168,460 81.9002530,20.3278063,460 81.9007907,20.3280000,460</coordinates></LineString></Placemark><Placemark><name>465 m</name><styleUrl>#minor</styleUrl><ExtendedData><Data name="elevation"><value>465</value></Data></ExtendedData><LineString><tessellate>1</tessellate><altitudeMode>clampToGround</altitudeMode><coordinates>81.9150151,20.2920000,465 81.9150882,20.2922373,465 81.9150617,20.2927797,465 81.9140684,20.2946780,465 81.9135542,20.2950438,465 81.9126867,20.2950897,465 81.9115301,20.2947304,465 81.9106627,20.2943263,465 81.9092169,20.2944990,465 81.9089785,20.2946780,465 81.9087425,20.2952203,465 81.9083494,20.2956847,465 81.9071928,20.2960733,465 81.9062278,20.2968475,465 81.9060361,20.2971612,465 81.9048795,20.2973589,465 81.9037229,20.2970942,465 81.9019510,20.2963051,465 81.9018507,20.2960339,465 81.9022771,20.2953439,465 81.9037229,20.2939735,465 81.9054382,20.2920000,465</coordinates></LineString></Placemark><Placemark><name>465 m</name><styleUrl>#minor</styleUrl><ExtendedData><Data name="elevation"><value>465</value></Data></ExtendedData><LineString><tessellate>1</tessellate><altitudeMode>clampToGround</altitudeMode><coordinates>81.9082683,20.2920000,465 81.9083494,20.2921222,465 81.9089277,20.2922219,465 81.9099254,20.2920000,465</coordinates></LineString></Placemark><Placemark><name>465 m</name><styleUrl>#minor</styleUrl><ExtendedData><Data name="elevation"><value>465</value></Data></ExtendedData><LineString><tessellate>1</tessellate><altitudeMode>clampToGround</altitudeMode><coordinates>81.9140718,20.2960339,465 81.9141737,20.2960339,465</coordinates></LineString></Placemark><Placemark><name>465 m</name><styleUrl>#minor</styleUrl><ExtendedData><Data name="elevation"><value>465</value></Data></ExtendedData><LineString><tessellate>1</tessellate><altitudeMode>clampToGround</altitudeMode><coordinates>81.9166165,20.3117627,465 81.9173133,20.3116792,465 81.9181807,20.3118200,465 81.9184602,20.3120339,465 81.9187010,20.3131186,465 81.9181914,20.3147458,465 81.9172049,20.3155593,465 81.9168952,20.3161017,465 81.9165982,20.3169153,465 81.9162434,20.3188136,465 81.9157539,20.3190847,465 81.9159049,20.3196271,465 81.9150000,20.3201229,465 81.9147108,20.3201764,465 81.9138434,20.3200439,465 81.9135542,20.3198978,465 81.9133525,20.3196271,465 81.9132786,20.3190847,465 81.9133217,20.3185424,465 81.9136892,20.3177288,465 81.9136382,20.3171864,465 81.9140374,20.3155593,465 81.9145414,20.3147458,465 81.9148203,20.3136610,465 81.9151610,20.3131186,465 81.9166165,20.3117627,465</coordinates></LineString></Placemark><Placemark><name>465 m</name><styleUrl>#minor</styleUrl><ExtendedData><Data name="elevation"><value>465</value></Data></ExtendedData><LineString><tessellate>1</tessellate><altitudeMode>clampToGround</altitudeMode><coordinates>81.9287917,20.3171864,465 81.9291687,20.3170176,465 81.9297470,20.3171602,465 81.9306128,20.3177288,465 81.9310287,20.3182712,465 81.9307401,20.3188136,465 81.9306200,20.3193559,465 81.9309036,20.3200846,465 81.9309036,20.3203863,465 81.9306145,20.3206962,465 81.9300361,20.3206459,465 81.9294578,20.3202653,465 81.9285908,20.3198983,465 81.9281491,20.3193559,465 81.9280933,20.3188136,465 81.9287917,20.3171864,465</coordinates></LineString></Placemark><Placemark><name>465 m</name><styleUrl>#minor</styleUrl><ExtendedData><Data name="elevation"><value>465</value></Data></ExtendedData><LineString><tessellate>1</tessellate><altitudeMode>clampToGround</altitudeMode><coordinates>81.9143613,20.3217966,465 81.9144217,20.3217343,465 81.9147108,20.3218629,465 81.9151688,20.3223390,465 81.9148032,20.3231525,465 81.9144217,20.3234795,465 81.9138434,20.3232056,465 81.9136133,20.3228814,465 81.9140130,20.3220678,465 81.9143613,20.3217966,465</coordinates></LineString></Placemark><Placemark><name>465 m</name><styleUrl>#minor</styleUrl><ExtendedData><Data name="elevation"><value>465</value></Data></ExtendedData><LineString><tessellate>1</tessellate><altitudeMode>clampToGround</altitudeMode><coordinates>81.9121855,20.3234237,465 81.9123976,20.3231808,465 81.9126867,20.3232132,465 81.9129759,20.3234876,465 81.9132082,20.3239661,465 81.9131629,20.3253220,465 81.9129759,20.3255910,465 81.9126867,20.3257011,465 81.9123976,20.3256536,465 81.9121147,20.3253220,465 81.9122170,20.3247797,465 81.9120256,20.3239661,465 81.9121855,20.3234237,465</coordinates></LineString></Placemark><Placemark><name>465 m</name><styleUrl>#minor</styleUrl><ExtendedData><Data name="elevation"><value>465</value></Data></ExtendedData><LineString><tessellate>1</tessellate><altitudeMode>clampToGround</altitudeMode><coordinates>81.9160635,20.3258644,465 81.9161566,20.3257364,465 81.9163866,20.3258644,465 81.9163973,20.3261356,465 81.9161566,20.3263148,465 81.9160052,20.3261356,465 81.9160635,20.3258644,465</coordinates></LineString></Placemark><Placemark><name>465 m</name><styleUrl>#minor</styleUrl><ExtendedData><Data name="elevation"><value>465</value></Data></ExtendedData><LineString><tessellate>1</tessellate><altitudeMode>clampToGround</altitudeMode><coordinates>81.9282655,20.3266780,465 81.9285904,20.3266926,465 81.9290626,20.3269492,465 81.9300361,20.3269767,465 81.9303253,20.3270944,465 81.9314819,20.3277693,465 81.9316302,20.3280000,465</coordinates></LineString></Placemark><Placemark><name>465 m</name><styleUrl>#minor</styleUrl><ExtendedData><Data name="elevation"><value>465</value></Data></ExtendedData><LineString><tessellate>1</tessellate><altitudeMode>clampToGround</altitudeMode><coordinates>81.9277899,20.3280000,465 81.9277250,20.3274915,465 81.9280120,20.3268488,465 81.9282655,20.3266780,465</coordinates></LineString></Placemark><Placemark><name>465 m</name><styleUrl>#minor</styleUrl><ExtendedData><Data name="elevation"><value>465</value></Data></ExtendedData><LineString><tessellate>1</tessellate><altitudeMode>clampToGround</altitudeMode><coordinates>81.9001813,20.3280000,465 81.9002530,20.3279912,465 81.9002745,20.3280000,465</coordinates></LineString></Placemark><Placemark><name>470 m</name><styleUrl>#minor</styleUrl><ExtendedData><Data name="elevation"><value>470</value></Data></ExtendedData><LineString><tessellate>1</tessellate><altitudeMode>clampToGround</altitudeMode><coordinates>81.9148863,20.2920000,470 81.9149652,20.2922373,470 81.9149283,20.2927797,470 81.9145204,20.2935932,470 81.9138434,20.2946619,470 81.9135542,20.2948580,470 81.9129759,20.2949824,470 81.9126867,20.2949263,470 81.9115301,20.2945512,470 81.9106627,20.2940531,470 81.9092169,20.2943226,470 81.9089247,20.2944068,470 81.9082634,20.2954915,470 81.9071928,20.2958974,470 81.9062375,20.2965763,470 81.9057470,20.2970653,470 81.9054578,20.2971271,470 81.9045904,20.2971687,470 81.9040120,20.2970833,470 81.9022663,20.2963051,470 81.9019880,20.2960548,470 81.9025372,20.2952203,470 81.9037229,20.2941398,470 81.9053627,20.2922373,470 81.9056759,20.2920000,470</coordinates></LineString></Placemark><Placemark><name>470 m</name><styleUrl>#minor</styleUrl><ExtendedData><Data name="elevation"><value>470</value></Data></ExtendedData><LineString><tessellate>1</tessellate><altitudeMode>clampToGround</altitudeMode><coordinates>81.9076921,20.2920000,470 81.9080602,20.2923066,470 81.9089277,20.2923693,470 81.9103735,20.2920871,470 81.9105645,20.2920000,470</coordinates></LineString></Placemark><Placemark><name>470 m</name><styleUrl>#minor</styleUrl><ExtendedData><Data name="elevation"><value>470</value></Data></ExtendedData><LineString><tessellate>1</tessellate><altitudeMode>clampToGround</altitudeMode><coordinates>81.9164303,20.3120339,470 81.9170241,20.3117838,470 81.9181807,20.3119706,470 81.9186171,20.3128475,470 81.9186267,20.3131186,470 81.9180322,20.3147458,470 81.9170686,20.3155593,470 81.9167550,20.3161017,470 81.9161171,20.3185424,470 81.9155783,20.3189190,470 81.9154950,20.3196271,470 81.9150000,20.3199718,470 81.9138434,20.3199224,470 81.9134664,20.3196271,470 81.9133942,20.3190847,470 81.9134377,20.3185424,470 81.9138059,20.3177288,470 81.9137361,20.3171864,470 81.9140986,20.3158305,470 81.9146634,20.3147458,470 81.9148326,20.3139322,470 81.9151075,20.3133898,470 81.9164303,20.3120339,470</coordinates></LineString></Placemark><Placemark><name>470 m</name><styleUrl>#minor</styleUrl><ExtendedData><Data name="elevation"><value>470</value></Data></ExtendedData><LineString><tessellate>1</tessellate><altitudeMode>clampToGround</altitudeMode><coordinates>81.9288012,20.3174576,470 81.9291687,20.3172180,470 81.9294578,20.3172998,470 81.9304753,20.3180000,470 81.9304519,20.3193559,470 81.9307515,20.3201695,470 81.9306145,20.3205093,470 81.9300361,20.3205267,470 81.9294578,20.3201329,470 81.9285904,20.3197532,470 81.9282755,20.3193559,470 81.9282294,20.3188136,470 81.9287309,20.3180000,470 81.9288012,20.3174576,470</coordinates></LineString></Placemark><Placemark><name>470 m</name><styleUrl>#minor</styleUrl><ExtendedData><Data name="elevation"><value>470</value></Data></ExtendedData><LineString><tessellate>1</tessellate><altitudeMode>clampToGround</altitudeMode><coordinates>81.9141883,20.3220678,470 81.9144217,20.3219426,470 81.9150527,20.3223390,470 81.9148581,20.3228814,470 81.9144217,20.3233615,470 81.9139444,20.3231525,470 81.9137534,20.3228814,470 81.9141883,20.3220678,470</coordinates></LineString></Placemark><Placemark><name>470 m</name><styleUrl>#minor</styleUrl><ExtendedData><Data name="elevation"><value>470</value></Data></ExtendedData><LineString><tessellate>1</tessellate><altitudeMode>clampToGround</altitudeMode><coordinates>81.9125187,20.3234237,470 81.9127241,20.3234237,470 81.9130891,20.3239661,470 81.9129112,20.3245085,470 81.9130458,20.3247797,470 81.9130058,20.3253220,470 81.9126867,20.3255579,470 81.9123976,20.3254985,470 81.9122511,20.3253220,470 81.9122313,20.3250508,470 81.9123642,20.3247797,470 81.9121593,20.3242373,470 81.9122588,20.3236949,470 81.9125187,20.3234237,470</coordinates></LineString></Placemark><Placemark><name>470 m</name><styleUrl>#minor</styleUrl><ExtendedData><Data name="elevation"><value>470</value></Data></ExtendedData><LineString><tessellate>1</tessellate><altitudeMode>clampToGround</altitudeMode><coordinates>81.9282773,20.3272203,470 81.9300361,20.3271349,470 81.9313969,20.3280000,470</coordinates></LineString></Placemark><Placemark><name>470 m</name><styleUrl>#minor</styleUrl><ExtendedData><Data name="elevation"><value>470</value></Data></ExtendedData><LineString><tessellate>1</tessellate><altitudeMode>clampToGround</altitudeMode><coordinates>81.9280078,20.3280000,470 81.9279582,20.3277627,470 81.9280173,20.3274915,470 81.9282773,20.3272203,470</coordinates></LineString></Placemark><Placemark><name>475 m</name><styleUrl>#major</styleUrl><ExtendedData><Data name="elevation"><value>475</value></Data></ExtendedData><LineString><tessellate>1</tessellate><altitudeMode>clampToGround</altitudeMode><coordinates>81.9148120,20.2920000,475 81.9148897,20.2925085,475 81.9148101,20.2927797,475 81.9142366,20.2938644,475 81.9135542,20.2947022,475 81.9129759,20.2948545,475 81.9115795,20.2944068,475 81.9106627,20.2938494,475 81.9100843,20.2939058,475 81.9086950,20.2944068,475 81.9080602,20.2952911,475 81.9078015,20.2954915,475 81.9071928,20.2957352,475 81.9055523,20.2968475,475 81.9048795,20.2970141,475 81.9037229,20.2968832,475 81.9022309,20.2960339,475 81.9022928,20.2957627,475 81.9026712,20.2952203,475 81.9037229,20.2942823,475 81.9057470,20.2920968,475 81.9071928,20.2920558,475 81.9080602,20.2925303,475 81.9089277,20.2925111,475 81.9103735,20.2922673,475 81.9109444,20.2920000,475</coordinates></LineString></Placemark><Placemark><name>475 m</name><styleUrl>#major</styleUrl><ExtendedData><Data name="elevation"><value>475</value></Data></ExtendedData><LineString><tessellate>1</tessellate><altitudeMode>clampToGround</altitudeMode><coordinates>81.9166259,20.3120339,475 81.9170241,20.3119087,475 81.9179495,20.3120339,475 81.9184699,20.3127195,475 81.9185524,20.3131186,475 81.9178623,20.3147458,475 81.9169251,20.3155593,475 81.9167349,20.3158448,475 81.9160374,20.3182712,475 81.9158744,20.3185424,475 81.9154645,20.3188136,475 81.9152367,20.3196271,475 81.9150000,20.3198094,475 81.9147108,20.3198591,475 81.9138434,20.3198175,475 81.9135856,20.3196271,475 81.9134911,20.3193559,475 81.9135537,20.3185424,475 81.9139090,20.3177288,475 81.9138340,20.3171864,475 81.9142512,20.3158305,475 81.9147731,20.3147458,475 81.9149451,20.3139322,475 81.9152119,20.3133898,475 81.9166259,20.3120339,475</coordinates></LineString></Placemark><Placemark><name>475 m</name><styleUrl>#major</styleUrl><ExtendedData><Data name="elevation"><value>475</value></Data></ExtendedData><LineString><tessellate>1</tessellate><altitudeMode>clampToGround</altitudeMode><coordinates>81.9290803,20.3177288,475 81.9291687,20.3175777,475 81.9294578,20.3176432,475 81.9301146,20.3180000,475 81.9302380,20.3182712,475 81.9303279,20.3196271,475 81.9305443,20.3201695,475 81.9303253,20.3204216,475 81.9300361,20.3203982,475 81.9294578,20.3200154,475 81.9288795,20.3198168,475 81.9284082,20.3193559,475 81.9283138,20.3190847,475 81.9283730,20.3188136,475 81.9290278,20.3180000,475 81.9290803,20.3177288,475</coordinates></LineString></Placemark><Placemark><name>475 m</name><styleUrl>#major</styleUrl><ExtendedData><Data name="elevation"><value>475</value></Data></ExtendedData><LineString><tessellate>1</tessellate><altitudeMode>clampToGround</altitudeMode><coordinates>81.9141146,20.3223390,475 81.9144217,20.3221086,475 81.9149058,20.3223390,475 81.9149065,20.3226102,475 81.9144217,20.3232375,475 81.9141325,20.3231661,475 81.9138887,20.3228814,475 81.9141146,20.3223390,475</coordinates></LineString></Placemark><Placemark><name>475 m</name><styleUrl>#major</styleUrl><ExtendedData><Data name="elevation"><value>475</value></Data></ExtendedData><LineString><tessellate>1</tessellate><altitudeMode>clampToGround</altitudeMode><coordinates>81.9124900,20.3236949,475 81.9126867,20.3235971,475 81.9129675,20.3239661,475 81.9126867,20.3244960,475 81.9123976,20.3243902,475 81.9123091,20.3242373,475 81.9123052,20.3239661,475 81.9124900,20.3236949,475</coordinates></LineString></Placemark><Placemark><name>475 m</name><styleUrl>#major</styleUrl><ExtendedData><Data name="elevation"><value>475</value></Data></ExtendedData><LineString><tessellate>1</tessellate><altitudeMode>clampToGround</altitudeMode><coordinates>81.9126311,20.3247797,475 81.9126867,20.3245630,475 81.9128797,20.3250508,475 81.9126867,20.3254002,475 81.9123976,20.3253342,475 81.9123623,20.3250508,475 81.9126311,20.3247797,475</coordinates></LineString></Placemark><Placemark><name>475 m</name><styleUrl>#major</styleUrl><ExtendedData><Data name="elevation"><value>475</value></Data></ExtendedData><LineString><tessellate>1</tessellate><altitudeMode>clampToGround</altitudeMode><coordinates>81.9284181,20.3274915,475 81.9288795,20.3273185,475 81.9300361,20.3272932,475 81.9309887,20.3280000,475</coordinates></LineString></Placemark><Placemark><name>475 m</name><styleUrl>#major</styleUrl><ExtendedData><Data name="elevation"><value>475</value></Data></ExtendedData><LineString><tessellate>1</tessellate><altitudeMode>clampToGround</altitudeMode><coordinates>81.9281740,20.3280000,475 81.9281984,20.3277627,475 81.9284181,20.3274915,475</coordinates></LineString></Placemark><Placemark><name>480 m</name><styleUrl>#minor</styleUrl><ExtendedData><Data name="elevation"><value>480</value></Data></ExtendedData><LineString><tessellate>1</tessellate><altitudeMode>clampToGround</altitudeMode><coordinates>81.9146809,20.2920000,480 81.9147782,20.2922373,480 81.9147905,20.2925085,480 81.9143141,20.2935932,480 81.9135542,20.2945254,480 81.9132651,20.2947124,480 81.9129759,20.2947349,480 81.9118193,20.2943624,480 81.9109518,20.2938206,480 81.9103735,20.2937146,480 81.9086386,20.2942732,480 81.9073947,20.2954915,480 81.9061108,20.2963051,480 81.9048795,20.2968631,480 81.9037229,20.2967877,480 81.9027831,20.2963051,480 81.9024993,20.2960339,480 81.9024848,20.2957627,480 81.9028014,20.2952203,480 81.9037412,20.2944068,480 81.9057470,20.2922614,480 81.9071928,20.2923008,480 81.9080602,20.2926956,480 81.9089277,20.2926505,480 81.9103735,20.2924163,480 81.9111216,20.2920000,480</coordinates></LineString></Placemark><Placemark><name>480 m</name><styleUrl>#minor</styleUrl><ExtendedData><Data name="elevation"><value>480</value></Data></ExtendedData><LineString><tessellate>1</tessellate><altitudeMode>clampToGround</altitudeMode><coordinates>81.9170231,20.3120339,480 81.9178916,20.3121715,480 81.9184396,20.3128475,480 81.9184781,20.3131186,480 81.9176527,20.3147458,480 81.9167349,20.3156232,480 81.9160115,20.3180000,480 81.9158675,20.3183053,480 81.9152884,20.3188136,480 81.9150119,20.3196271,480 81.9144217,20.3197733,480 81.9138434,20.3197168,480 81.9135974,20.3193559,480 81.9136660,20.3185424,480 81.9140057,20.3177288,480 81.9139264,20.3171864,480 81.9148748,20.3147458,480 81.9150463,20.3139322,480 81.9155512,20.3131186,480 81.9164458,20.3123015,480 81.9167349,20.3120915,480 81.9170231,20.3120339,480</coordinates></LineString></Placemark><Placemark><name>480 m</name><styleUrl>#minor</styleUrl><ExtendedData><Data name="elevation"><value>480</value></Data></ExtendedData><LineString><tessellate>1</tessellate><altitudeMode>clampToGround</altitudeMode><coordinates>81.9291865,20.3182712,480 81.9294578,20.3180669,480 81.9297470,20.3180953,480 81.9299617,20.3182712,480 81.9302741,20.3201695,480 81.9300361,20.3202452,480 81.9294590,20.3198983,480 81.9288795,20.3197059,480 81.9285424,20.3193559,480 81.9284611,20.3190847,480 81.9285904,20.3186974,480 81.9291865,20.3182712,480</coordinates></LineString></Placemark><Placemark><name>480 m</name><styleUrl>#minor</styleUrl><ExtendedData><Data name="elevation"><value>480</value></Data></ExtendedData><LineString><tessellate>1</tessellate><altitudeMode>clampToGround</altitudeMode><coordinates>81.9143087,20.3223390,480 81.9144217,20.3222571,480 81.9147108,20.3223216,480 81.9148039,20.3226102,480 81.9144217,20.3231038,480 81.9140155,20.3228814,480 81.9143087,20.3223390,480</coordinates></LineString></Placemark><Placemark><name>480 m</name><styleUrl>#minor</styleUrl><ExtendedData><Data name="elevation"><value>480</value></Data></ExtendedData><LineString><tessellate>1</tessellate><altitudeMode>clampToGround</altitudeMode><coordinates>81.9124985,20.3239661,480 81.9126867,20.3238204,480 81.9127959,20.3239661,480 81.9126867,20.3242228,480 81.9124985,20.3239661,480</coordinates></LineString></Placemark><Placemark><name>480 m</name><styleUrl>#minor</styleUrl><ExtendedData><Data name="elevation"><value>480</value></Data></ExtendedData><LineString><tessellate>1</tessellate><altitudeMode>clampToGround</altitudeMode><coordinates>81.9288371,20.3274915,480 81.9297470,20.3273904,480 81.9300361,20.3274516,480 81.9306565,20.3280000,480</coordinates></LineString></Placemark><Placemark><name>480 m</name><styleUrl>#minor</styleUrl><ExtendedData><Data name="elevation"><value>480</value></Data></ExtendedData><LineString><tessellate>1</tessellate><altitudeMode>clampToGround</altitudeMode><coordinates>81.9283687,20.3280000,480 81.9284549,20.3277627,480 81.9288371,20.3274915,480</coordinates></LineString></Placemark><Placemark><name>485 m</name><styleUrl>#minor</styleUrl><ExtendedData><Data name="elevation"><value>485</value></Data></ExtendedData><LineString><tessellate>1</tessellate><altitudeMode>clampToGround</altitudeMode><coordinates>81.9145804,20.2920000,485 81.9146821,20.2922373,485 81.9146893,20.2925085,485 81.9142240,20.2935932,485 81.9132651,20.2945849,485 81.9129759,20.2946118,485 81.9118193,20.2942248,485 81.9107424,20.2935932,485 81.9103735,20.2935835,485 81.9083494,20.2942233,485 81.9077711,20.2946573,485 81.9073937,20.2952203,485 81.9067658,20.2957627,485 81.9048795,20.2966927,485 81.9043012,20.2967888,485 81.9037229,20.2966974,485 81.9026860,20.2960339,485 81.9027373,20.2954915,485 81.9031586,20.2949492,485 81.9038856,20.2944068,485 81.9051687,20.2929171,485 81.9057470,20.2925044,485 81.9069036,20.2924659,485 81.9080602,20.2928807,485 81.9089277,20.2927899,485 81.9105144,20.2925085,485 81.9113759,20.2920000,485</coordinates></LineString></Placemark><Placemark><name>485 m</name><styleUrl>#minor</styleUrl><ExtendedData><Data name="elevation"><value>485</value></Data></ExtendedData><LineString><tessellate>1</tessellate><altitudeMode>clampToGround</altitudeMode><coordinates>81.9166129,20.3123051,485 81.9170241,20.3121622,485 81.9178440,20.3123051,485 81.9183236,20.3128475,485 81.9183883,20.3131186,485 81.9178820,20.3142034,485 81.9165123,20.3158305,485 81.9159007,20.3180000,485 81.9151488,20.3188136,485 81.9150000,20.3194302,485 81.9144217,20.3196790,485 81.9138824,20.3196271,485 81.9137001,20.3193559,485 81.9137020,20.3190847,485 81.9138543,20.3182712,485 81.9141024,20.3177288,485 81.9140181,20.3171864,485 81.9147080,20.3155593,485 81.9151367,20.3139322,485 81.9155783,20.3132110,485 81.9166129,20.3123051,485</coordinates></LineString></Placemark><Placemark><name>485 m</name><styleUrl>#minor</styleUrl><ExtendedData><Data name="elevation"><value>485</value></Data></ExtendedData><LineString><tessellate>1</tessellate><altitudeMode>clampToGround</altitudeMode><coordinates>81.9292570,20.3185424,485 81.9297470,20.3184965,485 81.9299083,20.3188136,485 81.9299830,20.3196271,485 81.9297470,20.3198496,485 81.9289525,20.3196271,485 81.9286877,20.3193559,485 81.9286125,20.3190847,485 81.9287117,20.3188136,485 81.9288795,20.3186317,485 81.9292570,20.3185424,485</coordinates></LineString></Placemark><Placemark><name>485 m</name><styleUrl>#minor</styleUrl><ExtendedData><Data name="elevation"><value>485</value></Data></ExtendedData><LineString><tessellate>1</tessellate><altitudeMode>clampToGround</altitudeMode><coordinates>81.9142361,20.3226102,485 81.9144217,20.3224230,485 81.9146860,20.3226102,485 81.9144217,20.3229491,485 81.9141758,20.3228814,485 81.9142361,20.3226102,485</coordinates></LineString></Placemark><Placemark><name>485 m</name><styleUrl>#minor</styleUrl><ExtendedData><Data name="elevation"><value>485</value></Data></ExtendedData><LineString><tessellate>1</tessellate><altitudeMode>clampToGround</altitudeMode><coordinates>81.9287196,20.3277627,485 81.9291687,20.3275808,485 81.9297470,20.3275438,485 81.9300361,20.3276466,485 81.9303759,20.3280000,485</coordinates></LineString></Placemark><Placemark><name>485 m</name><styleUrl>#minor</styleUrl><ExtendedData><Data name="elevation"><value>485</value></Data></ExtendedData><LineString><tessellate>1</tessellate><altitudeMode>clampToGround</altitudeMode><coordinates>81.9286285,20.3280000,485 81.9287196,20.3277627,485</coordinates></LineString></Placemark><Placemark><name>490 m</name><styleUrl>#minor</styleUrl><ExtendedData><Data name="elevation"><value>490</value></Data></ExtendedData><LineString><tessellate>1</tessellate><altitudeMode>clampToGround</altitudeMode><coordinates>81.9145133,20.2920000,490 81.9145800,20.2925085,490 81.9142771,20.2933220,490 81.9141325,20.2935952,490 81.9132651,20.2944531,490 81.9129759,20.2944853,490 81.9118193,20.2940894,490 81.9106627,20.2934366,490 81.9103735,20.2934719,490 81.9089277,20.2939356,490 81.9083494,20.2938915,490 81.9077711,20.2942768,490 81.9071568,20.2952203,490 81.9066145,20.2957248,490 81.9057051,20.2960339,490 81.9045904,20.2966559,490 81.9037229,20.2966070,490 81.9028452,20.2960339,490 81.9028025,20.2957627,490 81.9030399,20.2952203,490 81.9034337,20.2948055,490 81.9040297,20.2944068,490 81.9051687,20.2930499,490 81.9057470,20.2926546,490 81.9071928,20.2926861,490 81.9080602,20.2931045,490 81.9106627,20.2926079,490 81.9114924,20.2920000,490</coordinates></LineString></Placemark><Placemark><name>490 m</name><styleUrl>#minor</styleUrl><ExtendedData><Data name="elevation"><value>490</value></Data></ExtendedData><LineString><tessellate>1</tessellate><altitudeMode>clampToGround</altitudeMode><coordinates>81.9169432,20.3123051,490 81.9176024,20.3123280,490 81.9178916,20.3125391,490 81.9182077,20.3128475,490 81.9182964,20.3131186,490 81.9181962,20.3133898,490 81.9177867,20.3142034,490 81.9163994,20.3158305,490 81.9159202,20.3177288,490 81.9155994,20.3182712,490 81.9150091,20.3188136,490 81.9148998,20.3193559,490 81.9147108,20.3194983,490 81.9141325,20.3195981,490 81.9138434,20.3194271,490 81.9137935,20.3190847,490 81.9139524,20.3182712,490 81.9142098,20.3177288,490 81.9141099,20.3171864,490 81.9147832,20.3158305,490 81.9152271,20.3139322,490 81.9155783,20.3133278,490 81.9164458,20.3125455,490 81.9169432,20.3123051,490</coordinates></LineString></Placemark><Placemark><name>490 m</name><styleUrl>#minor</styleUrl><ExtendedData><Data name="elevation"><value>490</value></Data></ExtendedData><LineString><tessellate>1</tessellate><altitudeMode>clampToGround</altitudeMode><coordinates>81.9290795,20.3188136,490 81.9294578,20.3187798,490 81.9297470,20.3189263,490 81.9298422,20.3193559,490 81.9297470,20.3196110,490 81.9291687,20.3196010,490 81.9288392,20.3193559,490 81.9287929,20.3190847,490 81.9288795,20.3188966,490 81.9290795,20.3188136,490</coordinates></LineString></Placemark><Placemark><name>490 m</name><styleUrl>#minor</styleUrl><ExtendedData><Data name="elevation"><value>490</value></Data></ExtendedData><LineString><tessellate>1</tessellate><altitudeMode>clampToGround</altitudeMode><coordinates>81.9290899,20.3277627,490 81.9297470,20.3277211,490 81.9300361,20.3278624,490 81.9301484,20.3280000,490</coordinates></LineString></Placemark><Placemark><name>490 m</name><styleUrl>#minor</styleUrl><ExtendedData><Data name="elevation"><value>490</value></Data></ExtendedData><LineString><tessellate>1</tessellate><altitudeMode>clampToGround</altitudeMode><coordinates>81.9288363,20.3280000,490 81.9288795,20.3278952,490 81.9290899,20.3277627,490</coordinates></LineString></Placemark><Placemark><name>495 m</name><styleUrl>#minor</styleUrl><ExtendedData><Data name="elevation"><value>495</value></Data></ExtendedData><LineString><tessellate>1</tessellate><altitudeMode>clampToGround</altitudeMode><coordinates>81.9144130,20.2920000,495 81.9144707,20.2925085,495 81.9141977,20.2933220,495 81.9138434,20.2937939,495 81.9132651,20.2942934,495 81.9129759,20.2943582,495 81.9121084,20.2940796,495 81.9106627,20.2933046,495 81.9097952,20.2934777,495 81.9089277,20.2937976,495 81.9083708,20.2935932,495 81.9083277,20.2933220,495 81.9086386,20.2931690,495 81.9097952,20.2928361,495 81.9106627,20.2927740,495 81.9116615,20.2920000,495</coordinates></LineString></Placemark><Placemark><name>495 m</name><styleUrl>#minor</styleUrl><ExtendedData><Data name="elevation"><value>495</value></Data></ExtendedData><LineString><tessellate>1</tessellate><altitudeMode>clampToGround</altitudeMode><coordinates>81.9059104,20.2927797,495 81.9071928,20.2928579,495 81.9082576,20.2935932,495 81.9080602,20.2936365,495 81.9077711,20.2939455,495 81.9066145,20.2955738,495 81.9054578,20.2959995,495 81.9045904,20.2965375,495 81.9043012,20.2966033,495 81.9037229,20.2965093,495 81.9031446,20.2961593,495 81.9029933,20.2960339,495 81.9029407,20.2957627,495 81.9031567,20.2952203,495 81.9041714,20.2944068,495 81.9053070,20.2930508,495 81.9059104,20.2927797,495</coordinates></LineString></Placemark><Placemark><name>495 m</name><styleUrl>#minor</styleUrl><ExtendedData><Data name="elevation"><value>495</value></Data></ExtendedData><LineString><tessellate>1</tessellate><altitudeMode>clampToGround</altitudeMode><coordinates>81.9166005,20.3125763,495 81.9170241,20.3124456,495 81.9176024,20.3124929,495 81.9180459,20.3128475,495 81.9182046,20.3131186,495 81.9176914,20.3142034,495 81.9162881,20.3158305,495 81.9160870,20.3163729,495 81.9159075,20.3174576,495 81.9156666,20.3180000,495 81.9150000,20.3185778,495 81.9147439,20.3193559,495 81.9141325,20.3194988,495 81.9139289,20.3193559,495 81.9138824,20.3190847,495 81.9140505,20.3182712,495 81.9143220,20.3177288,495 81.9142315,20.3171864,495 81.9149532,20.3158305,495 81.9153160,20.3139322,495 81.9156243,20.3133898,495 81.9166005,20.3125763,495</coordinates></LineString></Placemark><Placemark><name>495 m</name><styleUrl>#minor</styleUrl><ExtendedData><Data name="elevation"><value>495</value></Data></ExtendedData><LineString><tessellate>1</tessellate><altitudeMode>clampToGround</altitudeMode><coordinates>81.9291045,20.3190847,495 81.9294578,20.3190346,495 81.9296058,20.3193559,495 81.9294578,20.3194540,495 81.9291687,20.3194182,495 81.9290770,20.3193559,495 81.9291045,20.3190847,495</coordinates></LineString></Placemark><Placemark><name>495 m</name><styleUrl>#minor</styleUrl><ExtendedData><Data name="elevation"><value>495</value></Data></ExtendedData><LineString><tessellate>1</tessellate><altitudeMode>clampToGround</altitudeMode><coordinates>81.9292767,20.3280000,495 81.9297470,20.3279176,495 81.9298916,20.3280000,495</coordinates></LineString></Placemark><Placemark><name>500 m</name><styleUrl>#major</styleUrl><ExtendedData><Data name="elevation"><value>500</value></Data></ExtendedData><LineString><tessellate>1</tessellate><altitudeMode>clampToGround</altitudeMode><coordinates>81.9142401,20.2920000,500 81.9143596,20.2922373,500 81.9142312,20.2930508,500 81.9139358,20.2935932,500 81.9132651,20.2941222,500 81.9129759,20.2942301,500 81.9118801,20.2938644,500 81.9106751,20.2930508,500 81.9115301,20.2921770,500 81.9118550,20.2920000,500</coordinates></LineString></Placemark><Placemark><name>500 m</name><styleUrl>#major</styleUrl><ExtendedData><Data name="elevation"><value>500</value></Data></ExtendedData><LineString><tessellate>1</tessellate><altitudeMode>clampToGround</altitudeMode><coordinates>81.9054463,20.2930508,500 81.9060361,20.2928585,500 81.9071928,20.2930377,500 81.9075597,20.2935932,500 81.9074809,20.2941356,500 81.9064696,20.2954915,500 81.9054578,20.2958899,500 81.9045904,20.2964266,500 81.9040120,20.2965043,500 81.9037229,20.2964079,500 81.9031407,20.2960339,500 81.9031263,20.2954915,500 81.9035193,20.2949492,500 81.9043137,20.2944068,500 81.9054463,20.2930508,500</coordinates></LineString></Placemark><Placemark><name>500 m</name><styleUrl>#major</styleUrl><ExtendedData><Data name="elevation"><value>500</value></Data></ExtendedData><LineString><tessellate>1</tessellate><altitudeMode>clampToGround</altitudeMode><coordinates>81.9095432,20.2930508,500 81.9100843,20.2929505,500 81.9106367,20.2930508,500 81.9089197,20.2935932,500 81.9088644,20.2933220,500 81.9095432,20.2930508,500</coordinates></LineString></Placemark><Placemark><name>500 m</name><styleUrl>#major</styleUrl><ExtendedData><Data name="elevation"><value>500</value></Data></ExtendedData><LineString><tessellate>1</tessellate><altitudeMode>clampToGround</altitudeMode><coordinates>81.9163804,20.3128475,500 81.9167349,20.3126239,500 81.9173133,20.3125860,500 81.9176024,20.3126521,500 81.9180700,20.3131186,500 81.9175947,20.3142034,500 81.9161768,20.3158305,500 81.9159572,20.3163729,500 81.9157924,20.3174576,500 81.9155783,20.3179425,500 81.9148761,20.3185424,500 81.9147108,20.3192164,500 81.9144217,20.3193879,500 81.9141325,20.3193996,500 81.9139683,20.3190847,500 81.9139939,20.3188136,500 81.9141325,20.3183144,500 81.9143807,20.3180000,500 81.9143627,20.3171864,500 81.9147108,20.3164676,500 81.9150993,20.3161017,500 81.9151983,20.3147458,500 81.9154018,20.3139322,500 81.9157223,20.3133898,500 81.9163804,20.3128475,500</coordinates></LineString></Placemark><Placemark><name>505 m</name><styleUrl>#minor</styleUrl><ExtendedData><Data name="elevation"><value>505</value></Data></ExtendedData><LineString><tessellate>1</tessellate><altitudeMode>clampToGround</altitudeMode><coordinates>81.9141526,20.2920000,505 81.9142189,20.2927797,505 81.9138341,20.2935932,505 81.9129759,20.2941058,505 81.9121084,20.2938718,505 81.9112101,20.2933220,505 81.9110152,20.2930508,505 81.9115870,20.2922373,505 81.9119994,20.2920000,505</coordinates></LineString></Placemark><Placemark><name>505 m</name><styleUrl>#minor</styleUrl><ExtendedData><Data name="elevation"><value>505</value></Data></ExtendedData><LineString><tessellate>1</tessellate><altitudeMode>clampToGround</altitudeMode><coordinates>81.9056304,20.2930508,505 81.9063253,20.2929596,505 81.9069036,20.2931005,505 81.9071975,20.2933220,505 81.9073654,20.2938644,505 81.9073037,20.2941356,505 81.9065707,20.2952203,505 81.9063253,20.2954169,505 81.9051687,20.2959248,505 81.9045904,20.2963158,505 81.9040120,20.2964064,505 81.9037229,20.2963065,505 81.9032895,20.2960339,505 81.9032015,20.2957627,505 81.9033975,20.2952203,505 81.9044646,20.2944068,505 81.9050449,20.2935932,505 81.9056304,20.2930508,505</coordinates></LineString></Placemark><Placemark><name>505 m</name><styleUrl>#minor</styleUrl><ExtendedData><Data name="elevation"><value>505</value></Data></ExtendedData><LineString><tessellate>1</tessellate><altitudeMode>clampToGround</altitudeMode><coordinates>81.9165738,20.3128475,505 81.9173133,20.3127156,505 81.9176024,20.3128056,505 81.9179203,20.3131186,505 81.9178524,20.3133898,505 81.9174785,20.3142034,505 81.9164458,20.3153097,505 81.9160348,20.3158305,505 81.9158675,20.3162651,505 81.9156994,20.3163729,505 81.9158382,20.3166441,505 81.9155783,20.3177020,505 81.9147320,20.3185424,505 81.9146665,20.3190847,505 81.9144217,20.3192687,505 81.9141325,20.3192529,505 81.9140541,20.3190847,505 81.9141325,20.3185846,505 81.9145321,20.3180000,505 81.9146005,20.3169153,505 81.9147108,20.3166994,505 81.9152892,20.3165732,505 81.9155086,20.3163729,505 81.9152381,20.3155593,505 81.9152699,20.3147458,505 81.9154876,20.3139322,505 81.9158204,20.3133898,505 81.9165738,20.3128475,505</coordinates></LineString></Placemark><Placemark><name>510 m</name><styleUrl>#minor</styleUrl><ExtendedData><Data name="elevation"><value>510</value></Data></ExtendedData><LineString><tessellate>1</tessellate><altitudeMode>clampToGround</altitudeMode><coordinates>81.9140146,20.2920000,510 81.9141346,20.2927797,510 81.9139215,20.2933220,510 81.9136960,20.2935932,510 81.9129759,20.2939923,510 81.9121084,20.2937726,510 81.9114122,20.2933220,510 81.9112325,20.2930508,510 81.9114627,20.2925085,510 81.9117245,20.2922373,510 81.9121797,20.2920000,510</coordinates></LineString></Placemark><Placemark><name>510 m</name><styleUrl>#minor</styleUrl><ExtendedData><Data name="elevation"><value>510</value></Data></ExtendedData><LineString><tessellate>1</tessellate><altitudeMode>clampToGround</altitudeMode><coordinates>81.9059581,20.2930508,510 81.9063253,20.2930532,510 81.9069036,20.2932889,510 81.9071810,20.2938644,510 81.9069763,20.2944068,510 81.9064004,20.2952203,510 81.9043012,20.2963093,510 81.9040120,20.2963086,510 81.9034392,20.2960339,510 81.9033268,20.2957627,510 81.9035297,20.2952203,510 81.9046173,20.2944068,510 81.9054578,20.2932886,510 81.9059581,20.2930508,510</coordinates></LineString></Placemark><Placemark><name>510 m</name><styleUrl>#minor</styleUrl><ExtendedData><Data name="elevation"><value>510</value></Data></ExtendedData><LineString><tessellate>1</tessellate><altitudeMode>clampToGround</altitudeMode><coordinates>81.9172854,20.3128475,510 81.9177342,20.3131186,510 81.9173622,20.3142034,510 81.9170210,20.3144746,510 81.9158675,20.3158821,510 81.9155783,20.3159740,510 81.9153658,20.3155593,510 81.9153172,20.3150169,510 81.9156968,20.3136610,510 81.9164458,20.3130023,510 81.9172854,20.3128475,510</coordinates></LineString></Placemark><Placemark><name>510 m</name><styleUrl>#minor</styleUrl><ExtendedData><Data name="elevation"><value>510</value></Data></ExtendedData><LineString><tessellate>1</tessellate><altitudeMode>clampToGround</altitudeMode><coordinates>81.9149760,20.3169153,510 81.9151182,20.3169153,510 81.9152959,20.3171864,510 81.9152102,20.3177288,510 81.9150000,20.3181098,510 81.9146906,20.3180000,510 81.9147108,20.3171177,510 81.9149760,20.3169153,510</coordinates></LineString></Placemark><Placemark><name>510 m</name><styleUrl>#minor</styleUrl><ExtendedData><Data name="elevation"><value>510</value></Data></ExtendedData><LineString><tessellate>1</tessellate><altitudeMode>clampToGround</altitudeMode><coordinates>81.9153672,20.3169153,510 81.9155783,20.3168250,510 81.9156007,20.3169153,510 81.9155783,20.3169838,510 81.9153672,20.3169153,510</coordinates></LineString></Placemark><Placemark><name>510 m</name><styleUrl>#minor</styleUrl><ExtendedData><Data name="elevation"><value>510</value></Data></ExtendedData><LineString><tessellate>1</tessellate><altitudeMode>clampToGround</altitudeMode><coordinates>81.9142972,20.3185424,510 81.9144217,20.3183491,510 81.9145667,20.3185424,510 81.9145994,20.3188136,510 81.9144217,20.3191390,510 81.9141822,20.3190847,510 81.9142972,20.3185424,510</coordinates></LineString></Placemark><Placemark><name>515 m</name><styleUrl>#minor</styleUrl><ExtendedData><Data name="elevation"><value>515</value></Data></ExtendedData><LineString><tessellate>1</tessellate><altitudeMode>clampToGround</altitudeMode><coordinates>81.9138702,20.2920000,515 81.9139804,20.2922373,515 81.9140331,20.2927797,515 81.9138214,20.2933220,515 81.9135542,20.2935958,515 81.9129759,20.2938787,515 81.9121084,20.2936738,515 81.9115957,20.2933220,515 81.9114091,20.2930508,515 81.9114447,20.2927797,515 81.9118193,20.2922759,515 81.9124297,20.2920000,515</coordinates></LineString></Placemark><Placemark><name>515 m</name><styleUrl>#minor</styleUrl><ExtendedData><Data name="elevation"><value>515</value></Data></ExtendedData><LineString><tessellate>1</tessellate><altitudeMode>clampToGround</altitudeMode><coordinates>81.9055592,20.2933220,515 81.9057470,20.2931877,515 81.9063253,20.2931418,515 81.9067340,20.2933220,515 81.9069605,20.2935932,515 81.9069525,20.2941356,515 81.9064662,20.2949492,515 81.9062167,20.2952203,515 81.9043012,20.2961941,515 81.9040120,20.2961988,515 81.9036137,20.2960339,515 81.9034550,20.2957627,515 81.9036670,20.2952203,515 81.9047792,20.2944068,515 81.9055592,20.2933220,515</coordinates></LineString></Placemark><Placemark><name>515 m</name><styleUrl>#minor</styleUrl><ExtendedData><Data name="elevation"><value>515</value></Data></ExtendedData><LineString><tessellate>1</tessellate><altitudeMode>clampToGround</altitudeMode><coordinates>81.9164254,20.3131186,515 81.9170241,20.3129857,515 81.9175189,20.3131186,515 81.9175540,20.3133898,515 81.9173917,20.3139322,515 81.9161566,20.3154437,515 81.9158675,20.3157119,515 81.9155783,20.3156783,515 81.9153948,20.3150169,515 81.9156518,20.3139322,515 81.9158675,20.3135439,515 81.9164254,20.3131186,515</coordinates></LineString></Placemark><Placemark><name>515 m</name><styleUrl>#minor</styleUrl><ExtendedData><Data name="elevation"><value>515</value></Data></ExtendedData><LineString><tessellate>1</tessellate><altitudeMode>clampToGround</altitudeMode><coordinates>81.9143632,20.3188136,515 81.9144217,20.3186255,515 81.9144217,20.3189101,515 81.9143632,20.3188136,515</coordinates></LineString></Placemark><Placemark><name>520 m</name><styleUrl>#minor</styleUrl><ExtendedData><Data name="elevation"><value>520</value></Data></ExtendedData><LineString><tessellate>1</tessellate><altitudeMode>clampToGround</altitudeMode><coordinates>81.9120219,20.2922373,520 81.9126867,20.2920109,520 81.9129472,20.2920000,520</coordinates></LineString></Placemark><Placemark><name>520 m</name><styleUrl>#minor</styleUrl><ExtendedData><Data name="elevation"><value>520</value></Data></ExtendedData><LineString><tessellate>1</tessellate><altitudeMode>clampToGround</altitudeMode><coordinates>81.9135883,20.2920000,520 81.9138434,20.2921901,520 81.9139354,20.2925085,520 81.9137079,20.2933220,520 81.9129759,20.2937806,520 81.9126867,20.2937938,520 81.9121084,20.2935746,520 81.9115710,20.2930508,520 81.9117138,20.2925085,520 81.9120219,20.2922373,520</coordinates></LineString></Placemark><Placemark><name>520 m</name><styleUrl>#minor</styleUrl><ExtendedData><Data name="elevation"><value>520</value></Data></ExtendedData><LineString><tessellate>1</tessellate><altitudeMode>clampToGround</altitudeMode><coordinates>81.9056979,20.2933220,520 81.9063253,20.2932305,520 81.9068145,20.2935932,520 81.9068113,20.2941356,520 81.9063403,20.2949492,520 81.9060218,20.2952203,520 81.9043012,20.2960782,520 81.9038473,20.2960339,520 81.9036001,20.2957627,520 81.9037229,20.2953593,520 81.9048795,20.2944779,520 81.9052201,20.2938644,520 81.9056979,20.2933220,520</coordinates></LineString></Placemark><Placemark><name>520 m</name><styleUrl>#minor</styleUrl><ExtendedData><Data name="elevation"><value>520</value></Data></ExtendedData><LineString><tessellate>1</tessellate><altitudeMode>clampToGround</altitudeMode><coordinates>81.9167195,20.3131186,520 81.9173133,20.3132001,520 81.9173906,20.3133898,520 81.9172856,20.3139322,520 81.9164569,20.3150169,520 81.9158050,20.3155593,520 81.9155783,20.3154270,520 81.9154723,20.3150169,520 81.9157298,20.3139322,520 81.9161566,20.3133621,520 81.9167195,20.3131186,520</coordinates></LineString></Placemark><Placemark><name>525 m</name><styleUrl>#major</styleUrl><ExtendedData><Data name="elevation"><value>525</value></Data></ExtendedData><LineString><tessellate>1</tessellate><altitudeMode>clampToGround</altitudeMode><coordinates>81.9122176,20.2922373,525 81.9129759,20.2920786,525 81.9135542,20.2921270,525 81.9138321,20.2925085,525 81.9135944,20.2933220,525 81.9132169,20.2935932,525 81.9126867,20.2937104,525 81.9119011,20.2933220,525 81.9117038,20.2930508,525 81.9116945,20.2927797,525 81.9118419,20.2925085,525 81.9122176,20.2922373,525</coordinates></LineString></Placemark><Placemark><name>525 m</name><styleUrl>#major</styleUrl><ExtendedData><Data name="elevation"><value>525</value></Data></ExtendedData><LineString><tessellate>1</tessellate><altitudeMode>clampToGround</altitudeMode><coordinates>81.9059517,20.2933220,525 81.9063318,20.2933220,525 81.9066731,20.2935932,525 81.9067536,20.2938644,525 81.9063253,20.2947701,525 81.9058164,20.2952203,525 81.9043012,20.2959443,525 81.9040120,20.2959468,525 81.9037593,20.2957627,525 81.9038104,20.2954915,525 81.9040117,20.2952203,525 81.9048795,20.2946646,525 81.9055454,20.2935932,525 81.9059517,20.2933220,525</coordinates></LineString></Placemark><Placemark><name>525 m</name><styleUrl>#major</styleUrl><ExtendedData><Data name="elevation"><value>525</value></Data></ExtendedData><LineString><tessellate>1</tessellate><altitudeMode>clampToGround</altitudeMode><coordinates>81.9162674,20.3133898,525 81.9167349,20.3132185,525 81.9170241,20.3132518,525 81.9172074,20.3133898,525 81.9171876,20.3139322,525 81.9163630,20.3150169,525 81.9158675,20.3153830,525 81.9155783,20.3151290,525 81.9155570,20.3147458,525 81.9158675,20.3138033,525 81.9162674,20.3133898,525</coordinates></LineString></Placemark><Placemark><name>530 m</name><styleUrl>#minor</styleUrl><ExtendedData><Data name="elevation"><value>530</value></Data></ExtendedData><LineString><tessellate>1</tessellate><altitudeMode>clampToGround</altitudeMode><coordinates>81.9125133,20.2922373,530 81.9132651,20.2921857,530 81.9135542,20.2922933,530 81.9136975,20.2925085,530 81.9137015,20.2927797,530 81.9134521,20.2933220,530 81.9129759,20.2935875,530 81.9123976,20.2935398,530 81.9120397,20.2933220,530 81.9118372,20.2930508,530 81.9118117,20.2927797,530 81.9120094,20.2925085,530 81.9125133,20.2922373,530</coordinates></LineString></Placemark><Placemark><name>530 m</name><styleUrl>#minor</styleUrl><ExtendedData><Data name="elevation"><value>530</value></Data></ExtendedData><LineString><tessellate>1</tessellate><altitudeMode>clampToGround</altitudeMode><coordinates>81.9056701,20.2935932,530 81.9060361,20.2934028,530 81.9063253,20.2934386,530 81.9065239,20.2935932,530 81.9066354,20.2938644,530 81.9063253,20.2945653,530 81.9057470,20.2951278,530 81.9043012,20.2957993,530 81.9040120,20.2957742,530 81.9040113,20.2954915,530 81.9042599,20.2952203,530 81.9050680,20.2946780,530 81.9056701,20.2935932,530</coordinates></LineString></Placemark><Placemark><name>530 m</name><styleUrl>#minor</styleUrl><ExtendedData><Data name="elevation"><value>530</value></Data></ExtendedData><LineString><tessellate>1</tessellate><altitudeMode>clampToGround</altitudeMode><coordinates>81.9164303,20.3133898,530 81.9169886,20.3133898,530 81.9170895,20.3139322,530 81.9162694,20.3150169,530 81.9158675,20.3152175,530 81.9156639,20.3150169,530 81.9156530,20.3147458,530 81.9158921,20.3139322,530 81.9160329,20.3136610,530 81.9164303,20.3133898,530</coordinates></LineString></Placemark><Placemark><name>535 m</name><styleUrl>#minor</styleUrl><ExtendedData><Data name="elevation"><value>535</value></Data></ExtendedData><LineString><tessellate>1</tessellate><altitudeMode>clampToGround</altitudeMode><coordinates>81.9123003,20.2925085,535 81.9129759,20.2923084,535 81.9132651,20.2923272,535 81.9135542,20.2924955,535 81.9135770,20.2927797,535 81.9132940,20.2933220,535 81.9126867,20.2935258,535 81.9121973,20.2933220,535 81.9119753,20.2930508,535 81.9119748,20.2927797,535 81.9123003,20.2925085,535</coordinates></LineString></Placemark><Placemark><name>535 m</name><styleUrl>#minor</styleUrl><ExtendedData><Data name="elevation"><value>535</value></Data></ExtendedData><LineString><tessellate>1</tessellate><altitudeMode>clampToGround</altitudeMode><coordinates>81.9058466,20.2935932,535 81.9060361,20.2935129,535 81.9063692,20.2935932,535 81.9065061,20.2938644,535 81.9064334,20.2941356,535 81.9057470,20.2949882,535 81.9054578,20.2950578,535 81.9051687,20.2949721,535 81.9054294,20.2941356,535 81.9058466,20.2935932,535</coordinates></LineString></Placemark><Placemark><name>535 m</name><styleUrl>#minor</styleUrl><ExtendedData><Data name="elevation"><value>535</value></Data></ExtendedData><LineString><tessellate>1</tessellate><altitudeMode>clampToGround</altitudeMode><coordinates>81.9045173,20.2952203,535 81.9048795,20.2950811,535 81.9050549,20.2952203,535 81.9045904,20.2954946,535 81.9045173,20.2952203,535</coordinates></LineString></Placemark><Placemark><name>535 m</name><styleUrl>#minor</styleUrl><ExtendedData><Data name="elevation"><value>535</value></Data></ExtendedData><LineString><tessellate>1</tessellate><altitudeMode>clampToGround</altitudeMode><coordinates>81.9161226,20.3136610,535 81.9167349,20.3134512,535 81.9169368,20.3136610,535 81.9169852,20.3139322,535 81.9161757,20.3150169,535 81.9158675,20.3150841,535 81.9157590,20.3147458,535 81.9161226,20.3136610,535</coordinates></LineString></Placemark><Placemark><name>540 m</name><styleUrl>#minor</styleUrl><ExtendedData><Data name="elevation"><value>540</value></Data></ExtendedData><LineString><tessellate>1</tessellate><altitudeMode>clampToGround</altitudeMode><coordinates>81.9129561,20.2925085,540 81.9132827,20.2925085,540 81.9133831,20.2927797,540 81.9132651,20.2931170,540 81.9129759,20.2933475,540 81.9126867,20.2934122,540 81.9123734,20.2933220,540 81.9121169,20.2930508,540 81.9122081,20.2927797,540 81.9129561,20.2925085,540</coordinates></LineString></Placemark><Placemark><name>540 m</name><styleUrl>#minor</styleUrl><ExtendedData><Data name="elevation"><value>540</value></Data></ExtendedData><LineString><tessellate>1</tessellate><altitudeMode>clampToGround</altitudeMode><coordinates>81.9057095,20.2938644,540 81.9060361,20.2936366,540 81.9063745,20.2938644,540 81.9061325,20.2944068,540 81.9057470,20.2948190,540 81.9054273,20.2946780,540 81.9057095,20.2938644,540</coordinates></LineString></Placemark><Placemark><name>540 m</name><styleUrl>#minor</styleUrl><ExtendedData><Data name="elevation"><value>540</value></Data></ExtendedData><LineString><tessellate>1</tessellate><altitudeMode>clampToGround</altitudeMode><coordinates>81.9162963,20.3136610,540 81.9167349,20.3136184,540 81.9168682,20.3139322,540 81.9161566,20.3148725,540 81.9158651,20.3147458,540 81.9161016,20.3139322,540 81.9162963,20.3136610,540</coordinates></LineString></Placemark><Placemark><name>545 m</name><styleUrl>#minor</styleUrl><ExtendedData><Data name="elevation"><value>545</value></Data></ExtendedData><LineString><tessellate>1</tessellate><altitudeMode>clampToGround</altitudeMode><coordinates>81.9123537,20.2930508,545 81.9126867,20.2929257,545 81.9129937,20.2930508,545 81.9126867,20.2932304,545 81.9123537,20.2930508,545</coordinates></LineString></Placemark><Placemark><name>545 m</name><styleUrl>#minor</styleUrl><ExtendedData><Data name="elevation"><value>545</value></Data></ExtendedData><LineString><tessellate>1</tessellate><altitudeMode>clampToGround</altitudeMode><coordinates>81.9059265,20.2938644,545 81.9060361,20.2937965,545 81.9061530,20.2938644,545 81.9061398,20.2941356,545 81.9057470,20.2945944,545 81.9056504,20.2944068,545 81.9057165,20.2941356,545 81.9059265,20.2938644,545</coordinates></LineString></Placemark><Placemark><name>545 m</name><styleUrl>#minor</styleUrl><ExtendedData><Data name="elevation"><value>545</value></Data></ExtendedData><LineString><tessellate>1</tessellate><altitudeMode>clampToGround</altitudeMode><coordinates>81.9162468,20.3139322,545 81.9164458,20.3137269,545 81.9167512,20.3139322,545 81.9164458,20.3142992,545 81.9162135,20.3142034,545 81.9162468,20.3139322,545</coordinates></LineString></Placemark></Folder></Document></kml>