<?xml version='1.0' encoding='utf-8'?>
<kml xmlns="http://www.opengis.net/kml/2.2"><Document><name>Contours near 30.8145°N, 76.8830°E</name><description>Contains modified Copernicus DEM GLO-30 data: © DLR e.V. 2010-2014 and © Airbus Defence and Space GmbH 2014-2018, provided under COPERNICUS by the European Union and ESA. Contour interval 10 m, generated 2026-09-27 by Village Pond Planner. DEM-derived lines, not a field survey.</description><Style id="minor"><LineStyle><color>ff4f7f93</color><width>1</width></LineStyle></Style><Style id="major"><LineStyle><color>ff1d4f63</color><width>2.2</width></LineStyle></Style><Folder><name>Contours 10 m</name><Placemark><name>450 m</name><styleUrl>#major</styleUrl><ExtendedData><Data name="elevation"><value>450</value></Data></ExtendedData><LineString><tessellate>1</tessellate><altitudeMode>clampToGround</altitudeMode><coordinates>76.8609247,30.8041474,450 76.8614393,30.8038602,450 76.8620689,30.8038798,450 76.8630131,30.8044218,450 76.8633279,30.8044675,450 76.8634846,30.8043551,450 76.8635495,30.8040845,450 76.8633537,30.8038140,450 76.8626984,30.8036106,450 76.8623836,30.8033690,450 76.8619301,30.8032729,450 76.8611246,30.8028122,450 76.8609247,30.8028816,450</coordinates></LineString></Placemark><Placemark><name>460 m</name><styleUrl>#minor</styleUrl><ExtendedData><Data name="elevation"><value>460</value></Data></ExtendedData><LineString><tessellate>1</tessellate><altitudeMode>clampToGround</altitudeMode><coordinates>76.8669265,30.7935000,460 76.8668866,30.7935338,460 76.8671049,30.7937006,460 76.8674711,30.7935000,460</coordinates></LineString></Placemark><Placemark><name>460 m</name><styleUrl>#minor</styleUrl><ExtendedData><Data name="elevation"><value>460</value></Data></ExtendedData><LineString><tessellate>1</tessellate><altitudeMode>clampToGround</altitudeMode><coordinates>76.8609247,30.8044710,460 76.8614393,30.8045792,460 76.8620689,30.8041851,460 76.8623836,30.8042688,460 76.8630131,30.8047736,460 76.8636426,30.8050649,460 76.8639574,30.8054391,460 76.8649016,30.8060611,460 76.8652743,30.8067899,460 76.8655311,30.8069221,460 76.8658416,30.8067899,460 76.8658355,30.8065193,460 76.8659911,30.8062488,460 76.8658547,30.8059783,460 76.8650936,30.8051667,460 76.8642721,30.8049030,460 76.8639198,30.8043551,460 76.8638716,30.8038140,460 76.8630131,30.8034096,460 76.8626984,30.8030091,460 76.8620689,30.8030062,460 76.8611246,30.8024284,460 76.8609247,30.8024456,460</coordinates></LineString></Placemark><Placemark><name>460 m</name><styleUrl>#minor</styleUrl><ExtendedData><Data name="elevation"><value>460</value></Data></ExtendedData><LineString><tessellate>1</tessellate><altitudeMode>clampToGround</altitudeMode><coordinates>76.8609247,30.7998536,460 76.8620016,30.7997560,460 76.8611246,30.7996496,460 76.8609247,30.7994067,460</coordinates></LineString></Placemark><Placemark><name>460 m</name><styleUrl>#minor</styleUrl><ExtendedData><Data name="elevation"><value>460</value></Data></ExtendedData><LineString><tessellate>1</tessellate><altitudeMode>clampToGround</altitudeMode><coordinates>76.8609247,30.8158217,460 76.8611246,30.8158222,460 76.8612312,30.8157174,460 76.8609247,30.8154939,460</coordinates></LineString></Placemark><Placemark><name>460 m</name><styleUrl>#minor</styleUrl><ExtendedData><Data name="elevation"><value>460</value></Data></ExtendedData><LineString><tessellate>1</tessellate><altitudeMode>clampToGround</altitudeMode><coordinates>76.8614393,30.8158777,460 76.8612948,30.8159879,460 76.8617541,30.8162812,460 76.8623836,30.8169762,460 76.8626984,30.8169947,460 76.8631285,30.8167995,460 76.8632480,30.8165290,460 76.8631789,30.8162585,460 76.8630131,30.8161351,460 76.8617541,30.8158568,460 76.8614393,30.8158777,460</coordinates></LineString></Placemark><Placemark><name>470 m</name><styleUrl>#minor</styleUrl><ExtendedData><Data name="elevation"><value>470</value></Data></ExtendedData><LineString><tessellate>1</tessellate><altitudeMode>clampToGround</altitudeMode><coordinates>76.8662974,30.7935000,470 76.8657861,30.7938043,470 76.8664754,30.7940011,470 76.8667902,30.7942159,470 76.8669309,30.7943454,470 76.8671049,30.7949478,470 76.8674197,30.7951762,470 76.8673768,30.7940749,470 76.8677344,30.7936504,470 76.8680492,30.7936172,470 76.8686787,30.7938608,470 76.8691676,30.7938043,470 76.8690950,30.7935000,470</coordinates></LineString></Placemark><Placemark><name>470 m</name><styleUrl>#minor</styleUrl><ExtendedData><Data name="elevation"><value>470</value></Data></ExtendedData><LineString><tessellate>1</tessellate><altitudeMode>clampToGround</altitudeMode><coordinates>76.8729749,30.7935000,470 76.8729816,30.7935338,470 76.8733330,30.7940749,470 76.8733557,30.7943454,470 76.8736614,30.7946159,470 76.8735888,30.7954275,470 76.8737710,30.7954275,470 76.8741509,30.7951570,470 76.8741983,30.7946159,470 76.8741955,30.7938043,470 76.8740912,30.7935000,470</coordinates></LineString></Placemark><Placemark><name>470 m</name><styleUrl>#minor</styleUrl><ExtendedData><Data name="elevation"><value>470</value></Data></ExtendedData><LineString><tessellate>1</tessellate><altitudeMode>clampToGround</altitudeMode><coordinates>76.8609247,30.8062931,470 76.8609264,30.8062488,470 76.8609247,30.8062456,470</coordinates></LineString></Placemark><Placemark><name>470 m</name><styleUrl>#minor</styleUrl><ExtendedData><Data name="elevation"><value>470</value></Data></ExtendedData><LineString><tessellate>1</tessellate><altitudeMode>clampToGround</altitudeMode><coordinates>76.8609247,30.8046917,470 76.8614393,30.8048122,470 76.8617541,30.8047803,470 76.8620689,30.8044816,470 76.8623836,30.8044670,470 76.8647250,30.8062488,470 76.8652094,30.8070604,470 76.8656487,30.8073309,470 76.8664754,30.8083931,470 76.8671049,30.8089718,470 76.8677344,30.8090886,470 76.8683639,30.8090470,470 76.8689934,30.8093853,470 76.8693082,30.8091778,470 76.8696852,30.8086836,470 76.8683639,30.8084901,470 76.8677344,30.8082211,470 76.8671049,30.8081422,470 76.8669018,30.8078720,470 76.8668468,30.8073309,470 76.8665581,30.8070604,470 76.8664754,30.8066430,470 76.8667902,30.8063901,470 76.8680404,30.8059783,470 76.8682088,30.8057077,470 76.8680492,30.8055351,470 76.8674197,30.8056215,470 76.8664754,30.8059515,470 76.8661607,30.8058291,470 76.8655993,30.8051667,470 76.8642793,30.8043551,470 76.8642538,30.8038140,470 76.8632718,30.8032729,470 76.8629612,30.8027319,470 76.8626984,30.8026228,470 76.8620689,30.8026739,470 76.8611246,30.8020461,470 76.8609247,30.8020904,470</coordinates></LineString></Placemark><Placemark><name>470 m</name><styleUrl>#minor</styleUrl><ExtendedData><Data name="elevation"><value>470</value></Data></ExtendedData><LineString><tessellate>1</tessellate><altitudeMode>clampToGround</altitudeMode><coordinates>76.8609247,30.8001985,470 76.8614393,30.8002466,470 76.8623836,30.7999796,470 76.8633279,30.8001080,470 76.8634370,30.7997560,470 76.8633279,30.7996215,470 76.8614393,30.7992662,470 76.8611246,30.7987355,470 76.8609247,30.7988071,470</coordinates></LineString></Placemark><Placemark><name>470 m</name><styleUrl>#minor</styleUrl><ExtendedData><Data name="elevation"><value>470</value></Data></ExtendedData><LineString><tessellate>1</tessellate><altitudeMode>clampToGround</altitudeMode><coordinates>76.8609247,30.8161071,470 76.8614393,30.8162741,470 76.8621014,30.8170700,470 76.8630131,30.8175064,470 76.8633109,30.8181522,470 76.8636426,30.8185008,470 76.8642721,30.8187110,470 76.8649016,30.8192064,470 76.8655901,30.8195048,470 76.8658459,30.8199499,470 76.8661607,30.8195596,470 76.8668113,30.8195048,470 76.8664020,30.8192343,470 76.8652164,30.8189256,470 76.8649210,30.8186932,470 76.8647933,30.8184227,470 76.8640104,30.8181522,470 76.8638176,30.8178816,470 76.8641242,30.8173406,470 76.8646790,30.8170700,470 76.8649016,30.8168355,470 76.8655414,30.8167995,470 76.8657052,30.8165290,470 76.8645869,30.8164755,470 76.8639574,30.8166703,470 76.8637471,30.8165290,470 76.8636663,30.8162585,470 76.8632439,30.8159879,470 76.8623836,30.8158114,470 76.8614269,30.8154469,470 76.8611037,30.8149058,470 76.8611810,30.8138237,470 76.8609247,30.8136386,470</coordinates></LineString></Placemark><Placemark><name>470 m</name><styleUrl>#minor</styleUrl><ExtendedData><Data name="elevation"><value>470</value></Data></ExtendedData><LineString><tessellate>1</tessellate><altitudeMode>clampToGround</altitudeMode><coordinates>76.8609247,30.8133103,470 76.8610699,30.8130121,470 76.8609247,30.8129704,470</coordinates></LineString></Placemark><Placemark><name>480 m</name><styleUrl>#minor</styleUrl><ExtendedData><Data name="elevation"><value>480</value></Data></ExtendedData><LineString><tessellate>1</tessellate><altitudeMode>clampToGround</altitudeMode><coordinates>76.8657575,30.7935000,480 76.8650691,30.7940749,480 76.8652164,30.7942255,480 76.8655311,30.7942771,480 76.8661607,30.7941439,480 76.8666334,30.7943454,480 76.8671049,30.7961531,480 76.8674197,30.7960105,480 76.8681197,30.7959686,480 76.8677371,30.7940749,480 76.8680492,30.7938917,480 76.8684872,30.7943454,480 76.8689934,30.7946439,480 76.8692132,30.7943454,480 76.8699829,30.7938043,480 76.8701466,30.7935338,480 76.8701253,30.7935000,480</coordinates></LineString></Placemark><Placemark><name>480 m</name><styleUrl>#minor</styleUrl><ExtendedData><Data name="elevation"><value>480</value></Data></ExtendedData><LineString><tessellate>1</tessellate><altitudeMode>clampToGround</altitudeMode><coordinates>76.8727351,30.7935000,480 76.8730090,30.7943454,480 76.8732588,30.7946159,480 76.8732862,30.7948865,480 76.8724440,30.7965097,480 76.8724557,30.7965893,480 76.8727705,30.7966156,480 76.8734000,30.7959673,480 76.8737148,30.7958901,480 76.8746590,30.7959308,480 76.8747887,30.7948865,480 76.8744020,30.7935338,480 76.8744040,30.7935000,480</coordinates></LineString></Placemark><Placemark><name>480 m</name><styleUrl>#minor</styleUrl><ExtendedData><Data name="elevation"><value>480</value></Data></ExtendedData><LineString><tessellate>1</tessellate><altitudeMode>clampToGround</altitudeMode><coordinates>76.8609247,30.8076336,480 76.8617541,30.8081445,480 76.8620988,30.8078720,480 76.8615995,30.8076014,480 76.8613838,30.8073309,480 76.8612649,30.8070604,480 76.8612769,30.8062488,480 76.8609247,30.8056854,480</coordinates></LineString></Placemark><Placemark><name>480 m</name><styleUrl>#minor</styleUrl><ExtendedData><Data name="elevation"><value>480</value></Data></ExtendedData><LineString><tessellate>1</tessellate><altitudeMode>clampToGround</altitudeMode><coordinates>76.8609247,30.8051092,480 76.8611246,30.8049626,480 76.8617541,30.8050454,480 76.8623836,30.8047522,480 76.8645869,30.8063793,480 76.8668277,30.8092246,480 76.8671049,30.8093904,480 76.8683639,30.8094382,480 76.8693082,30.8100782,480 76.8695262,30.8103068,480 76.8695154,30.8111184,480 76.8699185,30.8116594,480 76.8698488,30.8122005,480 76.8699377,30.8124372,480 76.8702525,30.8123091,480 76.8703649,30.8119300,480 76.8704219,30.8116594,480 76.8701619,30.8111184,480 76.8702525,30.8110144,480 76.8705672,30.8109143,480 76.8711967,30.8109512,480 76.8715823,30.8111184,480 76.8718262,30.8114008,480 76.8721410,30.8109592,480 76.8730852,30.8109419,480 76.8733266,30.8108478,480 76.8728922,30.8105773,480 76.8727705,30.8102126,480 76.8721410,30.8101849,480 76.8711967,30.8099298,480 76.8702636,30.8092246,480 76.8702569,30.8089541,480 76.8705672,30.8086436,480 76.8715577,30.8089541,480 76.8718262,30.8078276,480 76.8708820,30.8080251,480 76.8702525,30.8078196,480 76.8699377,30.8078578,480 76.8696230,30.8083194,480 76.8689934,30.8081545,480 76.8683639,30.8081664,480 76.8677344,30.8079083,480 76.8673680,30.8078720,480 76.8673480,30.8073309,480 76.8668919,30.8067899,480 76.8672986,30.8065193,480 76.8684419,30.8062488,480 76.8686787,30.8060768,480 76.8691979,30.8054372,480 76.8690073,30.8051667,480 76.8693082,30.8047060,480 76.8695215,30.8046256,480 76.8686787,30.8044277,480 76.8677344,30.8052833,480 76.8664754,30.8056158,480 76.8661607,30.8054749,480 76.8659644,30.8051667,480 76.8646610,30.8040845,480 76.8648000,30.8038140,480 76.8641276,30.8035435,480 76.8634618,30.8030024,480 76.8633534,30.8027319,480 76.8630131,30.8024674,480 76.8620689,30.8022833,480 76.8615899,30.8019203,480 76.8611246,30.8017346,480 76.8609247,30.8017409,480</coordinates></LineString></Placemark><Placemark><name>480 m</name><styleUrl>#minor</styleUrl><ExtendedData><Data name="elevation"><value>480</value></Data></ExtendedData><LineString><tessellate>1</tessellate><altitudeMode>clampToGround</altitudeMode><coordinates>76.8609247,30.8004483,480 76.8611246,30.8003943,480 76.8617541,30.8004770,480 76.8620689,30.8002419,480 76.8623836,30.8001900,480 76.8630131,30.8003023,480 76.8636682,30.8005676,480 76.8637849,30.7994855,480 76.8636426,30.7993747,480 76.8630131,30.7993881,480 76.8620689,30.7992312,480 76.8618098,30.7989444,480 76.8619452,30.7986739,480 76.8622843,30.7984034,480 76.8622933,30.7981329,480 76.8620689,30.7978098,480 76.8614393,30.7982993,480 76.8609247,30.7984110,480</coordinates></LineString></Placemark><Placemark><name>480 m</name><styleUrl>#minor</styleUrl><ExtendedData><Data name="elevation"><value>480</value></Data></ExtendedData><LineString><tessellate>1</tessellate><altitudeMode>clampToGround</altitudeMode><coordinates>76.8699377,30.8043129,480 76.8698543,30.8043551,480 76.8699377,30.8044047,480 76.8699377,30.8043129,480</coordinates></LineString></Placemark><Placemark><name>480 m</name><styleUrl>#minor</styleUrl><ExtendedData><Data name="elevation"><value>480</value></Data></ExtendedData><LineString><tessellate>1</tessellate><altitudeMode>clampToGround</altitudeMode><coordinates>76.8734000,30.8110515,480 76.8734000,30.8111270,480 76.8737567,30.8111184,480 76.8734000,30.8110515,480</coordinates></LineString></Placemark><Placemark><name>480 m</name><styleUrl>#minor</styleUrl><ExtendedData><Data name="elevation"><value>480</value></Data></ExtendedData><LineString><tessellate>1</tessellate><altitudeMode>clampToGround</altitudeMode><coordinates>76.8609247,30.8163575,480 76.8614393,30.8164699,480 76.8620689,30.8172501,480 76.8627960,30.8176111,480 76.8631278,30.8184227,480 76.8636426,30.8187975,480 76.8642721,30.8189912,480 76.8644980,30.8192343,480 76.8645869,30.8196078,480 76.8652164,30.8198819,480 76.8657319,30.8211280,480 76.8660615,30.8213986,480 76.8659052,30.8222101,480 76.8661607,30.8223588,480 76.8663727,30.8222101,480 76.8663257,30.8219396,480 76.8665393,30.8213986,480 76.8663469,30.8211280,480 76.8661042,30.8203164,480 76.8664754,30.8200082,480 76.8667902,30.8199909,480 76.8677344,30.8201807,480 76.8680492,30.8203460,480 76.8685109,30.8203164,480 76.8676938,30.8197754,480 76.8676120,30.8195048,480 76.8684847,30.8192343,480 76.8680492,30.8190887,480 76.8667902,30.8190450,480 76.8655311,30.8187998,480 76.8652164,30.8186680,480 76.8649016,30.8181937,480 76.8643226,30.8178816,480 76.8643533,30.8176111,480 76.8649016,30.8172474,480 76.8655311,30.8171849,480 76.8664754,30.8168737,480 76.8669440,30.8162585,480 76.8667902,30.8159155,480 76.8661607,30.8161054,480 76.8652164,30.8161916,480 76.8645869,30.8160635,480 76.8642721,30.8157146,480 76.8636426,30.8158856,480 76.8623836,30.8156036,480 76.8616293,30.8151763,480 76.8614008,30.8149058,480 76.8616876,30.8138237,480 76.8612062,30.8135531,480 76.8614196,30.8130121,480 76.8613051,30.8127415,480 76.8611246,30.8126065,480 76.8609247,30.8126140,480</coordinates></LineString></Placemark><Placemark><name>480 m</name><styleUrl>#minor</styleUrl><ExtendedData><Data name="elevation"><value>480</value></Data></ExtendedData><LineString><tessellate>1</tessellate><altitudeMode>clampToGround</altitudeMode><coordinates>76.8664754,30.8223914,480 76.8664754,30.8225687,480</coordinates></LineString></Placemark><Placemark><name>490 m</name><styleUrl>#minor</styleUrl><ExtendedData><Data name="elevation"><value>490</value></Data></ExtendedData><LineString><tessellate>1</tessellate><altitudeMode>clampToGround</altitudeMode><coordinates>76.8654722,30.7935000,490 76.8646716,30.7940749,490 76.8649362,30.7943454,490 76.8648278,30.7948865,490 76.8652164,30.7949773,490 76.8653741,30.7948865,490 76.8654243,30.7946159,490 76.8662311,30.7943454,490 76.8664754,30.7945832,490 76.8666964,30.7954275,490 76.8666527,30.7962391,490 76.8667902,30.7967094,490 76.8674197,30.7970655,490 76.8673432,30.7967802,490 76.8674473,30.7965097,490 76.8677344,30.7963540,490 76.8686787,30.7964998,490 76.8688884,30.7962391,490 76.8682733,30.7951570,490 76.8682137,30.7948865,490 76.8683639,30.7947210,490 76.8696230,30.7953623,490 76.8700291,30.7951570,490 76.8698234,30.7946159,490 76.8698913,30.7943454,490 76.8705672,30.7941822,490 76.8707131,30.7938043,490 76.8706775,30.7935000,490</coordinates></LineString></Placemark><Placemark><name>490 m</name><styleUrl>#minor</styleUrl><ExtendedData><Data name="elevation"><value>490</value></Data></ExtendedData><LineString><tessellate>1</tessellate><altitudeMode>clampToGround</altitudeMode><coordinates>76.8724991,30.7935000,490 76.8729075,30.7948865,490 76.8720858,30.7965097,490 76.8724557,30.7982447,490 76.8726316,30.7978623,490 76.8729997,30.7975918,490 76.8729764,30.7970507,490 76.8734000,30.7964630,490 76.8737148,30.7962420,490 76.8742480,30.7965097,490 76.8743443,30.7969139,490 76.8746590,30.7972026,490 76.8752885,30.7974813,490 76.8756053,30.7978623,490 76.8759180,30.7966809,490 76.8758792,30.7965097,490 76.8754234,30.7962391,490 76.8751614,30.7954275,490 76.8752911,30.7948865,490 76.8749738,30.7945110,490 76.8747997,30.7938043,490 76.8749010,30.7935000,490</coordinates></LineString></Placemark><Placemark><name>490 m</name><styleUrl>#minor</styleUrl><ExtendedData><Data name="elevation"><value>490</value></Data></ExtendedData><LineString><tessellate>1</tessellate><altitudeMode>clampToGround</altitudeMode><coordinates>76.8829601,30.7935000,490 76.8829531,30.7935338,490 76.8824875,30.7943454,490 76.8824009,30.7954275,490 76.8825279,30.7958042,490 76.8841016,30.7974579,490 76.8842664,30.7967802,490 76.8840252,30.7962391,490 76.8840668,30.7959686,490 76.8850459,30.7962907,490 76.8853607,30.7965151,490 76.8856754,30.7965935,490 76.8857710,30.7965097,490 76.8861251,30.7946159,490 76.8865709,30.7938043,490 76.8869217,30.7935000,490</coordinates></LineString></Placemark><Placemark><name>490 m</name><styleUrl>#minor</styleUrl><ExtendedData><Data name="elevation"><value>490</value></Data></ExtendedData><LineString><tessellate>1</tessellate><altitudeMode>clampToGround</altitudeMode><coordinates>76.8609247,30.8077978,490 76.8610407,30.8078720,490 76.8614393,30.8084272,490 76.8617541,30.8085005,490 76.8623558,30.8081425,490 76.8625126,30.8078720,490 76.8616553,30.8073309,490 76.8615669,30.8070604,490 76.8617702,30.8065193,490 76.8611654,30.8057077,490 76.8611132,30.8054372,490 76.8623836,30.8051449,490 76.8630583,30.8054372,490 76.8642721,30.8064826,490 76.8645869,30.8066006,490 76.8649016,30.8070957,490 76.8654379,30.8076014,490 76.8658459,30.8084694,490 76.8664754,30.8091476,490 76.8664913,30.8094952,490 76.8667902,30.8096705,490 76.8680492,30.8096278,490 76.8692318,30.8103068,490 76.8692273,30.8111184,490 76.8697139,30.8116594,490 76.8694751,30.8124710,490 76.8692003,30.8127415,490 76.8695063,30.8130121,490 76.8694607,30.8132826,490 76.8696230,30.8134269,490 76.8702525,30.8131375,490 76.8708820,30.8133508,490 76.8711978,30.8132826,490 76.8707164,30.8127415,490 76.8706283,30.8124710,490 76.8707537,30.8119300,490 76.8706397,30.8113889,490 76.8708820,30.8111642,490 76.8711967,30.8112324,490 76.8721410,30.8119610,490 76.8724557,30.8119280,490 76.8727705,30.8114720,490 76.8737148,30.8118195,490 76.8743443,30.8123373,490 76.8752885,30.8127762,490 76.8756033,30.8128509,490 76.8757204,30.8127415,490 76.8756745,30.8124710,490 76.8748691,30.8119300,490 76.8743443,30.8108532,490 76.8734000,30.8103812,490 76.8732150,30.8097657,490 76.8721410,30.8098506,490 76.8717800,30.8097657,490 76.8713995,30.8094952,490 76.8718262,30.8093958,490 76.8720181,30.8092246,490 76.8718837,30.8086836,490 76.8719237,30.8084130,490 76.8721410,30.8081614,490 76.8724557,30.8079861,490 76.8730931,30.8078720,490 76.8727933,30.8076014,490 76.8724557,30.8075520,490 76.8721410,30.8072776,490 76.8718262,30.8072191,490 76.8715837,30.8076014,490 76.8711967,30.8077578,490 76.8705672,30.8076693,490 76.8702525,30.8074808,490 76.8699377,30.8075091,490 76.8696230,30.8079538,490 76.8686787,30.8078812,490 76.8677165,30.8076014,490 76.8675834,30.8067899,490 76.8690898,30.8062488,490 76.8693082,30.8059032,490 76.8699874,30.8054372,490 76.8694689,30.8051667,490 76.8696624,30.8048961,490 76.8705672,30.8046646,490 76.8713490,30.8040845,490 76.8705672,30.8041555,490 76.8702525,30.8040110,490 76.8700508,30.8038140,490 76.8699377,30.8033852,490 76.8696230,30.8032172,490 76.8695501,30.8040845,490 76.8693082,30.8042015,490 76.8686787,30.8041380,490 76.8683639,30.8042848,490 76.8677344,30.8050690,490 76.8664754,30.8053247,490 76.8655941,30.8046256,490 76.8655311,30.8043194,490 76.8650786,30.8040845,490 76.8652392,30.8038140,490 76.8650876,30.8035435,490 76.8642721,30.8033674,490 76.8630131,30.8022027,490 76.8620689,30.8018644,490 76.8617541,30.8016287,490 76.8611246,30.8014688,490 76.8609247,30.8014525,490</coordinates></LineString></Placemark><Placemark><name>490 m</name><styleUrl>#minor</styleUrl><ExtendedData><Data name="elevation"><value>490</value></Data></ExtendedData><LineString><tessellate>1</tessellate><altitudeMode>clampToGround</altitudeMode><coordinates>76.8609247,30.8007129,490 76.8611246,30.8006220,490 76.8617541,30.8007107,490 76.8623836,30.8003934,490 76.8630131,30.8004987,490 76.8636426,30.8010069,490 76.8639574,30.8010117,490 76.8642932,30.8008382,490 76.8640805,30.7997560,490 76.8643827,30.7992150,490 76.8643326,30.7989444,490 76.8642721,30.7988870,490 76.8630131,30.7992158,490 76.8623836,30.7990666,490 76.8622004,30.7989444,490 76.8626963,30.7984034,490 76.8627455,30.7981329,490 76.8623836,30.7975753,490 76.8620689,30.7974995,490 76.8614393,30.7980225,490 76.8611246,30.7981386,490 76.8609247,30.7978238,490</coordinates></LineString></Placemark><Placemark><name>490 m</name><styleUrl>#minor</styleUrl><ExtendedData><Data name="elevation"><value>490</value></Data></ExtendedData><LineString><tessellate>1</tessellate><altitudeMode>clampToGround</altitudeMode><coordinates>76.8707285,30.8092246,490 76.8708820,30.8090815,490 76.8710089,30.8092246,490 76.8707285,30.8092246,490</coordinates></LineString></Placemark><Placemark><name>490 m</name><styleUrl>#minor</styleUrl><ExtendedData><Data name="elevation"><value>490</value></Data></ExtendedData><LineString><tessellate>1</tessellate><altitudeMode>clampToGround</altitudeMode><coordinates>76.8609247,30.8166458,490 76.8614393,30.8167417,490 76.8619138,30.8173406,490 76.8624885,30.8176111,490 76.8627234,30.8178816,490 76.8630131,30.8187639,490 76.8641176,30.8192343,490 76.8641908,30.8195048,490 76.8639574,30.8200623,490 76.8649016,30.8200583,490 76.8651658,30.8203164,490 76.8651887,30.8208575,490 76.8656124,30.8213986,490 76.8656038,30.8219396,490 76.8653073,30.8222101,490 76.8658459,30.8224920,490 76.8664645,30.8232923,490 76.8671049,30.8237228,490 76.8674197,30.8238452,490 76.8680492,30.8238560,490 76.8674197,30.8232900,490 76.8671232,30.8227512,490 76.8671700,30.8224807,490 76.8667882,30.8222101,490 76.8666814,30.8219396,490 76.8668203,30.8213986,490 76.8666886,30.8211280,490 76.8667343,30.8205870,490 76.8674197,30.8203299,490 76.8680492,30.8207459,490 76.8686787,30.8207721,490 76.8689934,30.8209355,490 76.8693082,30.8208796,490 76.8692863,30.8205870,490 76.8695047,30.8203164,490 76.8683187,30.8197754,490 76.8683639,30.8196409,490 76.8689934,30.8195853,490 76.8696230,30.8193673,490 76.8700053,30.8189638,490 76.8680492,30.8185239,490 76.8677344,30.8187464,490 76.8674197,30.8188082,490 76.8667902,30.8186624,490 76.8658459,30.8186451,490 76.8653439,30.8184227,490 76.8648525,30.8178816,490 76.8648237,30.8176111,490 76.8658459,30.8175109,490 76.8664754,30.8172354,490 76.8668275,30.8167995,490 76.8673728,30.8165290,490 76.8673938,30.8162585,490 76.8672179,30.8159879,490 76.8672347,30.8154469,490 76.8671049,30.8153693,490 76.8664754,30.8155682,490 76.8655311,30.8160024,490 76.8649016,30.8158743,490 76.8642721,30.8154291,490 76.8633279,30.8156910,490 76.8623836,30.8153838,490 76.8618448,30.8149058,490 76.8617688,30.8146353,490 76.8620934,30.8138237,490 76.8616653,30.8135531,490 76.8616182,30.8124710,490 76.8614536,30.8122005,490 76.8611246,30.8121465,490 76.8609247,30.8119429,490</coordinates></LineString></Placemark><Placemark><name>490 m</name><styleUrl>#minor</styleUrl><ExtendedData><Data name="elevation"><value>490</value></Data></ExtendedData><LineString><tessellate>1</tessellate><altitudeMode>clampToGround</altitudeMode><coordinates>76.8609247,30.8119098,490 76.8612528,30.8113889,490 76.8611246,30.8111489,490 76.8609247,30.8111405,490</coordinates></LineString></Placemark><Placemark><name>490 m</name><styleUrl>#minor</styleUrl><ExtendedData><Data name="elevation"><value>490</value></Data></ExtendedData><LineString><tessellate>1</tessellate><altitudeMode>clampToGround</altitudeMode><coordinates>76.8708016,30.8355000,490 76.8703913,30.8351957,490 76.8707581,30.8346546,490 76.8705672,30.8344470,490 76.8702525,30.8343928,490 76.8696230,30.8346102,490 76.8683639,30.8352327,490 76.8682633,30.8355000,490</coordinates></LineString></Placemark><Placemark><name>500 m</name><styleUrl>#major</styleUrl><ExtendedData><Data name="elevation"><value>500</value></Data></ExtendedData><LineString><tessellate>1</tessellate><altitudeMode>clampToGround</altitudeMode><coordinates>76.8651560,30.7935000,500 76.8649016,30.7937170,500 76.8642727,30.7940749,500 76.8646859,30.7943454,500 76.8645121,30.7948865,500 76.8645470,30.7951570,500 76.8652164,30.7952640,500 76.8658148,30.7951570,500 76.8658459,30.7948035,500 76.8661607,30.7945982,500 76.8665629,30.7956981,500 76.8664530,30.7962391,500 76.8665585,30.7967802,500 76.8667568,30.7970507,500 76.8677344,30.7976053,500 76.8680779,30.7975918,500 76.8680702,30.7970507,500 76.8683639,30.7968043,500 76.8689934,30.7967313,500 76.8693543,30.7965097,500 76.8688543,30.7954275,500 76.8689934,30.7953557,500 76.8696230,30.7956724,500 76.8702525,30.7956088,500 76.8705220,30.7954275,500 76.8705027,30.7946159,500 76.8708820,30.7945825,500 76.8710721,30.7943454,500 76.8713403,30.7935338,500 76.8713255,30.7935000,500</coordinates></LineString></Placemark><Placemark><name>500 m</name><styleUrl>#major</styleUrl><ExtendedData><Data name="elevation"><value>500</value></Data></ExtendedData><LineString><tessellate>1</tessellate><altitudeMode>clampToGround</altitudeMode><coordinates>76.8723211,30.7935000,500 76.8725136,30.7940749,500 76.8725770,30.7948865,500 76.8718606,30.7965097,500 76.8720626,30.7975918,500 76.8719521,30.7984034,500 76.8714313,30.7989444,500 76.8718262,30.7989974,500 76.8724557,30.7987360,500 76.8730852,30.7979784,500 76.8737088,30.7975918,500 76.8734805,30.7970507,500 76.8737148,30.7966591,500 76.8743713,30.7973213,500 76.8747230,30.7978623,500 76.8749738,30.7995837,500 76.8756033,30.8000409,500 76.8759308,30.7997560,500 76.8760554,30.7986739,500 76.8763052,30.7984034,500 76.8763656,30.7981329,500 76.8762614,30.7978623,500 76.8763546,30.7962391,500 76.8759180,30.7961560,500 76.8756466,30.7959686,500 76.8755487,30.7954275,500 76.8757697,30.7948865,500 76.8754404,30.7946159,500 76.8752004,30.7940749,500 76.8754655,30.7938043,500 76.8755328,30.7935338,500 76.8755241,30.7935000,500</coordinates></LineString></Placemark><Placemark><name>500 m</name><styleUrl>#major</styleUrl><ExtendedData><Data name="elevation"><value>500</value></Data></ExtendedData><LineString><tessellate>1</tessellate><altitudeMode>clampToGround</altitudeMode><coordinates>76.8826115,30.7935000,500 76.8824189,30.7938043,500 76.8823280,30.7946159,500 76.8820575,30.7954275,500 76.8820746,30.7962391,500 76.8823402,30.7967802,500 76.8822943,30.7970507,500 76.8824994,30.7975918,500 76.8824210,30.7978623,500 76.8822131,30.7980264,500 76.8815836,30.7982080,500 76.8812689,30.7985350,500 76.8806393,30.7997277,500 76.8801932,30.7997560,500 76.8805388,30.8000266,500 76.8806393,30.8004975,500 76.8809541,30.8004664,500 76.8809744,30.8002971,500 76.8812689,30.8000698,500 76.8822131,30.8000966,500 76.8826075,30.8002971,500 76.8826754,30.8005676,500 76.8825361,30.8013792,500 76.8815836,30.8022898,500 76.8812689,30.8031610,500 76.8820140,30.8040845,500 76.8822131,30.8047843,500 76.8825279,30.8050504,500 76.8828426,30.8049974,500 76.8830039,30.8051667,500 76.8831127,30.8059783,500 76.8841817,30.8065193,500 76.8844164,30.8071702,500 76.8847311,30.8069203,500 76.8848497,30.8062488,500 76.8845546,30.8057077,500 76.8846119,30.8054372,500 76.8852063,30.8048961,500 76.8854010,30.8040845,500 76.8853607,30.8036217,500 76.8856885,30.8024614,500 76.8856058,30.8021908,500 76.8850459,30.8020781,500 76.8849003,30.8019203,500 76.8849826,30.8013792,500 76.8856535,30.8002971,500 76.8863049,30.7999480,500 76.8869344,30.7989396,500 76.8872492,30.7988719,500 76.8875639,30.7990556,500 76.8888230,30.7993186,500 76.8894525,30.7993101,500 76.8896113,30.7992150,500 76.8894525,30.7987707,500 76.8889217,30.7984034,500 76.8890617,30.7978623,500 76.8886003,30.7970507,500 76.8890887,30.7965097,500 76.8890495,30.7962391,500 76.8893545,30.7959686,500 76.8893050,30.7956981,500 76.8897672,30.7949514,500 76.8903967,30.7944602,500 76.8907115,30.7945381,500 76.8912547,30.7943454,500 76.8916196,30.7938043,500 76.8919705,30.7936680,500 76.8921607,30.7935000,500</coordinates></LineString></Placemark><Placemark><name>500 m</name><styleUrl>#major</styleUrl><ExtendedData><Data name="elevation"><value>500</value></Data></ExtendedData><LineString><tessellate>1</tessellate><altitudeMode>clampToGround</altitudeMode><coordinates>76.8609247,30.8080144,500 76.8614680,30.8086836,500 76.8620689,30.8087081,500 76.8623836,30.8084050,500 76.8630131,30.8083428,500 76.8633089,30.8081425,500 76.8630069,30.8078720,500 76.8619599,30.8073309,500 76.8618962,30.8070604,500 76.8621262,30.8065193,500 76.8614718,30.8057077,500 76.8617541,30.8054805,500 76.8623836,30.8053913,500 76.8630131,30.8056680,500 76.8636426,30.8061210,500 76.8639574,30.8065779,500 76.8645869,30.8068303,500 76.8652230,30.8076014,500 76.8655831,30.8084130,500 76.8661928,30.8092246,500 76.8662020,30.8097657,500 76.8664754,30.8099695,500 76.8667902,30.8099159,500 76.8674197,30.8100993,500 76.8680492,30.8099291,500 76.8689253,30.8103068,500 76.8690473,30.8105773,500 76.8690093,30.8111184,500 76.8691059,30.8113889,500 76.8694488,30.8116594,500 76.8694772,30.8119300,500 76.8693082,30.8122190,500 76.8689934,30.8123728,500 76.8683592,30.8124710,500 76.8690732,30.8130121,500 76.8689350,30.8132826,500 76.8693082,30.8137645,500 76.8699377,30.8136679,500 76.8702525,30.8134329,500 76.8705672,30.8135296,500 76.8708820,30.8142450,500 76.8711967,30.8145432,500 76.8713191,30.8138237,500 76.8717070,30.8135531,500 76.8717894,30.8132826,500 76.8711379,30.8127415,500 76.8710873,30.8119300,500 76.8711967,30.8116104,500 76.8721410,30.8122139,500 76.8727705,30.8120088,500 76.8734000,30.8120624,500 76.8741003,30.8124710,500 76.8743443,30.8127701,500 76.8750675,30.8130121,500 76.8750450,30.8132826,500 76.8752061,30.8135531,500 76.8759180,30.8135620,500 76.8761733,30.8132826,500 76.8760384,30.8130121,500 76.8760765,30.8122005,500 76.8759180,30.8119599,500 76.8753868,30.8119300,500 76.8753077,30.8116594,500 76.8748860,30.8113889,500 76.8749178,30.8108478,500 76.8747824,30.8105773,500 76.8739480,30.8103068,500 76.8737148,30.8101143,500 76.8736477,30.8097657,500 76.8734407,30.8094952,500 76.8724557,30.8093910,500 76.8721287,30.8086836,500 76.8721911,30.8084130,500 76.8724557,30.8082162,500 76.8737148,30.8081697,500 76.8739606,30.8078720,500 76.8724557,30.8073418,500 76.8721410,30.8068057,500 76.8718262,30.8068589,500 76.8715115,30.8073963,500 76.8711967,30.8075700,500 76.8708820,30.8075515,500 76.8702525,30.8072239,500 76.8699377,30.8072476,500 76.8693082,30.8076735,500 76.8686787,30.8073938,500 76.8681796,30.8073309,500 76.8681383,30.8070604,500 76.8682634,30.8067899,500 76.8689934,30.8066241,500 76.8696884,30.8059783,500 76.8707666,30.8057077,500 76.8707481,30.8054372,500 76.8700858,30.8051667,500 76.8702525,30.8049343,500 76.8705672,30.8048748,500 76.8711967,30.8044918,500 76.8718262,30.8045254,500 76.8720982,30.8043551,500 76.8718262,30.8039533,500 76.8711967,30.8037952,500 76.8705672,30.8039089,500 76.8703953,30.8038140,500 76.8702182,30.8035435,500 76.8702931,30.8032729,500 76.8705709,30.8030024,500 76.8699377,30.8026257,500 76.8691819,30.8032729,500 76.8692368,30.8038140,500 76.8682096,30.8040845,500 76.8676712,30.8048961,500 76.8674197,30.8050009,500 76.8664754,30.8050347,500 76.8658969,30.8046256,500 76.8658635,30.8043551,500 76.8655986,30.8040845,500 76.8655311,30.8034618,500 76.8646025,30.8032729,500 76.8642721,30.8031007,500 76.8630196,30.8019203,500 76.8623836,30.8017516,500 76.8612697,30.8011087,500 76.8623836,30.8006138,500 76.8630131,30.8007432,500 76.8636426,30.8012233,500 76.8650357,30.8011087,500 76.8644546,30.8002971,500 76.8645078,30.7997560,500 76.8647629,30.7994855,500 76.8646580,30.7986739,500 76.8642721,30.7985659,500 76.8635419,30.7989444,500 76.8626984,30.7989687,500 76.8627065,30.7986739,500 76.8630715,30.7984034,500 76.8630863,30.7981329,500 76.8628713,30.7975918,500 76.8625273,30.7973213,500 76.8620689,30.7972921,500 76.8613576,30.7975918,500 76.8609247,30.7972141,500</coordinates></LineString></Placemark><Placemark><name>500 m</name><styleUrl>#major</styleUrl><ExtendedData><Data name="elevation"><value>500</value></Data></ExtendedData><LineString><tessellate>1</tessellate><altitudeMode>clampToGround</altitudeMode><coordinates>76.8609247,30.8231397,500 76.8611246,30.8231782,500 76.8610071,30.8224807,500 76.8609247,30.8223776,500</coordinates></LineString></Placemark><Placemark><name>500 m</name><styleUrl>#major</styleUrl><ExtendedData><Data name="elevation"><value>500</value></Data></ExtendedData><LineString><tessellate>1</tessellate><altitudeMode>clampToGround</altitudeMode><coordinates>76.8609247,30.8170910,500 76.8614393,30.8171234,500 76.8616103,30.8173406,500 76.8623836,30.8177675,500 76.8626443,30.8181522,500 76.8628669,30.8189638,500 76.8630131,30.8191136,500 76.8635549,30.8192343,500 76.8637927,30.8195048,500 76.8635346,30.8200459,500 76.8636713,30.8203164,500 76.8639574,30.8204345,500 76.8649016,30.8204321,500 76.8649127,30.8208575,500 76.8652041,30.8216691,500 76.8648659,30.8222101,500 76.8650944,30.8224807,500 76.8657919,30.8227512,500 76.8658998,30.8230217,500 76.8658432,30.8235628,500 76.8664754,30.8235816,500 76.8668265,30.8241039,500 76.8677344,30.8241817,500 76.8683639,30.8244750,500 76.8689464,30.8249155,500 76.8689934,30.8250700,500 76.8691725,30.8246449,500 76.8686787,30.8242076,500 76.8684488,30.8235628,500 76.8675236,30.8230217,500 76.8674850,30.8227512,500 76.8676663,30.8224807,500 76.8669584,30.8219396,500 76.8670991,30.8213986,500 76.8670087,30.8211280,500 76.8670795,30.8208575,500 76.8674197,30.8206380,500 76.8677344,30.8207906,500 76.8680492,30.8211619,500 76.8696230,30.8212701,500 76.8698143,30.8211280,500 76.8697139,30.8205870,500 76.8698607,30.8203164,500 76.8697103,30.8197754,500 76.8699377,30.8196803,500 76.8705672,30.8188991,500 76.8699377,30.8183301,500 76.8693082,30.8185262,500 76.8687110,30.8184227,500 76.8683639,30.8182344,500 76.8680492,30.8182554,500 76.8674197,30.8185681,500 76.8667902,30.8182668,500 76.8661607,30.8184313,500 76.8654481,30.8181522,500 76.8655311,30.8179069,500 76.8661607,30.8178023,500 76.8667902,30.8174642,500 76.8671049,30.8168701,500 76.8683139,30.8167995,500 76.8677344,30.8163186,500 76.8675314,30.8159879,500 76.8677584,30.8149058,500 76.8674197,30.8147802,500 76.8671049,30.8148707,500 76.8667902,30.8151838,500 76.8664754,30.8152255,500 76.8655311,30.8157678,500 76.8652164,30.8157983,500 76.8645869,30.8152988,500 76.8642721,30.8152336,500 76.8633279,30.8155460,500 76.8624865,30.8151763,500 76.8622544,30.8146353,500 76.8625195,30.8138237,500 76.8621296,30.8135531,500 76.8619703,30.8132826,500 76.8619811,30.8124710,500 76.8621011,30.8122005,500 76.8614393,30.8118938,500 76.8613486,30.8116594,500 76.8615477,30.8111184,500 76.8614393,30.8109338,500 76.8609247,30.8109010,500</coordinates></LineString></Placemark><Placemark><name>500 m</name><styleUrl>#major</styleUrl><ExtendedData><Data name="elevation"><value>500</value></Data></ExtendedData><LineString><tessellate>1</tessellate><altitudeMode>clampToGround</altitudeMode><coordinates>76.8778066,30.8338229,500 76.8778066,30.8339985,500</coordinates></LineString></Placemark><Placemark><name>500 m</name><styleUrl>#major</styleUrl><ExtendedData><Data name="elevation"><value>500</value></Data></ExtendedData><LineString><tessellate>1</tessellate><altitudeMode>clampToGround</altitudeMode><coordinates>76.8642721,30.8348900,500 76.8641591,30.8349251,500 76.8642721,30.8350380,500 76.8642721,30.8348900,500</coordinates></LineString></Placemark><Placemark><name>500 m</name><styleUrl>#major</styleUrl><ExtendedData><Data name="elevation"><value>500</value></Data></ExtendedData><LineString><tessellate>1</tessellate><altitudeMode>clampToGround</altitudeMode><coordinates>76.8774113,30.8355000,500 76.8772846,30.8351957,500 76.8772601,30.8346546,500 76.8774918,30.8341806,500 76.8777192,30.8341135,500 76.8773192,30.8338430,500 76.8772975,30.8335725,500 76.8778066,30.8328536,500 76.8778066,30.8325874,500 76.8774907,30.8327609,500 76.8773678,30.8330314,500 76.8768623,30.8332892,500 76.8765475,30.8331803,500 76.8759180,30.8333560,500 76.8752915,30.8343841,500 76.8749738,30.8345359,500 76.8743535,30.8338430,500 76.8738342,30.8335725,500 76.8737148,30.8333956,500 76.8731800,30.8338430,500 76.8727705,30.8339671,500 76.8718262,30.8336744,500 76.8708820,30.8338242,500 76.8704993,30.8335725,500 76.8706580,30.8330314,500 76.8702525,30.8321518,500 76.8699064,30.8324903,500 76.8697735,30.8335725,500 76.8680492,30.8349511,500 76.8677596,30.8355000,500</coordinates></LineString></Placemark><Placemark><name>500 m</name><styleUrl>#major</styleUrl><ExtendedData><Data name="elevation"><value>500</value></Data></ExtendedData><LineString><tessellate>1</tessellate><altitudeMode>clampToGround</altitudeMode><coordinates>76.8669834,30.8355000,500 76.8671455,30.8349251,500 76.8668374,30.8333019,500 76.8672153,30.8327609,500 76.8671810,30.8324903,500 76.8669002,30.8322198,500 76.8671049,30.8319540,500 76.8671199,30.8316787,500 76.8664754,30.8310663,500 76.8663421,30.8311377,500 76.8665558,30.8322198,500 76.8657672,30.8333019,500 76.8657817,30.8338430,500 76.8656320,30.8343841,500 76.8658105,30.8355000,500</coordinates></LineString></Placemark><Placemark><name>500 m</name><styleUrl>#major</styleUrl><ExtendedData><Data name="elevation"><value>500</value></Data></ExtendedData><LineString><tessellate>1</tessellate><altitudeMode>clampToGround</altitudeMode><coordinates>76.8648695,30.8355000,500 76.8645869,30.8351186,500 76.8644168,30.8351957,500 76.8643780,30.8354662,500 76.8644033,30.8355000,500</coordinates></LineString></Placemark><Placemark><name>510 m</name><styleUrl>#minor</styleUrl><ExtendedData><Data name="elevation"><value>510</value></Data></ExtendedData><LineString><tessellate>1</tessellate><altitudeMode>clampToGround</altitudeMode><coordinates>76.8818392,30.7935000,510 76.8817488,30.7935338,510 76.8821756,30.7938043,510 76.8822502,30.7940749,510 76.8821685,30.7946159,510 76.8818258,30.7951570,510 76.8818509,30.7956981,510 76.8814160,30.7962391,510 76.8817890,30.7965097,510 76.8819512,30.7967802,510 76.8815836,30.7970316,510 76.8813934,30.7973213,510 76.8815836,30.7974306,510 76.8818984,30.7973849,510 76.8822655,30.7975918,510 76.8820479,30.7978623,510 76.8815836,30.7979575,510 76.8812689,30.7981909,510 76.8806393,30.7991351,510 76.8803246,30.7993292,510 76.8796951,30.7993535,510 76.8787508,30.8000838,510 76.8780946,30.8002971,510 76.8784361,30.8003943,510 76.8798052,30.8002971,510 76.8795163,30.8013792,510 76.8785152,30.8021908,510 76.8781845,30.8032729,510 76.8787508,30.8032800,510 76.8790656,30.8033950,510 76.8794075,30.8038140,510 76.8791981,30.8040845,510 76.8793803,30.8042058,510 76.8800098,30.8041496,510 76.8801741,30.8043551,510 76.8797621,30.8046256,510 76.8797737,30.8051667,510 76.8795334,30.8054372,510 76.8793803,30.8055800,510 76.8787032,30.8057077,510 76.8785118,30.8059783,510 76.8788557,30.8065193,510 76.8786794,30.8067899,510 76.8787508,30.8070286,510 76.8790656,30.8066782,510 76.8796951,30.8064625,510 76.8798138,30.8065193,510 76.8799443,30.8070604,510 76.8799079,30.8078720,510 76.8794115,30.8084130,510 76.8798323,30.8092246,510 76.8794228,30.8097657,510 76.8795539,30.8100362,510 76.8800199,30.8103068,510 76.8797240,30.8105773,510 76.8796658,30.8108478,510 76.8799299,30.8111184,510 76.8797893,30.8113889,510 76.8805158,30.8116594,510 76.8804154,30.8119300,510 76.8809541,30.8122864,510 76.8812689,30.8122082,510 76.8825279,30.8124822,510 76.8831574,30.8124545,510 76.8836387,30.8127415,510 76.8835139,30.8132826,510 76.8827073,30.8138237,510 76.8828347,30.8140942,510 76.8825279,30.8142402,510 76.8822131,30.8141909,510 76.8818982,30.8143647,510 76.8818984,30.8154716,510 76.8815836,30.8151739,510 76.8812689,30.8154085,510 76.8812689,30.8155771,510 76.8815836,30.8159398,510 76.8818984,30.8160557,510 76.8825279,30.8166174,510 76.8831574,30.8169937,510 76.8844164,30.8173492,510 76.8848297,30.8170700,510 76.8847311,30.8168662,510 76.8844164,30.8167495,510 76.8843175,30.8165290,510 76.8844164,30.8164430,510 76.8850459,30.8164794,510 76.8857362,30.8154469,510 76.8859902,30.8146930,510 76.8863049,30.8146286,510 76.8866197,30.8146481,510 76.8878787,30.8152874,510 76.8879909,30.8154469,510 76.8880499,30.8165290,510 76.8879682,30.8170700,510 76.8884071,30.8173406,510 76.8885822,30.8173406,510 76.8891377,30.8168191,510 76.8892192,30.8165290,510 76.8897672,30.8159721,510 76.8898924,30.8167995,510 76.8900820,30.8170091,510 76.8903967,30.8169136,510 76.8913410,30.8169820,510 76.8916892,30.8165290,510 76.8917041,30.8162585,510 76.8912186,30.8159879,510 76.8910626,30.8157174,510 76.8912469,30.8149058,510 76.8910262,30.8147535,510 76.8897672,30.8147228,510 76.8896017,30.8143647,510 76.8890319,30.8140942,510 76.8890364,30.8135531,510 76.8888043,30.8124710,510 76.8894777,30.8122005,510 76.8895049,30.8116594,510 76.8892221,30.8111184,510 76.8896497,30.8105773,510 76.8895887,30.8103068,510 76.8891377,30.8099873,510 76.8888230,30.8099273,510 76.8882819,30.8100362,510 76.8875639,30.8098789,510 76.8874266,30.8092246,510 76.8874442,30.8084130,510 76.8877368,30.8078720,510 76.8876939,30.8076014,510 76.8873044,30.8073309,510 76.8875639,30.8071177,510 76.8878787,30.8073294,510 76.8879578,30.8070604,510 76.8878787,30.8063362,510 76.8885802,30.8054372,510 76.8887283,30.8048961,510 76.8885446,30.8035435,510 76.8888230,30.8032938,510 76.8894525,30.8036147,510 76.8895639,30.8035435,510 76.8898150,30.8030024,510 76.8910262,30.8018578,510 76.8913410,30.8018770,510 76.8916557,30.8020756,510 76.8922852,30.8020056,510 76.8935443,30.8022587,510 76.8938374,30.8021908,510 76.8934015,30.8016498,510 76.8933239,30.8013792,510 76.8934365,30.8011087,510 76.8934128,30.8005676,510 76.8931435,30.7994855,510 76.8929525,30.7992150,510 76.8929808,30.7989444,510 76.8933996,30.7981329,510 76.8939783,30.7978623,510 76.8941738,30.7975019,510 76.8946936,30.7970507,510 76.8946179,30.7967802,510 76.8951180,30.7963212,510 76.8963770,30.7960810,510 76.8970066,30.7955074,510 76.8973213,30.7955359,510 76.8979508,30.7960664,510 76.8981548,30.7959686,510 76.8985803,30.7950476,510 76.8992098,30.7947205,510 76.8997528,30.7946159,510 76.8997405,30.7940749,510 76.9007707,30.7938043,510 76.9007461,30.7935338,510 76.9007927,30.7935000,510</coordinates></LineString></Placemark><Placemark><name>510 m</name><styleUrl>#minor</styleUrl><ExtendedData><Data name="elevation"><value>510</value></Data></ExtendedData><LineString><tessellate>1</tessellate><altitudeMode>clampToGround</altitudeMode><coordinates>76.8932056,30.7959686,510 76.8935443,30.7958254,510 76.8942576,30.7959686,510 76.8944889,30.7962391,510 76.8944062,30.7965097,510 76.8941738,30.7966903,510 76.8938590,30.7966801,510 76.8932056,30.7959686,510</coordinates></LineString></Placemark><Placemark><name>510 m</name><styleUrl>#minor</styleUrl><ExtendedData><Data name="elevation"><value>510</value></Data></ExtendedData><LineString><tessellate>1</tessellate><altitudeMode>clampToGround</altitudeMode><coordinates>76.8768623,30.8007880,510 76.8768623,30.8010011,510 76.8771770,30.8010723,510 76.8772849,30.8008382,510 76.8768623,30.8007880,510</coordinates></LineString></Placemark><Placemark><name>510 m</name><styleUrl>#minor</styleUrl><ExtendedData><Data name="elevation"><value>510</value></Data></ExtendedData><LineString><tessellate>1</tessellate><altitudeMode>clampToGround</altitudeMode><coordinates>76.8799412,30.8016498,510 76.8809668,30.8016498,510 76.8809967,30.8021908,510 76.8806393,30.8027495,510 76.8801706,30.8024614,510 76.8800098,30.8022231,510 76.8796951,30.8023698,510 76.8794248,30.8021908,510 76.8795280,30.8019203,510 76.8799412,30.8016498,510</coordinates></LineString></Placemark><Placemark><name>510 m</name><styleUrl>#minor</styleUrl><ExtendedData><Data name="elevation"><value>510</value></Data></ExtendedData><LineString><tessellate>1</tessellate><altitudeMode>clampToGround</altitudeMode><coordinates>76.8938590,30.8022893,510 76.8938590,30.8024690,510 76.8942265,30.8024614,510 76.8938590,30.8022893,510</coordinates></LineString></Placemark><Placemark><name>510 m</name><styleUrl>#minor</styleUrl><ExtendedData><Data name="elevation"><value>510</value></Data></ExtendedData><LineString><tessellate>1</tessellate><altitudeMode>clampToGround</altitudeMode><coordinates>76.8877984,30.8030024,510 76.8882647,30.8030024,510 76.8881934,30.8031258,510 76.8878787,30.8031291,510 76.8877984,30.8030024,510</coordinates></LineString></Placemark><Placemark><name>510 m</name><styleUrl>#minor</styleUrl><ExtendedData><Data name="elevation"><value>510</value></Data></ExtendedData><LineString><tessellate>1</tessellate><altitudeMode>clampToGround</altitudeMode><coordinates>76.8609247,30.8083009,510 76.8611246,30.8087225,510 76.8614393,30.8088644,510 76.8620689,30.8089409,510 76.8626984,30.8086462,510 76.8633279,30.8086038,510 76.8635689,30.8084130,510 76.8636402,30.8081425,510 76.8634063,30.8078720,510 76.8623872,30.8073309,510 76.8622746,30.8070604,510 76.8624055,30.8065193,510 76.8618716,30.8057077,510 76.8623836,30.8055894,510 76.8626984,30.8057052,510 76.8634240,30.8062488,510 76.8639574,30.8068744,510 76.8645869,30.8070758,510 76.8650392,30.8076014,510 76.8653808,30.8084130,510 76.8659555,30.8092246,510 76.8660672,30.8100362,510 76.8664754,30.8101675,510 76.8667902,30.8101400,510 76.8674197,30.8104217,510 76.8680492,30.8101771,510 76.8686787,30.8104149,510 76.8688034,30.8105773,510 76.8688998,30.8113889,510 76.8692455,30.8119300,510 76.8689934,30.8121819,510 76.8678908,30.8122005,510 76.8679564,30.8124710,510 76.8685379,30.8130121,510 76.8687152,30.8135531,510 76.8693082,30.8140787,510 76.8702525,30.8138988,510 76.8705672,30.8142253,510 76.8708820,30.8151198,510 76.8710113,30.8151763,510 76.8717248,30.8151763,510 76.8717882,30.8149058,510 76.8716045,30.8146353,510 76.8715348,30.8140942,510 76.8722452,30.8135531,510 76.8720346,30.8130121,510 76.8715115,30.8124732,510 76.8715115,30.8120828,510 76.8721410,30.8125454,510 76.8727705,30.8122289,510 76.8730852,30.8122222,510 76.8737148,30.8125637,510 76.8746227,30.8132826,510 76.8743191,30.8135531,510 76.8743443,30.8136651,510 76.8746590,30.8138029,510 76.8759180,30.8138161,510 76.8769322,30.8132826,510 76.8763789,30.8130121,510 76.8763664,30.8119300,510 76.8762328,30.8117592,510 76.8756033,30.8116004,510 76.8753823,30.8113889,510 76.8749738,30.8103412,510 76.8740295,30.8100499,510 76.8738943,30.8094952,510 76.8737148,30.8093488,510 76.8727705,30.8092120,510 76.8723610,30.8086836,510 76.8724837,30.8084130,510 76.8727705,30.8083182,510 76.8737148,30.8083511,510 76.8743189,30.8081425,510 76.8743199,30.8078720,510 76.8740897,30.8076014,510 76.8725500,30.8070604,510 76.8724557,30.8067855,510 76.8721410,30.8065740,510 76.8718262,30.8066152,510 76.8711967,30.8073775,510 76.8708820,30.8073003,510 76.8705672,30.8070364,510 76.8696230,30.8069438,510 76.8694482,30.8067899,510 76.8699377,30.8062328,510 76.8708820,30.8059678,510 76.8712006,30.8057077,510 76.8713937,30.8054372,510 76.8709883,30.8048961,510 76.8711967,30.8047252,510 76.8721410,30.8047577,510 76.8724724,30.8046256,510 76.8724717,30.8043551,510 76.8721881,30.8040845,510 76.8721410,30.8037519,510 76.8705672,30.8035862,510 76.8706821,30.8032729,510 76.8709718,30.8030024,510 76.8709137,30.8027319,510 76.8702525,30.8024719,510 76.8699377,30.8020803,510 76.8696061,30.8021908,510 76.8694522,30.8027319,510 76.8689934,30.8031628,510 76.8689934,30.8035660,510 76.8680492,30.8039522,510 76.8677020,30.8046256,510 76.8674197,30.8048061,510 76.8664754,30.8047814,510 76.8662082,30.8046256,510 76.8661610,30.8043551,510 76.8657926,30.8038140,510 76.8658570,30.8035435,510 76.8656926,30.8032729,510 76.8649016,30.8031815,510 76.8645164,30.8030024,510 76.8633279,30.8018281,510 76.8623836,30.8014447,510 76.8620848,30.8011087,510 76.8623836,30.8008822,510 76.8626984,30.8008923,510 76.8633279,30.8013308,510 76.8639574,30.8014219,510 76.8655311,30.8012504,510 76.8657238,30.8011087,510 76.8649632,30.8005676,510 76.8647993,30.8002971,510 76.8651620,30.7994855,510 76.8650063,30.7986739,510 76.8647507,30.7984034,510 76.8642721,30.7983454,510 76.8636426,30.7985849,510 76.8632923,30.7973213,510 76.8630131,30.7971736,510 76.8623836,30.7969365,510 76.8617541,30.7971392,510 76.8614393,30.7971221,510 76.8609247,30.7967093,510</coordinates></LineString></Placemark><Placemark><name>510 m</name><styleUrl>#minor</styleUrl><ExtendedData><Data name="elevation"><value>510</value></Data></ExtendedData><LineString><tessellate>1</tessellate><altitudeMode>clampToGround</altitudeMode><coordinates>76.8609247,30.7962523,510 76.8609502,30.7962391,510 76.8609247,30.7961821,510</coordinates></LineString></Placemark><Placemark><name>510 m</name><styleUrl>#minor</styleUrl><ExtendedData><Data name="elevation"><value>510</value></Data></ExtendedData><LineString><tessellate>1</tessellate><altitudeMode>clampToGround</altitudeMode><coordinates>76.8609247,30.7942098,510 76.8610564,30.7940749,510 76.8610678,30.7938043,510 76.8609247,30.7936933,510</coordinates></LineString></Placemark><Placemark><name>510 m</name><styleUrl>#minor</styleUrl><ExtendedData><Data name="elevation"><value>510</value></Data></ExtendedData><LineString><tessellate>1</tessellate><altitudeMode>clampToGround</altitudeMode><coordinates>76.8649086,30.7935000,510 76.8648669,30.7935338,510 76.8641709,30.7938043,510 76.8638354,30.7940749,510 76.8644336,30.7943454,510 76.8644467,30.7946159,510 76.8640299,30.7951570,510 76.8642721,30.7953102,510 76.8661607,30.7955407,510 76.8663012,30.7956981,510 76.8663470,30.7967802,510 76.8664754,30.7971069,510 76.8680492,30.7979406,510 76.8684879,30.7978623,510 76.8687895,30.7975918,510 76.8690516,30.7973213,510 76.8689876,30.7970507,510 76.8696230,30.7969879,510 76.8697815,30.7967802,510 76.8695616,30.7962391,510 76.8696178,30.7959686,510 76.8709192,30.7956981,510 76.8709923,30.7951570,510 76.8715839,30.7946159,510 76.8715519,30.7943454,510 76.8718262,30.7936696,510 76.8721410,30.7936422,510 76.8723299,30.7946159,510 76.8716810,30.7965097,510 76.8716315,30.7973213,510 76.8718041,30.7975918,510 76.8718262,30.7979905,510 76.8715969,30.7984034,510 76.8708715,30.7989444,510 76.8707638,30.7992150,510 76.8718262,30.7993998,510 76.8727705,30.7987634,510 76.8734000,30.7981049,510 76.8743443,30.7980572,510 76.8746102,30.7992150,510 76.8743965,30.7997560,510 76.8752885,30.8004059,510 76.8756033,30.8005803,510 76.8759180,30.8006004,510 76.8765646,30.8002971,510 76.8764624,30.7989444,510 76.8768269,30.7984034,510 76.8768574,30.7975918,510 76.8766739,30.7970507,510 76.8766814,30.7965097,510 76.8768870,30.7962391,510 76.8762257,30.7959686,510 76.8759363,30.7956981,510 76.8761382,30.7951570,510 76.8765020,30.7948865,510 76.8758556,30.7946159,510 76.8757529,30.7943454,510 76.8759801,30.7940749,510 76.8759874,30.7938043,510 76.8759170,30.7935000,510</coordinates></LineString></Placemark><Placemark><name>510 m</name><styleUrl>#minor</styleUrl><ExtendedData><Data name="elevation"><value>510</value></Data></ExtendedData><LineString><tessellate>1</tessellate><altitudeMode>clampToGround</altitudeMode><coordinates>76.8781213,30.8059495,510 76.8780126,30.8059783,510 76.8781213,30.8060565,510 76.8782456,30.8059783,510 76.8781213,30.8059495,510</coordinates></LineString></Placemark><Placemark><name>510 m</name><styleUrl>#minor</styleUrl><ExtendedData><Data name="elevation"><value>510</value></Data></ExtendedData><LineString><tessellate>1</tessellate><altitudeMode>clampToGround</altitudeMode><coordinates>76.8798535,30.8062488,510 76.8800098,30.8061411,510 76.8801183,30.8062488,510 76.8800098,30.8064360,510 76.8798535,30.8062488,510</coordinates></LineString></Placemark><Placemark><name>510 m</name><styleUrl>#minor</styleUrl><ExtendedData><Data name="elevation"><value>510</value></Data></ExtendedData><LineString><tessellate>1</tessellate><altitudeMode>clampToGround</altitudeMode><coordinates>76.8867736,30.8084130,510 76.8869344,30.8081519,510 76.8871030,30.8084130,510 76.8869344,30.8085330,510 76.8867736,30.8084130,510</coordinates></LineString></Placemark><Placemark><name>510 m</name><styleUrl>#minor</styleUrl><ExtendedData><Data name="elevation"><value>510</value></Data></ExtendedData><LineString><tessellate>1</tessellate><altitudeMode>clampToGround</altitudeMode><coordinates>76.8804607,30.8094952,510 76.8806393,30.8092986,510 76.8809541,30.8092431,510 76.8811404,30.8100362,510 76.8809541,30.8102635,510 76.8806111,30.8103068,510 76.8803559,30.8100362,510 76.8804607,30.8094952,510</coordinates></LineString></Placemark><Placemark><name>510 m</name><styleUrl>#minor</styleUrl><ExtendedData><Data name="elevation"><value>510</value></Data></ExtendedData><LineString><tessellate>1</tessellate><altitudeMode>clampToGround</altitudeMode><coordinates>76.8800098,30.8118599,510 76.8795999,30.8122005,510 76.8796951,30.8125040,510 76.8800747,30.8124710,510 76.8802120,30.8119300,510 76.8800098,30.8118599,510</coordinates></LineString></Placemark><Placemark><name>510 m</name><styleUrl>#minor</styleUrl><ExtendedData><Data name="elevation"><value>510</value></Data></ExtendedData><LineString><tessellate>1</tessellate><altitudeMode>clampToGround</altitudeMode><coordinates>76.8609247,30.8237938,510 76.8611246,30.8239804,510 76.8614393,30.8242094,510 76.8617541,30.8242130,510 76.8618108,30.8238333,510 76.8616084,30.8232923,510 76.8616368,30.8230217,510 76.8613765,30.8227512,510 76.8613298,30.8224807,510 76.8609247,30.8219059,510</coordinates></LineString></Placemark><Placemark><name>510 m</name><styleUrl>#minor</styleUrl><ExtendedData><Data name="elevation"><value>510</value></Data></ExtendedData><LineString><tessellate>1</tessellate><altitudeMode>clampToGround</altitudeMode><coordinates>76.8609247,30.8173933,510 76.8614393,30.8174583,510 76.8623836,30.8180306,510 76.8626984,30.8191317,510 76.8633972,30.8195048,510 76.8634549,30.8197754,510 76.8632866,30.8200459,510 76.8633279,30.8203407,510 76.8636426,30.8206151,510 76.8645869,30.8208120,510 76.8647972,30.8211280,510 76.8649415,30.8216691,510 76.8646404,30.8222101,510 76.8649016,30.8226252,510 76.8655717,30.8230217,510 76.8655311,30.8236516,510 76.8658459,30.8238633,510 76.8661607,30.8238536,510 76.8664754,30.8242318,510 76.8671049,30.8245490,510 76.8677344,30.8244094,510 76.8681712,30.8246449,510 76.8685180,30.8249155,510 76.8685793,30.8254565,510 76.8693082,30.8259675,510 76.8695959,30.8257271,510 76.8695204,30.8251860,510 76.8697717,30.8243744,510 76.8696230,30.8242212,510 76.8689934,30.8240590,510 76.8689405,30.8238333,510 76.8691965,30.8235628,510 76.8691395,30.8232923,510 76.8683639,30.8232986,510 76.8678536,30.8230217,510 76.8677977,30.8227512,510 76.8680130,30.8224807,510 76.8678827,30.8222101,510 76.8672941,30.8219396,510 76.8673340,30.8216691,510 76.8674358,30.8213986,510 76.8677344,30.8212618,510 76.8696230,30.8216121,510 76.8699377,30.8214441,510 76.8701122,30.8211280,510 76.8700398,30.8200459,510 76.8703517,30.8195048,510 76.8709083,30.8189638,510 76.8709677,30.8186932,510 76.8708820,30.8185431,510 76.8705672,30.8185258,510 76.8702525,30.8183607,510 76.8699377,30.8180257,510 76.8696230,30.8180480,510 76.8693082,30.8182932,510 76.8689934,30.8182780,510 76.8683639,30.8180104,510 76.8677344,30.8182025,510 76.8674197,30.8181146,510 76.8672139,30.8176111,510 76.8674197,30.8170910,510 76.8683639,30.8171284,510 76.8688207,30.8167995,510 76.8688567,30.8165290,510 76.8686787,30.8163490,510 76.8683639,30.8163987,510 76.8680492,30.8162741,510 76.8678628,30.8159879,510 76.8681656,30.8149058,510 76.8680723,30.8146353,510 76.8671049,30.8143945,510 76.8667902,30.8147531,510 76.8658459,30.8153539,510 76.8652164,30.8155566,510 76.8645869,30.8150544,510 76.8642721,30.8150435,510 76.8633279,30.8153816,510 76.8628725,30.8151763,510 76.8626566,30.8143647,510 76.8627375,30.8140942,510 76.8631422,30.8138237,510 76.8631560,30.8135531,510 76.8623248,30.8132826,510 76.8622430,30.8127415,510 76.8624532,30.8122005,510 76.8618973,30.8116594,510 76.8617588,30.8113889,510 76.8617541,30.8108455,510 76.8614393,30.8106469,510 76.8609247,30.8106812,510</coordinates></LineString></Placemark><Placemark><name>510 m</name><styleUrl>#minor</styleUrl><ExtendedData><Data name="elevation"><value>510</value></Data></ExtendedData><LineString><tessellate>1</tessellate><altitudeMode>clampToGround</altitudeMode><coordinates>76.8752885,30.8286540,510 76.8752885,30.8288785,510 76.8756033,30.8288203,510 76.8756634,30.8287029,510 76.8756033,30.8285872,510 76.8752885,30.8286540,510</coordinates></LineString></Placemark><Placemark><name>510 m</name><styleUrl>#minor</styleUrl><ExtendedData><Data name="elevation"><value>510</value></Data></ExtendedData><LineString><tessellate>1</tessellate><altitudeMode>clampToGround</altitudeMode><coordinates>76.8708820,30.8294905,510 76.8707685,30.8303261,510 76.8708820,30.8305280,510 76.8710877,30.8303261,510 76.8711125,30.8295145,510 76.8708820,30.8294905,510</coordinates></LineString></Placemark><Placemark><name>510 m</name><styleUrl>#minor</styleUrl><ExtendedData><Data name="elevation"><value>510</value></Data></ExtendedData><LineString><tessellate>1</tessellate><altitudeMode>clampToGround</altitudeMode><coordinates>76.8828426,30.8294627,510 76.8826837,30.8295145,510 76.8828426,30.8298274,510 76.8834231,30.8295145,510 76.8831574,30.8294119,510 76.8828426,30.8294627,510</coordinates></LineString></Placemark><Placemark><name>510 m</name><styleUrl>#minor</styleUrl><ExtendedData><Data name="elevation"><value>510</value></Data></ExtendedData><LineString><tessellate>1</tessellate><altitudeMode>clampToGround</altitudeMode><coordinates>76.8650501,30.8349251,510 76.8652164,30.8347010,510 76.8653820,30.8349251,510 76.8652164,30.8352770,510 76.8650501,30.8349251,510</coordinates></LineString></Placemark><Placemark><name>510 m</name><styleUrl>#minor</styleUrl><ExtendedData><Data name="elevation"><value>510</value></Data></ExtendedData><LineString><tessellate>1</tessellate><altitudeMode>clampToGround</altitudeMode><coordinates>76.8815806,30.8355000,510 76.8816014,30.8354662,510 76.8825368,30.8349251,510 76.8831574,30.8348794,510 76.8834721,30.8350814,510 76.8844164,30.8351687,510 76.8850973,30.8349251,510 76.8851859,30.8346546,510 76.8850459,30.8343551,510 76.8844164,30.8344687,510 76.8829254,30.8341135,510 76.8825279,30.8334805,510 76.8819757,30.8333019,510 76.8818984,30.8323973,510 76.8811578,30.8316787,510 76.8812119,30.8314082,510 76.8820044,30.8308671,510 76.8823102,30.8303261,510 76.8818984,30.8304214,510 76.8817046,30.8303261,510 76.8816350,30.8300556,510 76.8818238,30.8297850,510 76.8815836,30.8297252,510 76.8806393,30.8299556,510 76.8790656,30.8306182,510 76.8787508,30.8305206,510 76.8784361,30.8305445,510 76.8781213,30.8307605,510 76.8778066,30.8307016,510 76.8773054,30.8311377,510 76.8762328,30.8313902,510 76.8760480,30.8316787,510 76.8752885,30.8319682,510 76.8751629,30.8316787,510 76.8752032,30.8305966,510 76.8757372,30.8303261,510 76.8755064,30.8300556,510 76.8754183,30.8295145,510 76.8755047,30.8292440,510 76.8752885,30.8290691,510 76.8748867,30.8297850,510 76.8745519,30.8300556,510 76.8744942,30.8305966,510 76.8742419,30.8308671,510 76.8741479,30.8314082,510 76.8737445,30.8316787,510 76.8731000,30.8316787,510 76.8729354,30.8314082,510 76.8722855,30.8311377,510 76.8722298,30.8308671,510 76.8725995,30.8303261,510 76.8724557,30.8300083,510 76.8721410,30.8303412,510 76.8719542,30.8305966,510 76.8720906,30.8308671,510 76.8720631,30.8314082,510 76.8725428,30.8322198,510 76.8721410,30.8322542,510 76.8720493,30.8324903,510 76.8723863,30.8327609,510 76.8723638,30.8330314,510 76.8721410,30.8332458,510 76.8718262,30.8332652,510 76.8715253,30.8327609,510 76.8708820,30.8325943,510 76.8708016,30.8324903,510 76.8710588,30.8316787,510 76.8708820,30.8312124,510 76.8705672,30.8311830,510 76.8702525,30.8313919,510 76.8696230,30.8310950,510 76.8696230,30.8317381,510 76.8693082,30.8317201,510 76.8690533,30.8319493,510 76.8694704,30.8324903,510 76.8693875,30.8327609,510 76.8690458,30.8330314,510 76.8692372,30.8333019,510 76.8692106,30.8335725,510 76.8686787,30.8340154,510 76.8680492,30.8342675,510 76.8679663,30.8341135,510 76.8674197,30.8337934,510 76.8672994,30.8335725,510 76.8673338,30.8333019,510 76.8676972,30.8327609,510 76.8675640,30.8316787,510 76.8673157,30.8314082,510 76.8676592,30.8308671,510 76.8674197,30.8306260,510 76.8671049,30.8305106,510 76.8667902,30.8306772,510 76.8661607,30.8302227,510 76.8655311,30.8310242,510 76.8652164,30.8310804,510 76.8645869,30.8308794,510 76.8640893,30.8311377,510 76.8642721,30.8313349,510 76.8645869,30.8313769,510 76.8652164,30.8318277,510 76.8658459,30.8319077,510 76.8660241,30.8322198,510 76.8658459,30.8324765,510 76.8655311,30.8326168,510 76.8648350,30.8324903,510 76.8648625,30.8327609,510 76.8653936,30.8338430,510 76.8652164,30.8342681,510 76.8649016,30.8342391,510 76.8645869,30.8339200,510 76.8642721,30.8342537,510 76.8639574,30.8342625,510 76.8636426,30.8341024,510 76.8630131,30.8348422,510 76.8625628,30.8349251,510 76.8629030,30.8351957,510 76.8633279,30.8353018,510 76.8634815,30.8355000,510</coordinates></LineString></Placemark><Placemark><name>510 m</name><styleUrl>#minor</styleUrl><ExtendedData><Data name="elevation"><value>510</value></Data></ExtendedData><LineString><tessellate>1</tessellate><altitudeMode>clampToGround</altitudeMode><coordinates>76.8617702,30.8355000,510 76.8617541,30.8354872,510 76.8614393,30.8354205,510 76.8612254,30.8351957,510 76.8611215,30.8343841,510 76.8609247,30.8341867,510</coordinates></LineString></Placemark><Placemark><name>520 m</name><styleUrl>#minor</styleUrl><ExtendedData><Data name="elevation"><value>520</value></Data></ExtendedData><LineString><tessellate>1</tessellate><altitudeMode>clampToGround</altitudeMode><coordinates>76.8809566,30.7935000,520 76.8808899,30.7935338,520 76.8808141,30.7938043,520 76.8815836,30.7937885,520 76.8818984,30.7938812,520 76.8820366,30.7940749,520 76.8819978,30.7946159,520 76.8816632,30.7948865,520 76.8815836,30.7951385,520 76.8815922,30.7956981,520 76.8812689,30.7957807,520 76.8809541,30.7957178,520 76.8808156,30.7959686,520 76.8812995,30.7967802,520 76.8808023,30.7975918,520 76.8811167,30.7978623,520 76.8809755,30.7984034,520 76.8806393,30.7988646,520 76.8803246,30.7990755,520 76.8800098,30.7991316,520 76.8796951,30.7990046,520 76.8790656,30.7992631,520 76.8787508,30.7992161,520 76.8782662,30.7994855,520 76.8781346,30.7997560,520 76.8774918,30.8001661,520 76.8771728,30.8000266,520 76.8770401,30.7989444,520 76.8773058,30.7984034,520 76.8770213,30.7965097,520 76.8772557,30.7959686,520 76.8763530,30.7956981,520 76.8765120,30.7951570,520 76.8771514,30.7948865,520 76.8770189,30.7946159,520 76.8762038,30.7943454,520 76.8764160,30.7940749,520 76.8762684,30.7935000,520</coordinates></LineString></Placemark><Placemark><name>520 m</name><styleUrl>#minor</styleUrl><ExtendedData><Data name="elevation"><value>520</value></Data></ExtendedData><LineString><tessellate>1</tessellate><altitudeMode>clampToGround</altitudeMode><coordinates>76.8641354,30.7935000,520 76.8642509,30.7935338,520 76.8639574,30.7936090,520 76.8633764,30.7940749,520 76.8636426,30.7942640,520 76.8640191,30.7943454,520 76.8642204,30.7946159,520 76.8639574,30.7949510,520 76.8635789,30.7951570,520 76.8639901,30.7954275,520 76.8649016,30.7955159,520 76.8658459,30.7958052,520 76.8661184,30.7962391,520 76.8662042,30.7970507,520 76.8664754,30.7973959,520 76.8671049,30.7975699,520 76.8680492,30.7981295,520 76.8686787,30.7981709,520 76.8689934,30.7980746,520 76.8700236,30.7970507,520 76.8701222,30.7967802,520 76.8699227,30.7962391,520 76.8711967,30.7959516,520 76.8715072,30.7956981,520 76.8714442,30.7951570,520 76.8718262,30.7950114,520 76.8719089,30.7951570,520 76.8718262,30.7955583,520 76.8715195,30.7956981,520 76.8715134,30.7967802,520 76.8713837,30.7973213,520 76.8715306,30.7978623,520 76.8714668,30.7981329,520 76.8705539,30.7989444,520 76.8704335,30.7994855,520 76.8705672,30.7996222,520 76.8711967,30.7995821,520 76.8718262,30.7998772,520 76.8724822,30.7994855,520 76.8734000,30.7983447,520 76.8737148,30.7982612,520 76.8740295,30.7983229,520 76.8742776,30.7986739,520 76.8742748,30.7992150,520 76.8741112,30.7997560,520 76.8742257,30.8000266,520 76.8754243,30.8008382,520 76.8749738,30.8011123,520 76.8748070,30.8013792,520 76.8749738,30.8015641,520 76.8756033,30.8014269,520 76.8759180,30.8014873,520 76.8765475,30.8020045,520 76.8771770,30.8021129,520 76.8779388,30.8027319,520 76.8778066,30.8030873,520 76.8774918,30.8031353,520 76.8768623,30.8029377,520 76.8765992,30.8030024,520 76.8768406,30.8032729,520 76.8766775,30.8035435,520 76.8766926,30.8038140,520 76.8765475,30.8039849,520 76.8759180,30.8041644,520 76.8754439,30.8046256,520 76.8768055,30.8051667,520 76.8769466,30.8054372,520 76.8768623,30.8057668,520 76.8759180,30.8059408,520 76.8754875,30.8062488,520 76.8759693,30.8067899,520 76.8759314,30.8070604,520 76.8761488,30.8073309,520 76.8762328,30.8073869,520 76.8765475,30.8071131,520 76.8768623,30.8066241,520 76.8774918,30.8065140,520 76.8775371,30.8070604,520 76.8778406,30.8076014,520 76.8778941,30.8078720,520 76.8776320,30.8084130,520 76.8779273,30.8089541,520 76.8774918,30.8091337,520 76.8771770,30.8091191,520 76.8766827,30.8094952,520 76.8770990,30.8097657,520 76.8770205,30.8100362,520 76.8772669,30.8103068,520 76.8772846,30.8105773,520 76.8774918,30.8106934,520 76.8778066,30.8102550,520 76.8784361,30.8100902,520 76.8785497,30.8103068,520 76.8782764,30.8105773,520 76.8781967,30.8108478,520 76.8784008,30.8111184,520 76.8780650,30.8113889,520 76.8781745,30.8116594,520 76.8779488,30.8119300,520 76.8781777,30.8122005,520 76.8781213,30.8123604,520 76.8774918,30.8130663,520 76.8768623,30.8129303,520 76.8766290,30.8124710,520 76.8765475,30.8118435,520 76.8762328,30.8115592,520 76.8756777,30.8113889,520 76.8754973,30.8111184,520 76.8753867,30.8105773,520 76.8749738,30.8100865,520 76.8743443,30.8099733,520 76.8739313,30.8092246,520 76.8727621,30.8089541,520 76.8726249,30.8086836,520 76.8727705,30.8085291,520 76.8737148,30.8085395,520 76.8743897,30.8084130,520 76.8745436,30.8081425,520 76.8743443,30.8073475,520 76.8734087,30.8070604,520 76.8727705,30.8067299,520 76.8724557,30.8063997,520 76.8718262,30.8064075,520 76.8715740,30.8065193,520 76.8711967,30.8070195,520 76.8702525,30.8067086,520 76.8700482,30.8065193,520 76.8711967,30.8060510,520 76.8715420,30.8057077,520 76.8718262,30.8050704,520 76.8724557,30.8048521,520 76.8726968,30.8046256,520 76.8727607,30.8043551,520 76.8721410,30.8035075,520 76.8711507,30.8032729,520 76.8713749,30.8030024,520 76.8713357,30.8027319,520 76.8708453,30.8024614,520 76.8705367,30.8019203,520 76.8699377,30.8018066,520 76.8696230,30.8019588,520 76.8691758,30.8027319,520 76.8688462,30.8030024,520 76.8687312,30.8035435,520 76.8680492,30.8037252,520 76.8676475,30.8043551,520 76.8674197,30.8045590,520 76.8671049,30.8045921,520 76.8667902,30.8045455,520 76.8665365,30.8043551,520 76.8660840,30.8038140,520 76.8660116,30.8032729,520 76.8658459,30.8031371,520 76.8649166,30.8030024,520 76.8637871,30.8019203,520 76.8636706,30.8016498,520 76.8652164,30.8014844,520 76.8661607,30.8015295,520 76.8665942,30.8013792,520 76.8663115,30.8011087,520 76.8657118,30.8008382,520 76.8652194,30.8002971,520 76.8656732,30.7994855,520 76.8653847,30.7984034,520 76.8639574,30.7980118,520 76.8637822,30.7973213,520 76.8633279,30.7969732,520 76.8626984,30.7967087,520 76.8617223,30.7967802,520 76.8613528,30.7959686,520 76.8610083,30.7956981,520 76.8609247,30.7951956,520</coordinates></LineString></Placemark><Placemark><name>520 m</name><styleUrl>#minor</styleUrl><ExtendedData><Data name="elevation"><value>520</value></Data></ExtendedData><LineString><tessellate>1</tessellate><altitudeMode>clampToGround</altitudeMode><coordinates>76.8609247,30.7951503,520 76.8611785,30.7948865,520 76.8611592,30.7943454,520 76.8616105,30.7940749,520 76.8615088,30.7935338,520 76.8614473,30.7935000,520</coordinates></LineString></Placemark><Placemark><name>520 m</name><styleUrl>#minor</styleUrl><ExtendedData><Data name="elevation"><value>520</value></Data></ExtendedData><LineString><tessellate>1</tessellate><altitudeMode>clampToGround</altitudeMode><coordinates>76.8781852,30.8008382,520 76.8790656,30.8006393,520 76.8793975,30.8008382,520 76.8793263,30.8011087,520 76.8790710,30.8013792,520 76.8787508,30.8014349,520 76.8780550,30.8011087,520 76.8781852,30.8008382,520</coordinates></LineString></Placemark><Placemark><name>520 m</name><styleUrl>#minor</styleUrl><ExtendedData><Data name="elevation"><value>520</value></Data></ExtendedData><LineString><tessellate>1</tessellate><altitudeMode>clampToGround</altitudeMode><coordinates>76.8784261,30.8038140,520 76.8784833,30.8043551,520 76.8789449,30.8046256,520 76.8792026,30.8051667,520 76.8790656,30.8052732,520 76.8784361,30.8053058,520 76.8781213,30.8054728,520 76.8772185,30.8051667,520 76.8770866,30.8048961,520 76.8773116,30.8046256,520 76.8784261,30.8038140,520</coordinates></LineString></Placemark><Placemark><name>520 m</name><styleUrl>#minor</styleUrl><ExtendedData><Data name="elevation"><value>520</value></Data></ExtendedData><LineString><tessellate>1</tessellate><altitudeMode>clampToGround</altitudeMode><coordinates>76.8922530,30.8067899,520 76.8926000,30.8067165,520 76.8926892,30.8067899,520 76.8926000,30.8069279,520 76.8922530,30.8067899,520</coordinates></LineString></Placemark><Placemark><name>520 m</name><styleUrl>#minor</styleUrl><ExtendedData><Data name="elevation"><value>520</value></Data></ExtendedData><LineString><tessellate>1</tessellate><altitudeMode>clampToGround</altitudeMode><coordinates>76.8922070,30.8119300,520 76.8922852,30.8117887,520 76.8926000,30.8117882,520 76.8927425,30.8119300,520 76.8922852,30.8120635,520 76.8922070,30.8119300,520</coordinates></LineString></Placemark><Placemark><name>520 m</name><styleUrl>#minor</styleUrl><ExtendedData><Data name="elevation"><value>520</value></Data></ExtendedData><LineString><tessellate>1</tessellate><altitudeMode>clampToGround</altitudeMode><coordinates>76.8609247,30.8240908,520 76.8614393,30.8245796,520 76.8623836,30.8251646,520 76.8626481,30.8249155,520 76.8622902,30.8238333,520 76.8620813,30.8235628,520 76.8620830,30.8230217,520 76.8617541,30.8227300,520 76.8609247,30.8214480,520</coordinates></LineString></Placemark><Placemark><name>520 m</name><styleUrl>#minor</styleUrl><ExtendedData><Data name="elevation"><value>520</value></Data></ExtendedData><LineString><tessellate>1</tessellate><altitudeMode>clampToGround</altitudeMode><coordinates>76.8609247,30.8177668,520 76.8611246,30.8176641,520 76.8614393,30.8176963,520 76.8622270,30.8181522,520 76.8625528,30.8192343,520 76.8632130,30.8197754,520 76.8629886,30.8203164,520 76.8630425,30.8205870,520 76.8642721,30.8210163,520 76.8645869,30.8212643,520 76.8646806,30.8216691,520 76.8644350,30.8222101,520 76.8645869,30.8225686,520 76.8652164,30.8230718,520 76.8652787,30.8238333,520 76.8671049,30.8249163,520 76.8674197,30.8246997,520 76.8677344,30.8246397,520 76.8680492,30.8248105,520 76.8683033,30.8251860,520 76.8681000,30.8257271,520 76.8689620,30.8259976,520 76.8691380,30.8265386,520 76.8693082,30.8266361,520 76.8696230,30.8265026,520 76.8702108,30.8257271,520 76.8701669,30.8254565,520 76.8699313,30.8251860,520 76.8700550,30.8243744,520 76.8699745,30.8241039,520 76.8695050,30.8238333,520 76.8696781,30.8232923,520 76.8696230,30.8231300,520 76.8689934,30.8229867,520 76.8683553,30.8230217,520 76.8681427,30.8227512,520 76.8683066,30.8224807,520 76.8682886,30.8222101,520 76.8679307,30.8219396,520 76.8678085,30.8216691,520 76.8686787,30.8215924,520 76.8696230,30.8218370,520 76.8699759,30.8216691,520 76.8703244,30.8211280,520 76.8702485,30.8200459,520 76.8711317,30.8189638,520 76.8712539,30.8186932,520 76.8711967,30.8182399,520 76.8708820,30.8179835,520 76.8705672,30.8182272,520 76.8699377,30.8177978,520 76.8696230,30.8177990,520 76.8693082,30.8180554,520 76.8686787,30.8178128,520 76.8677344,30.8178590,520 76.8676253,30.8176111,520 76.8677344,30.8173684,520 76.8683639,30.8173323,520 76.8689142,30.8170700,520 76.8691139,30.8167995,520 76.8692540,30.8162585,520 76.8690038,30.8159879,520 76.8683639,30.8160586,520 76.8682798,30.8159879,520 76.8682432,30.8154469,520 76.8685552,30.8146353,520 76.8683639,30.8144621,520 76.8677344,30.8144065,520 76.8671049,30.8141284,520 76.8655311,30.8152708,520 76.8652164,30.8152091,520 76.8649016,30.8149266,520 76.8645869,30.8148348,520 76.8633279,30.8151733,520 76.8629973,30.8143647,520 76.8631324,30.8140942,520 76.8636132,30.8138237,520 76.8637769,30.8135531,520 76.8626984,30.8131594,520 76.8625639,30.8130121,520 76.8625410,30.8127415,520 76.8627765,30.8122005,520 76.8623836,30.8114993,520 76.8620689,30.8112974,520 76.8618900,30.8105773,520 76.8617541,30.8104860,520 76.8609247,30.8104367,520</coordinates></LineString></Placemark><Placemark><name>520 m</name><styleUrl>#minor</styleUrl><ExtendedData><Data name="elevation"><value>520</value></Data></ExtendedData><LineString><tessellate>1</tessellate><altitudeMode>clampToGround</altitudeMode><coordinates>76.8609247,30.8087033,520 76.8610854,30.8089541,520 76.8620689,30.8091966,520 76.8626984,30.8089292,520 76.8633279,30.8089414,520 76.8636426,30.8087934,520 76.8638765,30.8084130,520 76.8638892,30.8081425,520 76.8637270,30.8078720,520 76.8626784,30.8070604,520 76.8628224,30.8065193,520 76.8630131,30.8063760,520 76.8633279,30.8064937,520 76.8639574,30.8071246,520 76.8645869,30.8072686,520 76.8648597,30.8076014,520 76.8651889,30.8084130,520 76.8657536,30.8092246,520 76.8658459,30.8100563,520 76.8661607,30.8102654,520 76.8667902,30.8104019,520 76.8671049,30.8106480,520 76.8674197,30.8106985,520 76.8680492,30.8104024,520 76.8684801,30.8105773,520 76.8689845,30.8119300,520 76.8686787,30.8120179,520 76.8677344,30.8119210,520 76.8675800,30.8122005,520 76.8679131,30.8127415,520 76.8682272,30.8130121,520 76.8684277,30.8135531,520 76.8692538,30.8143647,520 76.8699377,30.8141876,520 76.8702525,30.8142766,520 76.8704799,30.8146353,520 76.8706103,30.8154469,520 76.8708820,30.8155757,520 76.8718262,30.8156450,520 76.8721410,30.8153283,520 76.8721567,30.8149058,520 76.8718262,30.8145277,520 76.8717891,30.8140942,520 76.8724660,30.8138237,520 76.8724320,30.8127415,520 76.8727705,30.8123913,520 76.8734000,30.8126057,520 76.8739097,30.8130121,520 76.8741478,30.8132826,520 76.8739380,30.8135531,520 76.8740174,30.8138237,520 76.8743307,30.8140942,520 76.8752885,30.8139209,520 76.8762328,30.8140001,520 76.8765475,30.8137882,520 76.8771770,30.8141650,520 76.8776223,30.8146353,520 76.8778061,30.8151763,520 76.8771770,30.8155243,520 76.8768623,30.8160324,520 76.8765731,30.8162585,520 76.8760758,30.8176111,520 76.8760950,30.8178816,520 76.8758725,30.8181522,520 76.8762328,30.8181661,520 76.8766973,30.8178816,520 76.8768623,30.8176347,520 76.8771770,30.8176037,520 76.8775861,30.8178816,520 76.8777070,30.8181522,520 76.8775041,30.8189638,520 76.8781898,30.8192343,520 76.8778066,30.8193240,520 76.8775529,30.8192343,520 76.8774918,30.8189889,520 76.8768635,30.8192343,520 76.8765287,30.8195048,520 76.8765630,30.8197754,520 76.8769034,30.8200459,520 76.8765475,30.8205794,520 76.8763923,30.8205870,520 76.8768623,30.8208332,520 76.8771770,30.8207868,520 76.8774918,30.8205094,520 76.8781213,30.8203140,520 76.8787508,30.8206131,520 76.8789758,30.8208575,520 76.8788368,30.8211280,520 76.8797986,30.8216691,520 76.8800098,30.8231037,520 76.8809541,30.8232697,520 76.8812689,30.8230809,520 76.8815836,30.8231809,520 76.8815836,30.8233808,520 76.8813423,30.8235628,520 76.8814028,30.8241039,520 76.8811842,30.8246449,520 76.8815836,30.8246535,520 76.8818722,30.8249155,520 76.8818788,30.8251860,520 76.8815097,30.8257271,520 76.8815680,30.8259976,520 76.8812689,30.8263564,520 76.8806393,30.8264183,520 76.8796951,30.8271778,520 76.8787508,30.8275135,520 76.8781213,30.8270363,520 76.8774918,30.8268990,520 76.8765475,30.8258234,520 76.8762328,30.8256475,520 76.8758733,30.8257271,520 76.8756336,30.8259976,520 76.8756555,30.8268092,520 76.8752885,30.8270434,520 76.8746590,30.8268487,520 76.8740766,30.8273502,520 76.8749738,30.8277001,520 76.8750818,30.8278913,520 76.8750128,30.8281618,520 76.8745941,30.8284324,520 76.8743443,30.8287869,520 76.8737148,30.8291603,520 76.8734000,30.8291177,520 76.8730852,30.8285554,520 76.8727705,30.8285903,520 76.8724557,30.8290553,520 76.8720778,30.8289734,520 76.8718262,30.8287501,520 76.8723651,30.8278913,520 76.8725829,30.8270797,520 76.8721410,30.8264481,520 76.8718262,30.8264813,520 76.8719244,30.8268092,520 76.8718262,30.8271259,520 76.8715115,30.8270678,520 76.8708577,30.8273502,520 76.8709759,30.8276208,520 76.8714982,30.8278913,520 76.8708820,30.8281948,520 76.8702525,30.8281011,520 76.8700860,30.8281618,520 76.8698319,30.8287029,520 76.8699055,30.8289734,520 76.8696753,30.8292440,520 76.8697092,30.8295145,520 76.8693082,30.8296715,520 76.8689934,30.8295883,520 76.8685832,30.8297850,520 76.8687604,30.8300556,520 76.8687943,30.8303261,520 76.8686787,30.8305111,520 76.8683639,30.8305035,520 76.8678793,30.8300556,520 76.8678827,30.8297850,520 76.8681279,30.8295145,520 76.8680455,30.8289734,520 76.8681756,30.8287029,520 76.8680492,30.8286571,520 76.8676714,30.8287029,520 76.8671049,30.8290744,520 76.8662620,30.8292440,520 76.8662307,30.8295145,520 76.8658459,30.8297898,520 76.8655311,30.8303973,520 76.8653236,30.8303261,520 76.8654500,30.8297850,520 76.8652164,30.8293976,520 76.8645869,30.8299514,520 76.8641636,30.8300556,520 76.8640335,30.8303261,520 76.8641175,30.8305966,520 76.8639602,30.8308671,520 76.8633279,30.8308881,520 76.8626984,30.8313344,520 76.8615765,30.8316787,520 76.8626984,30.8320005,520 76.8630131,30.8319788,520 76.8636850,30.8316787,520 76.8642721,30.8316505,520 76.8645966,30.8319493,520 76.8640471,30.8322198,520 76.8641402,30.8327609,520 76.8637535,30.8330314,520 76.8635588,30.8335725,520 76.8630131,30.8341467,520 76.8626984,30.8342609,520 76.8623836,30.8332154,520 76.8620689,30.8333599,520 76.8617541,30.8337613,520 76.8609247,30.8336702,520</coordinates></LineString></Placemark><Placemark><name>520 m</name><styleUrl>#minor</styleUrl><ExtendedData><Data name="elevation"><value>520</value></Data></ExtendedData><LineString><tessellate>1</tessellate><altitudeMode>clampToGround</altitudeMode><coordinates>76.8803184,30.8203164,520 76.8803246,30.8205951,520</coordinates></LineString></Placemark><Placemark><name>520 m</name><styleUrl>#minor</styleUrl><ExtendedData><Data name="elevation"><value>520</value></Data></ExtendedData><LineString><tessellate>1</tessellate><altitudeMode>clampToGround</altitudeMode><coordinates>76.8809541,30.8233170,520 76.8804199,30.8238333,520 76.8802833,30.8241039,520 76.8803246,30.8244619,520 76.8811762,30.8235628,520 76.8809541,30.8233170,520</coordinates></LineString></Placemark><Placemark><name>520 m</name><styleUrl>#minor</styleUrl><ExtendedData><Data name="elevation"><value>520</value></Data></ExtendedData><LineString><tessellate>1</tessellate><altitudeMode>clampToGround</altitudeMode><coordinates>76.8793803,30.8253294,520 76.8787409,30.8262681,520 76.8787029,30.8265386,520 76.8790656,30.8268210,520 76.8793803,30.8268060,520 76.8798018,30.8259976,520 76.8798187,30.8254565,520 76.8796951,30.8253279,520 76.8793803,30.8253294,520</coordinates></LineString></Placemark><Placemark><name>520 m</name><styleUrl>#minor</styleUrl><ExtendedData><Data name="elevation"><value>520</value></Data></ExtendedData><LineString><tessellate>1</tessellate><altitudeMode>clampToGround</altitudeMode><coordinates>76.8809541,30.8252551,520 76.8808101,30.8257271,520 76.8809541,30.8258076,520 76.8810955,30.8257271,520 76.8811364,30.8254565,520 76.8809541,30.8252551,520</coordinates></LineString></Placemark><Placemark><name>520 m</name><styleUrl>#minor</styleUrl><ExtendedData><Data name="elevation"><value>520</value></Data></ExtendedData><LineString><tessellate>1</tessellate><altitudeMode>clampToGround</altitudeMode><coordinates>76.8834560,30.8265386,520 76.8836404,30.8265386,520</coordinates></LineString></Placemark><Placemark><name>520 m</name><styleUrl>#minor</styleUrl><ExtendedData><Data name="elevation"><value>520</value></Data></ExtendedData><LineString><tessellate>1</tessellate><altitudeMode>clampToGround</altitudeMode><coordinates>76.8894525,30.8300327,520 76.8893305,30.8300556,520 76.8895713,30.8300556,520 76.8894525,30.8300327,520</coordinates></LineString></Placemark><Placemark><name>520 m</name><styleUrl>#minor</styleUrl><ExtendedData><Data name="elevation"><value>520</value></Data></ExtendedData><LineString><tessellate>1</tessellate><altitudeMode>clampToGround</altitudeMode><coordinates>76.8702236,30.8303261,520 76.8702525,30.8302348,520 76.8702525,30.8304044,520 76.8702236,30.8303261,520</coordinates></LineString></Placemark><Placemark><name>520 m</name><styleUrl>#minor</styleUrl><ExtendedData><Data name="elevation"><value>520</value></Data></ExtendedData><LineString><tessellate>1</tessellate><altitudeMode>clampToGround</altitudeMode><coordinates>76.8679972,30.8314082,520 76.8680492,30.8313021,520 76.8683097,30.8314082,520 76.8679972,30.8314082,520</coordinates></LineString></Placemark><Placemark><name>520 m</name><styleUrl>#minor</styleUrl><ExtendedData><Data name="elevation"><value>520</value></Data></ExtendedData><LineString><tessellate>1</tessellate><altitudeMode>clampToGround</altitudeMode><coordinates>76.8680372,30.8322198,520 76.8683639,30.8320281,520 76.8685002,30.8322198,520 76.8683639,30.8326499,520 76.8680372,30.8322198,520</coordinates></LineString></Placemark><Placemark><name>520 m</name><styleUrl>#minor</styleUrl><ExtendedData><Data name="elevation"><value>520</value></Data></ExtendedData><LineString><tessellate>1</tessellate><altitudeMode>clampToGround</altitudeMode><coordinates>76.8873671,30.8355000,520 76.8873387,30.8354662,520 76.8873492,30.8351957,520 76.8875639,30.8348320,520 76.8881934,30.8346080,520 76.8883990,30.8343841,520 76.8885748,30.8338430,520 76.8881934,30.8337457,520 76.8878516,30.8338430,520 76.8874745,30.8327609,520 76.8872889,30.8316787,520 76.8875598,30.8308671,520 76.8871907,30.8303261,520 76.8875639,30.8300820,520 76.8881934,30.8302230,520 76.8891377,30.8299023,520 76.8891693,30.8297850,520 76.8888259,30.8295145,520 76.8878787,30.8283239,520 76.8869344,30.8276562,520 76.8863049,30.8276855,520 76.8846045,30.8270797,520 76.8841647,30.8268092,520 76.8841016,30.8265228,520 76.8837869,30.8264713,520 76.8836977,30.8262681,520 76.8841016,30.8255729,520 76.8844884,30.8254565,520 76.8851295,30.8232923,520 76.8859902,30.8222107,520 76.8863049,30.8222373,520 76.8866197,30.8225511,520 76.8869344,30.8225820,520 76.8875639,30.8222785,520 76.8878787,30.8223661,520 76.8885991,30.8222101,520 76.8889903,30.8219396,520 76.8892799,30.8219396,520 76.8901828,30.8227512,520 76.8902999,30.8232923,520 76.8907115,30.8235236,520 76.8910262,30.8231591,520 76.8911203,30.8227512,520 76.8907549,30.8219396,520 76.8908028,30.8216691,520 76.8910262,30.8215566,520 76.8919705,30.8218957,520 76.8926000,30.8212430,520 76.8929498,30.8211280,520 76.8930643,30.8205870,520 76.8937425,30.8203164,520 76.8940440,30.8200459,520 76.8936132,30.8186932,520 76.8931810,30.8184227,520 76.8930857,30.8181522,520 76.8934782,30.8162585,520 76.8938590,30.8160117,520 76.8944885,30.8161112,520 76.8950889,30.8159879,520 76.8948033,30.8158010,520 76.8946068,30.8154469,520 76.8946660,30.8146353,520 76.8953673,30.8132826,520 76.8960623,30.8128514,520 76.8964663,30.8127415,520 76.8957475,30.8126364,520 76.8951180,30.8123550,520 76.8941738,30.8122814,520 76.8935443,30.8115492,520 76.8928173,30.8111184,520 76.8932306,30.8100362,520 76.8929148,30.8096849,520 76.8926224,30.8089541,520 76.8929148,30.8086047,520 76.8933136,30.8084130,520 76.8938894,30.8067899,520 76.8934936,30.8062488,520 76.8934817,30.8059783,520 76.8938590,30.8056553,520 76.8941738,30.8057183,520 76.8944885,30.8056427,520 76.8946908,30.8051667,520 76.8944885,30.8049571,520 76.8938590,30.8048018,520 76.8936760,30.8046256,520 76.8937142,30.8043551,520 76.8941738,30.8042586,520 76.8948033,30.8045123,520 76.8951512,30.8043551,520 76.8953642,30.8040845,520 76.8952998,30.8038140,520 76.8954328,30.8037507,520 76.8957475,30.8039905,520 76.8960623,30.8039726,520 76.8966918,30.8037858,520 76.8973213,30.8032148,520 76.8979508,30.8034101,520 76.8985803,30.8031605,520 76.8992826,30.8032729,520 76.8994890,30.8030024,520 76.8988951,30.8024274,520 76.8982656,30.8023091,520 76.8976361,30.8023375,520 76.8973213,30.8022404,520 76.8969649,30.8019203,520 76.8967645,30.8013792,520 76.8967781,30.8008382,520 76.8970864,30.8005676,520 76.8973213,30.7997105,520 76.8976361,30.7995878,520 76.8979508,30.7996168,520 76.8982656,30.7997871,520 76.8992098,30.7999411,520 76.8995246,30.7992405,520 76.8998393,30.7988506,520 76.9020426,30.7974381,520 76.9025783,30.7967802,520 76.9029869,30.7958891,520 76.9042459,30.7958225,520 76.9045607,30.7963721,520 76.9048754,30.7965199,520 76.9050753,30.7963855,520</coordinates></LineString></Placemark><Placemark><name>530 m</name><styleUrl>#minor</styleUrl><ExtendedData><Data name="elevation"><value>530</value></Data></ExtendedData><LineString><tessellate>1</tessellate><altitudeMode>clampToGround</altitudeMode><coordinates>76.8804983,30.7935000,530 76.8804339,30.7935338,530 76.8802224,30.7938043,530 76.8805932,30.7940749,530 76.8815836,30.7940245,530 76.8818302,30.7943454,530 76.8817908,30.7946159,530 76.8814095,30.7948865,530 76.8812689,30.7953240,530 76.8806393,30.7955007,530 76.8803992,30.7956981,530 76.8803998,30.7959686,530 76.8808537,30.7967802,530 76.8804667,30.7975918,530 76.8808425,30.7981329,530 76.8807861,30.7984034,530 76.8803246,30.7988272,530 76.8800098,30.7988173,530 76.8796951,30.7986581,530 76.8790656,30.7986840,530 76.8787508,30.7985870,530 76.8781213,30.7990262,530 76.8777969,30.7989444,530 76.8774514,30.7973213,530 76.8773572,30.7965097,530 76.8776029,30.7959686,530 76.8774918,30.7958475,530 76.8769099,30.7956981,530 76.8767608,30.7954275,530 76.8769446,30.7951570,530 76.8776388,30.7948865,530 76.8778224,30.7946159,530 76.8767450,30.7943454,530 76.8767751,30.7940749,530 76.8765731,30.7935000,530</coordinates></LineString></Placemark><Placemark><name>530 m</name><styleUrl>#minor</styleUrl><ExtendedData><Data name="elevation"><value>530</value></Data></ExtendedData><LineString><tessellate>1</tessellate><altitudeMode>clampToGround</altitudeMode><coordinates>76.8631197,30.7935000,530 76.8634144,30.7938043,530 76.8630632,30.7940749,530 76.8630839,30.7943454,530 76.8639882,30.7946159,530 76.8630592,30.7951570,530 76.8639574,30.7955796,530 76.8649944,30.7956981,530 76.8652164,30.7959828,530 76.8658459,30.7962014,530 76.8659934,30.7970507,530 76.8664754,30.7976622,530 76.8674197,30.7978924,530 76.8680492,30.7983040,530 76.8689934,30.7983782,530 76.8695610,30.7981329,530 76.8703446,30.7970507,530 76.8703429,30.7965097,530 76.8705672,30.7963135,530 76.8711967,30.7962849,530 76.8713348,30.7967802,530 76.8711748,30.7973213,530 76.8712822,30.7978623,530 76.8711811,30.7981329,530 76.8703087,30.7989444,530 76.8700527,30.7997560,530 76.8702525,30.7999749,530 76.8708820,30.7998532,530 76.8718262,30.8001583,530 76.8721410,30.8001264,530 76.8728733,30.7997560,530 76.8730232,30.7992150,530 76.8734000,30.7986146,530 76.8737148,30.7984688,530 76.8740295,30.7986591,530 76.8738704,30.7997560,530 76.8740295,30.8001069,530 76.8747535,30.8005676,530 76.8746677,30.8008382,530 76.8740295,30.8009859,530 76.8739447,30.8011087,530 76.8743461,30.8013792,530 76.8744084,30.8016498,530 76.8732424,30.8024614,530 76.8733359,30.8027319,530 76.8743329,30.8024614,530 76.8746590,30.8020731,530 76.8752885,30.8017997,530 76.8756033,30.8018106,530 76.8759180,30.8020011,530 76.8763638,30.8024614,530 76.8763792,30.8027319,530 76.8761619,30.8030024,530 76.8762657,30.8032729,530 76.8760899,30.8035435,530 76.8756033,30.8037225,530 76.8746590,30.8044964,530 76.8742580,30.8046256,530 76.8741843,30.8048961,530 76.8743443,30.8051304,530 76.8752885,30.8051079,530 76.8759754,30.8054372,530 76.8756874,30.8057077,530 76.8747102,30.8062488,530 76.8743443,30.8069342,530 76.8740295,30.8069071,530 76.8724557,30.8061783,530 76.8718262,30.8061705,530 76.8716516,30.8059783,530 76.8721410,30.8052017,530 76.8727705,30.8047993,530 76.8729974,30.8043551,530 76.8724233,30.8035435,530 76.8718262,30.8031758,530 76.8717114,30.8027319,530 76.8710836,30.8021908,530 76.8708820,30.8017443,530 76.8699377,30.8016189,530 76.8696230,30.8017558,530 76.8686787,30.8029355,530 76.8685955,30.8032729,530 76.8677180,30.8038140,530 76.8674197,30.8042654,530 76.8671049,30.8042789,530 76.8664842,30.8038140,530 76.8662520,30.8032729,530 76.8659670,30.8030024,530 76.8652164,30.8028374,530 76.8648253,30.8024614,530 76.8643278,30.8021908,530 76.8641925,30.8019203,530 76.8645869,30.8017486,530 76.8655311,30.8016777,530 76.8667902,30.8018434,530 76.8670135,30.8016498,530 76.8671548,30.8011087,530 76.8661794,30.8008382,530 76.8658388,30.8005676,530 76.8657992,30.8000266,530 76.8662268,30.7994855,530 76.8661937,30.7992150,530 76.8655965,30.7981329,530 76.8649016,30.7980531,530 76.8644616,30.7978623,530 76.8642011,30.7975918,530 76.8639828,30.7970507,530 76.8633279,30.7966790,530 76.8626984,30.7964423,530 76.8620689,30.7964144,530 76.8618270,30.7959686,530 76.8613032,30.7954275,530 76.8615475,30.7951570,530 76.8615366,30.7946159,530 76.8622027,30.7938043,530 76.8621799,30.7935338,530 76.8621277,30.7935000,530</coordinates></LineString></Placemark><Placemark><name>530 m</name><styleUrl>#minor</styleUrl><ExtendedData><Data name="elevation"><value>530</value></Data></ExtendedData><LineString><tessellate>1</tessellate><altitudeMode>clampToGround</altitudeMode><coordinates>76.8766630,30.8024614,530 76.8768623,30.8023775,530 76.8772640,30.8024614,530 76.8771770,30.8026446,530 76.8766630,30.8024614,530</coordinates></LineString></Placemark><Placemark><name>530 m</name><styleUrl>#minor</styleUrl><ExtendedData><Data name="elevation"><value>530</value></Data></ExtendedData><LineString><tessellate>1</tessellate><altitudeMode>clampToGround</altitudeMode><coordinates>76.8780766,30.8046256,530 76.8782332,30.8048961,530 76.8778066,30.8050204,530 76.8776814,30.8048961,530 76.8780766,30.8046256,530</coordinates></LineString></Placemark><Placemark><name>530 m</name><styleUrl>#minor</styleUrl><ExtendedData><Data name="elevation"><value>530</value></Data></ExtendedData><LineString><tessellate>1</tessellate><altitudeMode>clampToGround</altitudeMode><coordinates>76.8609247,30.8090614,530 76.8611246,30.8091997,530 76.8617541,30.8093313,530 76.8620689,30.8095783,530 76.8623836,30.8095331,530 76.8626984,30.8092230,530 76.8633279,30.8093758,530 76.8639574,30.8091804,530 76.8642078,30.8081425,530 76.8636426,30.8074551,530 76.8633725,30.8073309,530 76.8636426,30.8072279,530 76.8639574,30.8074214,530 76.8645869,30.8074734,530 76.8650108,30.8084130,530 76.8655758,30.8092246,530 76.8656650,30.8100362,530 76.8658459,30.8102486,530 76.8671049,30.8108602,530 76.8674197,30.8109174,530 76.8680492,30.8106984,530 76.8683639,30.8110043,530 76.8686421,30.8116594,530 76.8683639,30.8118172,530 76.8674197,30.8117548,530 76.8672153,30.8119300,530 76.8676295,30.8127415,530 76.8680492,30.8131199,530 76.8684794,30.8140942,530 76.8677344,30.8141593,530 76.8674197,30.8139370,530 76.8667902,30.8140210,530 76.8655311,30.8149643,530 76.8652164,30.8147714,530 76.8645869,30.8146618,530 76.8636426,30.8148141,530 76.8633722,30.8143647,530 76.8635375,30.8140942,530 76.8642721,30.8137038,530 76.8644057,30.8132826,530 76.8630233,30.8130121,530 76.8629171,30.8127415,530 76.8631054,30.8122005,530 76.8626984,30.8113330,530 76.8622337,30.8108478,530 76.8620689,30.8103721,530 76.8617541,30.8102692,530 76.8611131,30.8103068,530 76.8609247,30.8101343,530</coordinates></LineString></Placemark><Placemark><name>530 m</name><styleUrl>#minor</styleUrl><ExtendedData><Data name="elevation"><value>530</value></Data></ExtendedData><LineString><tessellate>1</tessellate><altitudeMode>clampToGround</altitudeMode><coordinates>76.8632488,30.8070604,530 76.8634003,30.8070604,530 76.8633279,30.8072622,530 76.8632488,30.8070604,530</coordinates></LineString></Placemark><Placemark><name>530 m</name><styleUrl>#minor</styleUrl><ExtendedData><Data name="elevation"><value>530</value></Data></ExtendedData><LineString><tessellate>1</tessellate><altitudeMode>clampToGround</altitudeMode><coordinates>76.8748734,30.8073309,530 76.8749738,30.8071304,530 76.8752885,30.8070611,530 76.8756615,30.8076014,530 76.8755349,30.8078720,530 76.8756033,30.8080073,530 76.8759180,30.8081177,530 76.8762328,30.8079569,530 76.8768623,30.8072155,530 76.8771770,30.8071659,530 76.8775306,30.8076014,530 76.8771920,30.8086836,530 76.8765475,30.8090132,530 76.8759180,30.8089898,530 76.8757506,30.8092246,530 76.8759180,30.8095757,530 76.8762555,30.8097657,530 76.8761145,30.8100362,530 76.8765176,30.8105773,530 76.8760187,30.8108478,530 76.8768623,30.8112126,530 76.8771770,30.8111211,530 76.8775176,30.8113889,530 76.8774689,30.8122005,530 76.8771770,30.8123461,530 76.8768623,30.8121337,530 76.8767311,30.8116594,530 76.8765475,30.8114689,530 76.8761242,30.8113889,530 76.8759180,30.8112372,530 76.8758780,30.8108478,530 76.8755094,30.8103068,530 76.8749738,30.8098763,530 76.8744903,30.8097657,530 76.8742892,30.8092246,530 76.8738718,30.8089541,530 76.8740295,30.8087531,530 76.8743443,30.8086946,530 76.8747084,30.8084130,530 76.8748734,30.8073309,530</coordinates></LineString></Placemark><Placemark><name>530 m</name><styleUrl>#minor</styleUrl><ExtendedData><Data name="elevation"><value>530</value></Data></ExtendedData><LineString><tessellate>1</tessellate><altitudeMode>clampToGround</altitudeMode><coordinates>76.8959275,30.8108478,530 76.8960623,30.8107572,530 76.8961133,30.8108478,530 76.8959275,30.8108478,530</coordinates></LineString></Placemark><Placemark><name>530 m</name><styleUrl>#minor</styleUrl><ExtendedData><Data name="elevation"><value>530</value></Data></ExtendedData><LineString><tessellate>1</tessellate><altitudeMode>clampToGround</altitudeMode><coordinates>76.8609247,30.8246038,530 76.8614139,30.8249155,530 76.8617541,30.8252900,530 76.8626984,30.8255777,530 76.8633279,30.8261897,530 76.8636025,30.8259976,530 76.8633279,30.8252117,530 76.8630131,30.8249145,530 76.8628164,30.8238333,530 76.8624114,30.8232923,530 76.8624369,30.8230217,530 76.8617541,30.8222683,530 76.8615585,30.8216691,530 76.8611246,30.8211942,530 76.8609247,30.8211231,530</coordinates></LineString></Placemark><Placemark><name>530 m</name><styleUrl>#minor</styleUrl><ExtendedData><Data name="elevation"><value>530</value></Data></ExtendedData><LineString><tessellate>1</tessellate><altitudeMode>clampToGround</altitudeMode><coordinates>76.8609247,30.8185088,530 76.8610094,30.8184227,530 76.8611246,30.8180680,530 76.8614393,30.8179685,530 76.8620689,30.8182932,530 76.8624928,30.8195048,530 76.8629152,30.8197754,530 76.8627163,30.8205870,530 76.8630131,30.8208422,530 76.8639574,30.8211357,530 76.8643954,30.8213986,530 76.8642242,30.8222101,530 76.8644576,30.8227512,530 76.8649921,30.8232923,530 76.8650441,30.8238333,530 76.8652164,30.8240488,530 76.8671049,30.8252449,530 76.8676081,30.8249155,530 76.8678048,30.8249155,530 76.8680157,30.8251860,530 76.8677223,30.8257271,530 76.8678773,30.8259976,530 76.8686787,30.8261332,530 76.8687795,30.8262681,530 76.8687041,30.8265386,530 76.8693082,30.8269149,530 76.8696792,30.8268092,530 76.8703771,30.8259976,530 76.8706082,30.8254565,530 76.8703023,30.8249155,530 76.8702011,30.8241039,530 76.8698729,30.8235628,530 76.8700522,30.8230217,530 76.8699377,30.8227631,530 76.8693082,30.8227703,530 76.8686787,30.8225431,530 76.8685163,30.8219396,530 76.8686787,30.8218574,530 76.8693082,30.8220585,530 76.8696230,30.8220468,530 76.8699377,30.8218986,530 76.8704523,30.8213986,530 76.8704839,30.8200459,530 76.8713428,30.8189638,530 76.8714327,30.8184227,530 76.8711967,30.8175964,530 76.8705672,30.8178604,530 76.8699377,30.8176053,530 76.8696230,30.8176015,530 76.8693082,30.8177461,530 76.8688882,30.8176111,530 76.8696428,30.8162585,530 76.8696061,30.8159879,530 76.8693082,30.8158268,530 76.8686288,30.8157174,530 76.8685600,30.8154469,530 76.8686787,30.8151317,530 76.8689934,30.8146865,530 76.8693082,30.8146892,530 76.8699377,30.8144840,530 76.8703310,30.8149058,530 76.8702907,30.8154469,530 76.8705672,30.8158533,530 76.8711967,30.8158750,530 76.8715115,30.8160404,530 76.8718262,30.8160099,530 76.8721410,30.8157529,530 76.8725190,30.8151763,530 76.8720266,30.8143647,530 76.8721410,30.8141856,530 76.8727635,30.8138237,530 76.8727541,30.8127415,530 76.8730852,30.8126513,530 76.8737222,30.8130121,530 76.8738064,30.8132826,530 76.8736457,30.8135531,530 76.8740295,30.8141662,530 76.8743443,30.8142643,530 76.8752885,30.8140903,530 76.8757183,30.8143647,530 76.8754617,30.8149058,530 76.8759404,30.8154469,530 76.8758099,30.8157174,530 76.8752607,30.8159879,530 76.8750514,30.8162585,530 76.8750943,30.8167995,530 76.8745219,30.8170700,530 76.8742905,30.8176111,530 76.8738264,30.8178816,530 76.8736354,30.8184227,530 76.8729508,30.8186932,530 76.8731074,30.8189638,530 76.8740295,30.8192026,530 76.8744714,30.8195048,530 76.8744756,30.8197754,530 76.8737534,30.8208575,530 76.8738630,30.8211280,530 76.8734000,30.8215642,530 76.8724557,30.8214617,530 76.8722286,30.8216691,530 76.8730852,30.8221876,530 76.8737148,30.8222007,530 76.8743443,30.8224107,530 76.8749738,30.8222978,530 76.8752885,30.8224238,530 76.8753725,30.8224807,530 76.8753524,30.8235628,530 76.8752885,30.8236532,530 76.8746590,30.8237137,530 76.8745366,30.8238333,530 76.8743443,30.8240973,530 76.8743414,30.8246449,530 76.8740326,30.8249155,530 76.8737148,30.8249456,530 76.8733531,30.8257271,530 76.8727705,30.8265212,530 76.8725022,30.8259976,530 76.8721410,30.8258739,530 76.8714288,30.8262681,530 76.8712830,30.8268092,530 76.8705672,30.8269511,530 76.8702525,30.8275315,530 76.8696230,30.8277068,530 76.8694861,30.8278913,530 76.8695425,30.8281618,530 76.8693082,30.8287613,530 76.8689934,30.8287935,530 76.8683639,30.8282532,530 76.8661607,30.8289531,530 76.8658459,30.8289885,530 76.8658459,30.8286683,530 76.8655311,30.8285938,530 76.8652164,30.8286735,530 76.8649189,30.8289734,530 76.8649505,30.8292440,530 76.8642721,30.8298310,530 76.8633638,30.8297850,530 76.8634184,30.8300556,530 76.8637162,30.8303261,530 76.8636426,30.8306407,530 76.8630131,30.8306230,530 76.8620689,30.8313057,530 76.8617541,30.8314081,530 76.8612453,30.8311377,530 76.8610718,30.8308671,530 76.8609247,30.8308671,530</coordinates></LineString></Placemark><Placemark><name>530 m</name><styleUrl>#minor</styleUrl><ExtendedData><Data name="elevation"><value>530</value></Data></ExtendedData><LineString><tessellate>1</tessellate><altitudeMode>clampToGround</altitudeMode><coordinates>76.8609247,30.8319894,530 76.8610479,30.8322198,530 76.8621698,30.8322198,530 76.8616663,30.8327609,530 76.8616798,30.8333019,530 76.8609247,30.8332931,530</coordinates></LineString></Placemark><Placemark><name>530 m</name><styleUrl>#minor</styleUrl><ExtendedData><Data name="elevation"><value>530</value></Data></ExtendedData><LineString><tessellate>1</tessellate><altitudeMode>clampToGround</altitudeMode><coordinates>76.8718262,30.8215827,530 76.8717686,30.8216691,530 76.8719330,30.8216691,530 76.8718262,30.8215827,530</coordinates></LineString></Placemark><Placemark><name>530 m</name><styleUrl>#minor</styleUrl><ExtendedData><Data name="elevation"><value>530</value></Data></ExtendedData><LineString><tessellate>1</tessellate><altitudeMode>clampToGround</altitudeMode><coordinates>76.8758775,30.8219396,530 76.8760014,30.8219396,530</coordinates></LineString></Placemark><Placemark><name>530 m</name><styleUrl>#minor</styleUrl><ExtendedData><Data name="elevation"><value>530</value></Data></ExtendedData><LineString><tessellate>1</tessellate><altitudeMode>clampToGround</altitudeMode><coordinates>76.8633027,30.8322198,530 76.8636426,30.8323341,530 76.8636803,30.8324903,530 76.8632788,30.8327609,530 76.8631965,30.8333019,530 76.8630131,30.8336105,530 76.8626984,30.8333120,530 76.8626460,30.8327609,530 76.8627899,30.8324903,530 76.8633027,30.8322198,530</coordinates></LineString></Placemark><Placemark><name>530 m</name><styleUrl>#minor</styleUrl><ExtendedData><Data name="elevation"><value>530</value></Data></ExtendedData><LineString><tessellate>1</tessellate><altitudeMode>clampToGround</altitudeMode><coordinates>76.8909467,30.8355000,530 76.8908415,30.8338430,530 76.8909583,30.8335725,530 76.8916557,30.8334585,530 76.8921791,30.8330314,530 76.8922023,30.8316787,530 76.8928267,30.8311377,530 76.8932690,30.8311377,530 76.8944885,30.8315284,530 76.8948033,30.8317342,530 76.8950434,30.8314082,530 76.8946266,30.8308671,530 76.8939880,30.8303261,530 76.8941440,30.8300556,530 76.8940289,30.8297850,530 76.8935443,30.8293526,530 76.8916625,30.8287029,530 76.8903967,30.8278413,530 76.8898201,30.8276208,530 76.8896890,30.8273502,530 76.8900820,30.8268326,530 76.8907115,30.8263752,530 76.8916557,30.8260900,530 76.8922852,30.8255401,530 76.8929148,30.8261007,530 76.8935443,30.8260821,530 76.8948033,30.8263143,530 76.8954453,30.8262681,530 76.8953793,30.8259976,530 76.8945102,30.8254565,530 76.8944691,30.8251860,530 76.8941738,30.8248257,530 76.8932295,30.8241979,530 76.8930125,30.8232923,530 76.8932652,30.8224807,530 76.8935443,30.8223115,530 76.8940773,30.8222101,530 76.8939575,30.8216691,530 76.8940273,30.8211280,530 76.8941738,30.8209697,530 76.8944885,30.8209006,530 76.8954328,30.8212618,530 76.8957475,30.8212760,530 76.8956578,30.8208575,530 76.8946333,30.8195048,530 76.8949079,30.8192343,530 76.8949864,30.8189638,530 76.8948565,30.8184227,530 76.8949407,30.8176111,530 76.8951180,30.8174198,530 76.8954328,30.8174053,530 76.8963770,30.8175978,530 76.8970066,30.8176064,530 76.8971126,30.8173406,530 76.8966588,30.8167995,530 76.8966282,30.8159879,530 76.8959169,30.8149058,530 76.8960020,30.8146353,530 76.8964984,30.8146353,530 76.8976361,30.8155299,530 76.8979508,30.8157173,530 76.8982656,30.8157440,530 76.8992098,30.8156997,530 76.8997813,30.8151763,530 76.8998311,30.8149058,530 76.8992098,30.8147636,530 76.8980475,30.8138237,530 76.8978306,30.8130121,530 76.8979508,30.8128380,530 76.8983889,30.8127415,530 76.8979421,30.8124710,530 76.8982656,30.8123986,530 76.8985803,30.8125013,530 76.8988809,30.8122005,530 76.8982364,30.8113889,530 76.8984937,30.8111184,530 76.8984446,30.8108478,530 76.8987460,30.8100362,530 76.8984033,30.8094952,530 76.8984321,30.8086836,530 76.8982656,30.8084760,530 76.8976361,30.8088964,530 76.8973886,30.8086836,530 76.8974756,30.8081425,530 76.8976361,30.8080595,530 76.8979508,30.8081677,530 76.8984690,30.8078720,530 76.8986771,30.8076014,530 76.8987857,30.8062488,530 76.8992098,30.8060006,530 76.8995246,30.8059546,530 76.8998393,30.8056268,530 76.9010984,30.8056124,530 76.9014131,30.8054805,530 76.9023574,30.8057510,530 76.9032887,30.8054372,530 76.9026963,30.8043551,530 76.9017279,30.8033101,530 76.9010984,30.8027436,530 76.9007836,30.8027242,530 76.9002411,30.8024614,530 76.9010984,30.8018688,530 76.9017279,30.8018073,530 76.9020426,30.8015470,530 76.9022468,30.8016498,530 76.9023574,30.8020279,530 76.9024288,30.8016498,530 76.9029869,30.8011426,530 76.9039311,30.8005109,530 76.9045607,30.8004600,530 76.9046248,30.8002971,530 76.9043989,30.8000266,530 76.9043613,30.7997560,530 76.9045607,30.7993753,530 76.9048754,30.7993014,530 76.9050753,30.7993991,530</coordinates></LineString></Placemark><Placemark><name>540 m</name><styleUrl>#minor</styleUrl><ExtendedData><Data name="elevation"><value>540</value></Data></ExtendedData><LineString><tessellate>1</tessellate><altitudeMode>clampToGround</altitudeMode><coordinates>76.8800793,30.7935000,540 76.8800259,30.7935338,540 76.8799182,30.7938043,540 76.8800098,30.7941197,540 76.8803246,30.7942471,540 76.8815312,30.7943454,540 76.8815282,30.7946159,540 76.8809541,30.7951382,540 76.8806393,30.7952096,540 76.8799725,30.7956981,540 76.8805162,30.7967802,540 76.8804005,30.7973213,540 76.8801556,30.7975918,540 76.8802431,30.7978623,540 76.8805557,30.7981329,540 76.8805110,30.7984034,540 76.8803246,30.7985235,540 76.8796951,30.7983104,540 76.8781213,30.7980766,540 76.8778759,30.7975918,540 76.8776435,30.7965097,540 76.8777819,30.7956981,540 76.8771600,30.7954275,540 76.8773312,30.7951570,540 76.8780155,30.7948865,540 76.8781965,30.7946159,540 76.8778066,30.7944333,540 76.8771288,30.7943454,540 76.8768420,30.7935000,540</coordinates></LineString></Placemark><Placemark><name>540 m</name><styleUrl>#minor</styleUrl><ExtendedData><Data name="elevation"><value>540</value></Data></ExtendedData><LineString><tessellate>1</tessellate><altitudeMode>clampToGround</altitudeMode><coordinates>76.8621990,30.7943454,540 76.8623836,30.7942000,540 76.8626984,30.7942041,540 76.8629999,30.7946159,540 76.8626914,30.7951570,540 76.8630131,30.7956297,540 76.8647711,30.7959686,540 76.8644927,30.7965097,540 76.8645869,30.7966220,540 76.8652164,30.7968275,540 76.8655311,30.7968018,540 76.8664754,30.7979323,540 76.8674197,30.7981197,540 76.8680492,30.7984923,540 76.8689934,30.7986105,540 76.8699377,30.7981568,540 76.8702327,30.7975918,540 76.8707034,30.7970507,540 76.8708820,30.7965212,540 76.8710833,30.7967802,540 76.8709614,30.7970507,540 76.8710427,30.7978623,540 76.8700816,30.7989444,540 76.8698182,30.7997560,540 76.8698959,30.8000266,540 76.8702525,30.8002534,540 76.8708820,30.8001526,540 76.8715115,30.8003390,540 76.8721410,30.8003689,540 76.8734000,30.7998023,540 76.8737148,30.7999668,540 76.8738624,30.8002971,540 76.8741698,30.8005676,540 76.8737148,30.8006232,540 76.8735008,30.8008382,540 76.8740207,30.8016498,540 76.8734000,30.8019584,540 76.8725946,30.8019203,540 76.8728252,30.8024614,540 76.8725849,30.8027319,540 76.8726478,30.8030024,540 76.8730852,30.8032424,540 76.8737148,30.8029192,540 76.8740295,30.8028699,540 76.8743443,30.8029573,540 76.8745825,30.8027319,540 76.8746590,30.8024376,540 76.8752885,30.8020854,540 76.8756033,30.8021204,540 76.8759360,30.8024614,540 76.8760460,30.8027319,540 76.8759180,30.8032923,540 76.8752885,30.8036299,540 76.8746590,30.8041821,540 76.8743443,30.8043053,540 76.8740295,30.8042653,540 76.8737701,30.8043551,540 76.8737148,30.8044931,540 76.8737275,30.8048961,540 76.8735566,30.8051667,540 76.8736103,30.8054372,540 76.8737148,30.8055162,540 76.8746590,30.8054871,540 76.8749738,30.8053801,540 76.8750755,30.8054372,540 76.8750242,30.8057077,540 76.8740295,30.8064151,540 76.8730852,30.8063027,540 76.8721410,30.8059186,540 76.8720499,30.8057077,540 76.8722227,30.8054372,540 76.8729435,30.8048961,540 76.8733107,30.8043551,540 76.8720687,30.8027319,540 76.8714575,30.8021908,540 76.8711967,30.8013198,540 76.8696230,30.8015746,540 76.8686787,30.8026668,540 76.8683509,30.8032729,540 76.8674197,30.8038335,540 76.8671049,30.8038021,540 76.8664182,30.8030024,540 76.8655192,30.8027319,540 76.8648322,30.8021908,540 76.8651395,30.8019203,540 76.8655311,30.8018783,540 76.8664754,30.8021288,540 76.8671049,30.8020734,540 76.8673747,30.8019203,540 76.8675726,30.8011087,540 76.8671049,30.8007971,540 76.8663746,30.8005676,540 76.8663510,30.8002971,540 76.8669148,30.7997560,540 76.8665835,30.7989444,540 76.8659158,30.7981329,540 76.8655311,30.7978859,540 76.8649016,30.7978217,540 76.8645869,30.7975373,540 76.8641857,30.7967802,540 76.8636426,30.7965635,540 76.8633279,30.7963051,540 76.8623836,30.7961450,540 76.8619682,30.7951570,540 76.8621990,30.7943454,540</coordinates></LineString></Placemark><Placemark><name>540 m</name><styleUrl>#minor</styleUrl><ExtendedData><Data name="elevation"><value>540</value></Data></ExtendedData><LineString><tessellate>1</tessellate><altitudeMode>clampToGround</altitudeMode><coordinates>76.8736289,30.7989444,540 76.8737148,30.7988472,540 76.8737148,30.7990950,540 76.8736289,30.7989444,540</coordinates></LineString></Placemark><Placemark><name>540 m</name><styleUrl>#minor</styleUrl><ExtendedData><Data name="elevation"><value>540</value></Data></ExtendedData><LineString><tessellate>1</tessellate><altitudeMode>clampToGround</altitudeMode><coordinates>76.8768348,30.8076014,540 76.8771770,30.8075104,540 76.8772485,30.8076014,540 76.8772257,30.8078720,540 76.8768623,30.8082832,540 76.8766952,30.8081425,540 76.8768348,30.8076014,540</coordinates></LineString></Placemark><Placemark><name>540 m</name><styleUrl>#minor</styleUrl><ExtendedData><Data name="elevation"><value>540</value></Data></ExtendedData><LineString><tessellate>1</tessellate><altitudeMode>clampToGround</altitudeMode><coordinates>76.8645588,30.8086836,540 76.8645869,30.8085693,540 76.8649016,30.8086089,540 76.8652164,30.8090035,540 76.8655332,30.8094952,540 76.8654937,30.8100362,540 76.8656805,30.8103068,540 76.8664754,30.8106556,540 76.8671049,30.8111267,540 76.8677344,30.8110435,540 76.8679725,30.8111184,540 76.8682156,30.8113889,540 76.8680492,30.8115003,540 76.8671049,30.8115815,540 76.8669499,30.8119300,540 76.8673860,30.8127415,540 76.8679363,30.8132826,540 76.8677344,30.8138076,540 76.8674197,30.8136743,540 76.8666920,30.8138237,540 76.8661607,30.8142623,540 76.8655311,30.8145754,540 76.8645869,30.8144513,540 76.8639574,30.8144865,540 76.8638430,30.8143647,540 76.8645522,30.8138237,540 76.8648280,30.8132826,540 76.8645869,30.8130824,540 76.8636426,30.8129295,540 76.8633356,30.8127415,540 76.8634774,30.8122005,540 76.8630068,30.8111184,540 76.8623836,30.8105434,540 76.8620689,30.8100464,540 76.8614393,30.8101093,540 76.8612515,30.8100362,540 76.8609247,30.8096966,540</coordinates></LineString></Placemark><Placemark><name>540 m</name><styleUrl>#minor</styleUrl><ExtendedData><Data name="elevation"><value>540</value></Data></ExtendedData><LineString><tessellate>1</tessellate><altitudeMode>clampToGround</altitudeMode><coordinates>76.8609247,30.8094813,540 76.8614393,30.8094445,540 76.8620689,30.8100204,540 76.8626984,30.8096425,540 76.8630131,30.8096280,540 76.8636426,30.8098668,540 76.8639574,30.8098190,540 76.8643752,30.8094952,540 76.8645845,30.8089541,540 76.8645588,30.8086836,540</coordinates></LineString></Placemark><Placemark><name>540 m</name><styleUrl>#minor</styleUrl><ExtendedData><Data name="elevation"><value>540</value></Data></ExtendedData><LineString><tessellate>1</tessellate><altitudeMode>clampToGround</altitudeMode><coordinates>76.8747943,30.8086836,540 76.8749738,30.8084223,540 76.8753460,30.8086836,540 76.8752885,30.8096417,540 76.8749738,30.8096063,540 76.8746026,30.8092246,540 76.8745561,30.8089541,540 76.8747943,30.8086836,540</coordinates></LineString></Placemark><Placemark><name>540 m</name><styleUrl>#minor</styleUrl><ExtendedData><Data name="elevation"><value>540</value></Data></ExtendedData><LineString><tessellate>1</tessellate><altitudeMode>clampToGround</altitudeMode><coordinates>76.8730838,30.8130121,540 76.8734588,30.8130121,540 76.8734000,30.8134875,540 76.8730852,30.8134314,540 76.8730838,30.8130121,540</coordinates></LineString></Placemark><Placemark><name>540 m</name><styleUrl>#minor</styleUrl><ExtendedData><Data name="elevation"><value>540</value></Data></ExtendedData><LineString><tessellate>1</tessellate><altitudeMode>clampToGround</altitudeMode><coordinates>76.8730704,30.8138237,540 76.8734000,30.8136469,540 76.8737062,30.8140942,540 76.8743443,30.8144683,540 76.8750245,30.8143647,540 76.8750542,30.8146353,540 76.8747125,30.8149058,540 76.8750624,30.8154469,540 76.8746590,30.8163155,540 76.8744134,30.8165290,540 76.8739347,30.8165290,540 76.8738355,30.8167995,540 76.8738973,30.8173406,540 76.8727705,30.8177564,540 76.8724557,30.8176288,540 76.8722761,30.8178816,540 76.8723655,30.8181522,540 76.8721847,30.8186932,540 76.8728790,30.8192343,540 76.8732286,30.8197754,540 76.8733187,30.8205870,540 76.8730852,30.8211415,540 76.8729249,30.8208575,540 76.8721410,30.8207265,540 76.8718262,30.8205108,540 76.8711967,30.8203993,540 76.8708820,30.8204482,540 76.8709759,30.8197754,540 76.8717112,30.8186932,540 76.8714331,30.8173406,540 76.8711967,30.8171514,540 76.8705672,30.8175568,540 76.8702525,30.8175275,540 76.8695924,30.8173406,540 76.8695483,30.8170700,540 76.8700929,30.8159879,540 76.8702525,30.8159297,540 76.8715115,30.8162893,540 76.8718262,30.8162506,540 76.8721410,30.8160495,540 76.8727893,30.8151763,540 76.8723767,30.8143647,540 76.8730704,30.8138237,540</coordinates></LineString></Placemark><Placemark><name>540 m</name><styleUrl>#minor</styleUrl><ExtendedData><Data name="elevation"><value>540</value></Data></ExtendedData><LineString><tessellate>1</tessellate><altitudeMode>clampToGround</altitudeMode><coordinates>76.8694789,30.8149058,540 76.8699377,30.8148340,540 76.8700170,30.8149058,540 76.8701113,30.8151763,540 76.8699377,30.8158723,540 76.8689737,30.8154469,540 76.8689934,30.8151762,540 76.8694789,30.8149058,540</coordinates></LineString></Placemark><Placemark><name>540 m</name><styleUrl>#minor</styleUrl><ExtendedData><Data name="elevation"><value>540</value></Data></ExtendedData><LineString><tessellate>1</tessellate><altitudeMode>clampToGround</altitudeMode><coordinates>76.8609247,30.8251107,540 76.8610660,30.8251860,540 76.8614157,30.8257271,540 76.8623836,30.8256448,540 76.8626984,30.8259080,540 76.8628180,30.8262681,540 76.8630131,30.8264074,540 76.8640798,30.8265386,540 76.8642301,30.8262681,540 76.8638584,30.8257271,540 76.8637531,30.8251860,540 76.8632977,30.8246449,540 76.8631812,30.8238333,540 76.8628436,30.8232923,540 76.8627017,30.8227512,540 76.8620689,30.8222018,540 76.8618808,30.8216691,540 76.8614066,30.8211280,540 76.8609247,30.8208808,540</coordinates></LineString></Placemark><Placemark><name>540 m</name><styleUrl>#minor</styleUrl><ExtendedData><Data name="elevation"><value>540</value></Data></ExtendedData><LineString><tessellate>1</tessellate><altitudeMode>clampToGround</altitudeMode><coordinates>76.8609247,30.8190416,540 76.8614393,30.8185042,540 76.8617541,30.8184597,540 76.8620532,30.8186932,540 76.8622694,30.8195048,540 76.8625880,30.8197754,540 76.8626984,30.8200318,540 76.8625460,30.8205870,540 76.8626984,30.8208502,540 76.8640643,30.8213986,540 76.8639609,30.8222101,540 76.8641868,30.8227512,540 76.8646801,30.8232923,540 76.8650121,30.8241039,540 76.8667902,30.8253875,540 76.8674197,30.8256489,540 76.8674820,30.8259976,540 76.8677344,30.8261960,540 76.8681927,30.8262681,540 76.8684304,30.8268092,540 76.8693082,30.8271714,540 76.8696230,30.8272129,540 76.8699377,30.8269760,540 76.8700520,30.8270797,540 76.8698297,30.8273502,540 76.8693082,30.8275622,540 76.8689934,30.8282873,540 76.8683639,30.8279786,540 76.8680492,30.8280071,540 76.8674197,30.8281368,540 76.8670121,30.8284324,540 76.8664754,30.8285754,540 76.8661607,30.8285011,540 76.8658459,30.8281834,540 76.8646504,30.8287029,540 76.8646946,30.8292440,540 76.8642721,30.8296329,540 76.8639574,30.8296387,540 76.8630131,30.8293334,540 76.8629964,30.8297850,540 76.8633823,30.8303261,540 76.8624575,30.8305966,540 76.8617929,30.8311377,540 76.8616935,30.8308671,540 76.8613329,30.8305966,540 76.8609247,30.8305747,540</coordinates></LineString></Placemark><Placemark><name>540 m</name><styleUrl>#minor</styleUrl><ExtendedData><Data name="elevation"><value>540</value></Data></ExtendedData><LineString><tessellate>1</tessellate><altitudeMode>clampToGround</altitudeMode><coordinates>76.8708279,30.8208575,540 76.8708820,30.8206353,540 76.8712836,30.8211280,540 76.8708820,30.8212717,540 76.8708279,30.8208575,540</coordinates></LineString></Placemark><Placemark><name>540 m</name><styleUrl>#minor</styleUrl><ExtendedData><Data name="elevation"><value>540</value></Data></ExtendedData><LineString><tessellate>1</tessellate><altitudeMode>clampToGround</altitudeMode><coordinates>76.8697428,30.8222101,540 76.8702525,30.8219619,540 76.8705672,30.8219944,540 76.8708820,30.8224735,540 76.8715115,30.8226199,540 76.8718262,30.8222949,540 76.8721410,30.8221653,540 76.8722947,30.8224807,540 76.8721829,30.8227512,540 76.8724583,30.8230217,540 76.8722789,30.8235628,540 76.8724557,30.8239148,540 76.8730852,30.8237738,540 76.8732811,30.8241039,540 76.8732049,30.8249155,540 76.8730852,30.8250350,540 76.8724541,30.8254565,540 76.8711967,30.8260172,540 76.8708820,30.8264286,540 76.8705672,30.8265454,540 76.8704963,30.8262681,540 76.8707376,30.8259976,540 76.8708840,30.8251860,540 76.8704849,30.8246449,540 76.8701391,30.8232923,540 76.8704918,30.8227512,540 76.8699283,30.8224807,540 76.8697428,30.8222101,540</coordinates></LineString></Placemark><Placemark><name>540 m</name><styleUrl>#minor</styleUrl><ExtendedData><Data name="elevation"><value>540</value></Data></ExtendedData><LineString><tessellate>1</tessellate><altitudeMode>clampToGround</altitudeMode><coordinates>76.8964011,30.8355000,540 76.8964085,30.8351957,540 76.8960623,30.8349348,540 76.8954328,30.8348291,540 76.8952342,30.8346546,540 76.8949979,30.8343841,540 76.8948323,30.8335725,540 76.8951180,30.8333028,540 76.8957475,30.8334760,540 76.8963770,30.8340713,540 76.8968871,30.8343841,540 76.8976361,30.8345102,540 76.8985803,30.8351793,540 76.8992098,30.8354398,540 76.8993360,30.8351957,540 76.8990142,30.8349251,540 76.8988865,30.8346546,540 76.8992617,30.8338430,540 76.8992586,30.8335725,540 76.8979508,30.8318848,540 76.8973213,30.8316232,540 76.8970810,30.8314082,540 76.8969451,30.8311377,540 76.8970066,30.8308910,540 76.8973149,30.8305966,540 76.8963770,30.8300914,540 76.8961427,30.8297850,540 76.8959825,30.8292440,540 76.8950337,30.8287029,540 76.8948512,30.8281618,540 76.8950402,30.8276208,540 76.8957475,30.8270666,540 76.8960623,30.8270596,540 76.8966918,30.8273039,540 76.8973213,30.8272832,540 76.8979508,30.8277780,540 76.8985803,30.8276849,540 76.8988951,30.8274509,540 76.8998976,30.8273502,540 76.8997159,30.8268092,540 76.8995246,30.8266939,540 76.8988951,30.8268454,540 76.8970215,30.8254565,540 76.8968297,30.8251860,540 76.8960623,30.8250038,540 76.8954328,30.8250114,540 76.8951180,30.8249112,540 76.8948033,30.8245922,540 76.8945737,30.8238333,540 76.8948033,30.8235635,540 76.8951180,30.8235259,540 76.8954823,30.8232923,540 76.8951180,30.8227579,540 76.8949321,30.8222101,540 76.8951180,30.8219749,540 76.8954328,30.8219275,540 76.8957475,30.8220314,540 76.8976361,30.8229740,540 76.8982656,30.8228758,540 76.8992098,30.8230904,540 76.8995194,30.8227512,540 76.8985803,30.8223778,540 76.8979508,30.8218141,540 76.8973213,30.8218472,540 76.8970066,30.8216979,540 76.8962011,30.8208575,540 76.8959783,30.8203164,540 76.8956823,30.8200459,540 76.8957170,30.8197754,540 76.8960829,30.8195048,540 76.8958761,30.8186932,540 76.8960623,30.8184490,540 76.8963770,30.8184204,540 76.8970066,30.8184728,540 76.8976361,30.8187027,540 76.8982656,30.8186884,540 76.8998393,30.8189580,540 76.9000560,30.8186932,540 76.8992098,30.8176938,540 76.8976361,30.8172345,540 76.8973067,30.8167995,540 76.8976592,30.8162585,540 76.8988951,30.8161391,540 76.9004689,30.8164093,540 76.9010984,30.8168959,540 76.9017279,30.8168094,540 76.9023574,30.8169924,540 76.9025205,30.8167995,540 76.9023574,30.8164494,540 76.9014131,30.8155049,540 76.9010984,30.8154051,540 76.9002402,30.8146353,540 76.8992098,30.8142766,540 76.8986329,30.8138237,540 76.8984723,30.8135531,540 76.8990280,30.8132826,540 76.8998393,30.8119457,540 76.9001541,30.8116167,540 76.9008641,30.8116594,540 76.9005449,30.8108478,540 76.9005997,30.8105773,540 76.9007595,30.8103068,540 76.9010984,30.8100669,540 76.9019899,30.8097657,540 76.9016822,30.8092246,540 76.9020426,30.8086168,540 76.9026721,30.8083345,540 76.9033016,30.8083022,540 76.9037555,30.8086836,540 76.9039311,30.8091058,540 76.9042459,30.8093219,540 76.9048754,30.8095892,540 76.9050753,30.8095364,540</coordinates></LineString></Placemark><Placemark><name>540 m</name><styleUrl>#minor</styleUrl><ExtendedData><Data name="elevation"><value>540</value></Data></ExtendedData><LineString><tessellate>1</tessellate><altitudeMode>clampToGround</altitudeMode><coordinates>76.9050753,30.8067963,540 76.9044382,30.8051667,540 76.9050753,30.8047776,540</coordinates></LineString></Placemark><Placemark><name>550 m</name><styleUrl>#major</styleUrl><ExtendedData><Data name="elevation"><value>550</value></Data></ExtendedData><LineString><tessellate>1</tessellate><altitudeMode>clampToGround</altitudeMode><coordinates>76.8797990,30.7935000,550 76.8797524,30.7935338,550 76.8797077,30.7940749,550 76.8800098,30.7943961,550 76.8809541,30.7944802,550 76.8812359,30.7946159,550 76.8809541,30.7948925,550 76.8800687,30.7951570,550 76.8797511,30.7954275,550 76.8796662,30.7956981,550 76.8802088,30.7965097,550 76.8802744,30.7970507,550 76.8798364,30.7975918,550 76.8797573,30.7978623,550 76.8793803,30.7979594,550 76.8787508,30.7975933,550 76.8784361,30.7975497,550 76.8782423,30.7973213,550 76.8779061,30.7965097,550 76.8778888,30.7962391,550 76.8781235,30.7956981,550 76.8776297,30.7954275,550 76.8777013,30.7951570,550 76.8783107,30.7948865,550 76.8784934,30.7946159,550 76.8781213,30.7942988,550 76.8774918,30.7942316,550 76.8770504,30.7935338,550 76.8770466,30.7935000,550</coordinates></LineString></Placemark><Placemark><name>550 m</name><styleUrl>#major</styleUrl><ExtendedData><Data name="elevation"><value>550</value></Data></ExtendedData><LineString><tessellate>1</tessellate><altitudeMode>clampToGround</altitudeMode><coordinates>76.8649292,30.7973213,550 76.8655311,30.7972419,550 76.8658244,30.7975918,550 76.8652164,30.7976587,550 76.8649292,30.7973213,550</coordinates></LineString></Placemark><Placemark><name>550 m</name><styleUrl>#major</styleUrl><ExtendedData><Data name="elevation"><value>550</value></Data></ExtendedData><LineString><tessellate>1</tessellate><altitudeMode>clampToGround</altitudeMode><coordinates>76.8666639,30.7984034,550 76.8671049,30.7982949,550 76.8680492,30.7986988,550 76.8689934,30.7988610,550 76.8696230,30.7985954,550 76.8699377,30.7986527,550 76.8696387,30.7997560,550 76.8699377,30.8004614,550 76.8702525,30.8006090,550 76.8705672,30.8004777,550 76.8721410,30.8005630,550 76.8730852,30.8003708,550 76.8735439,30.8013792,550 76.8734712,30.8016498,550 76.8723628,30.8016498,550 76.8722533,30.8019203,550 76.8723647,30.8024614,550 76.8721410,30.8024741,550 76.8715957,30.8019203,550 76.8715111,30.8013792,550 76.8711967,30.8010359,550 76.8708820,30.8010388,550 76.8705672,30.8012330,550 76.8699377,30.8012897,550 76.8696230,30.8014155,550 76.8686787,30.8023955,550 76.8680802,30.8032729,550 76.8674197,30.8035371,550 76.8667902,30.8029809,550 76.8657388,30.8024614,550 76.8658459,30.8021757,550 76.8664754,30.8023576,550 76.8674197,30.8022491,550 76.8679342,30.8016498,550 76.8678845,30.8011087,550 76.8670389,30.8005676,550 76.8670236,30.8002971,550 76.8675512,30.8000266,550 76.8666639,30.7984034,550</coordinates></LineString></Placemark><Placemark><name>550 m</name><styleUrl>#major</styleUrl><ExtendedData><Data name="elevation"><value>550</value></Data></ExtendedData><LineString><tessellate>1</tessellate><altitudeMode>clampToGround</altitudeMode><coordinates>76.8754730,30.8027319,550 76.8756033,30.8027208,550 76.8756426,30.8030024,550 76.8755174,30.8032729,550 76.8746590,30.8038257,550 76.8741493,30.8038140,550 76.8752885,30.8027455,550 76.8754730,30.8027319,550</coordinates></LineString></Placemark><Placemark><name>550 m</name><styleUrl>#major</styleUrl><ExtendedData><Data name="elevation"><value>550</value></Data></ExtendedData><LineString><tessellate>1</tessellate><altitudeMode>clampToGround</altitudeMode><coordinates>76.8732777,30.8035435,550 76.8737148,30.8034178,550 76.8739465,30.8035435,550 76.8740005,30.8038140,550 76.8737148,30.8039780,550 76.8734000,30.8039741,550 76.8732476,30.8038140,550 76.8732777,30.8035435,550</coordinates></LineString></Placemark><Placemark><name>550 m</name><styleUrl>#major</styleUrl><ExtendedData><Data name="elevation"><value>550</value></Data></ExtendedData><LineString><tessellate>1</tessellate><altitudeMode>clampToGround</altitudeMode><coordinates>76.8724923,30.8054372,550 76.8727705,30.8052623,550 76.8730852,30.8052256,550 76.8734000,30.8056976,550 76.8739471,30.8059783,550 76.8730852,30.8060674,550 76.8723763,30.8057077,550 76.8724923,30.8054372,550</coordinates></LineString></Placemark><Placemark><name>550 m</name><styleUrl>#major</styleUrl><ExtendedData><Data name="elevation"><value>550</value></Data></ExtendedData><LineString><tessellate>1</tessellate><altitudeMode>clampToGround</altitudeMode><coordinates>76.8648989,30.8094952,550 76.8652164,30.8094699,550 76.8652888,30.8100362,550 76.8654432,30.8103068,550 76.8665244,30.8108478,550 76.8667427,30.8111184,550 76.8668854,30.8113889,550 76.8667255,30.8119300,550 76.8671097,30.8124710,550 76.8671593,30.8127415,550 76.8676853,30.8132826,550 76.8664754,30.8136547,550 76.8660138,30.8140942,550 76.8655311,30.8143131,550 76.8648977,30.8140942,550 76.8648974,30.8138237,550 76.8651545,30.8132826,550 76.8649869,30.8130121,550 76.8638421,30.8127415,550 76.8638670,30.8119300,550 76.8632239,30.8108478,550 76.8625825,30.8103068,550 76.8626605,30.8100362,550 76.8630131,30.8099727,550 76.8636426,30.8104456,550 76.8639574,30.8103981,550 76.8648989,30.8094952,550</coordinates></LineString></Placemark><Placemark><name>550 m</name><styleUrl>#major</styleUrl><ExtendedData><Data name="elevation"><value>550</value></Data></ExtendedData><LineString><tessellate>1</tessellate><altitudeMode>clampToGround</altitudeMode><coordinates>76.8732300,30.8140942,550 76.8734000,30.8140676,550 76.8741734,30.8146353,550 76.8743443,30.8150495,550 76.8747484,30.8154469,550 76.8747615,30.8157174,550 76.8743443,30.8161907,550 76.8740295,30.8161425,550 76.8736699,30.8162585,550 76.8735244,30.8165290,550 76.8735081,30.8170700,550 76.8727705,30.8174475,550 76.8724557,30.8173166,550 76.8718262,30.8173070,550 76.8711967,30.8168545,550 76.8708820,30.8169568,550 76.8705672,30.8172934,550 76.8702525,30.8173232,550 76.8699377,30.8171936,550 76.8698157,30.8170700,550 76.8698474,30.8167995,550 76.8702525,30.8163316,550 76.8708820,30.8162786,550 76.8715115,30.8164803,550 76.8721860,30.8162585,550 76.8728812,30.8154469,550 76.8729914,30.8151763,550 76.8727509,30.8146353,550 76.8728031,30.8143647,550 76.8732300,30.8140942,550</coordinates></LineString></Placemark><Placemark><name>550 m</name><styleUrl>#major</styleUrl><ExtendedData><Data name="elevation"><value>550</value></Data></ExtendedData><LineString><tessellate>1</tessellate><altitudeMode>clampToGround</altitudeMode><coordinates>76.8695935,30.8151763,550 76.8697139,30.8151763,550 76.8696230,30.8152460,550 76.8695935,30.8151763,550</coordinates></LineString></Placemark><Placemark><name>550 m</name><styleUrl>#major</styleUrl><ExtendedData><Data name="elevation"><value>550</value></Data></ExtendedData><LineString><tessellate>1</tessellate><altitudeMode>clampToGround</altitudeMode><coordinates>76.8717203,30.8195048,550 76.8718262,30.8193074,550 76.8720835,30.8195048,550 76.8718262,30.8197758,550 76.8717203,30.8195048,550</coordinates></LineString></Placemark><Placemark><name>550 m</name><styleUrl>#major</styleUrl><ExtendedData><Data name="elevation"><value>550</value></Data></ExtendedData><LineString><tessellate>1</tessellate><altitudeMode>clampToGround</altitudeMode><coordinates>76.8720067,30.8200459,550 76.8721410,30.8198837,550 76.8723989,30.8200459,550 76.8725242,30.8203164,550 76.8721410,30.8202373,550 76.8720067,30.8200459,550</coordinates></LineString></Placemark><Placemark><name>550 m</name><styleUrl>#major</styleUrl><ExtendedData><Data name="elevation"><value>550</value></Data></ExtendedData><LineString><tessellate>1</tessellate><altitudeMode>clampToGround</altitudeMode><coordinates>76.8707607,30.8230217,550 76.8715115,30.8229961,550 76.8719571,30.8232923,550 76.8714592,30.8238333,550 76.8719576,30.8241039,550 76.8718143,30.8251860,550 76.8715115,30.8255400,550 76.8712087,30.8254565,550 76.8711933,30.8251860,550 76.8707406,30.8246449,550 76.8703818,30.8232923,550 76.8707607,30.8230217,550</coordinates></LineString></Placemark><Placemark><name>550 m</name><styleUrl>#major</styleUrl><ExtendedData><Data name="elevation"><value>550</value></Data></ExtendedData><LineString><tessellate>1</tessellate><altitudeMode>clampToGround</altitudeMode><coordinates>76.8609247,30.8261582,550 76.8611246,30.8261968,550 76.8620689,30.8258396,550 76.8624753,30.8259976,550 76.8625041,30.8265386,550 76.8626984,30.8267056,550 76.8633279,30.8266757,550 76.8639574,30.8267830,550 76.8642721,30.8267288,550 76.8645526,30.8265386,550 76.8646625,30.8262681,550 76.8641964,30.8257271,550 76.8639932,30.8249155,550 76.8636426,30.8243716,550 76.8632102,30.8227512,550 76.8625907,30.8222101,550 76.8617541,30.8211947,550 76.8609265,30.8205870,550 76.8611246,30.8193155,550 76.8614393,30.8189861,550 76.8617541,30.8188619,550 76.8625182,30.8200459,550 76.8623845,30.8205870,550 76.8625192,30.8208575,550 76.8628760,30.8211280,550 76.8636925,30.8213986,550 76.8637148,30.8222101,550 76.8638826,30.8227512,550 76.8645869,30.8234972,550 76.8647849,30.8241039,550 76.8656692,30.8249155,550 76.8670677,30.8257271,550 76.8674197,30.8262428,550 76.8680092,30.8265386,550 76.8683639,30.8270455,550 76.8690543,30.8273502,550 76.8686787,30.8278493,550 76.8683639,30.8277653,550 76.8671049,30.8279238,550 76.8667902,30.8282232,550 76.8664754,30.8283085,550 76.8661607,30.8277842,550 76.8658459,30.8276268,550 76.8652768,30.8281618,550 76.8645869,30.8282888,550 76.8644076,30.8284324,550 76.8642165,30.8287029,550 76.8644341,30.8289734,550 76.8644144,30.8292440,550 76.8642721,30.8293921,550 76.8639574,30.8294549,550 76.8630131,30.8290064,550 76.8626984,30.8290951,550 76.8626153,30.8292440,550 76.8628631,30.8300556,550 76.8626799,30.8303261,550 76.8620689,30.8305486,550 76.8617541,30.8305378,550 76.8614393,30.8304170,550 76.8609247,30.8303863,550</coordinates></LineString></Placemark><Placemark><name>550 m</name><styleUrl>#major</styleUrl><ExtendedData><Data name="elevation"><value>550</value></Data></ExtendedData><LineString><tessellate>1</tessellate><altitudeMode>clampToGround</altitudeMode><coordinates>76.9025687,30.8355000,550 76.9020426,30.8348921,550 76.9007859,30.8341135,550 76.9003480,30.8335725,550 76.8999732,30.8327609,550 76.8999753,30.8324903,550 76.9001541,30.8323137,550 76.9007836,30.8322039,550 76.9009699,30.8319493,550 76.9009026,30.8316787,550 76.9007836,30.8315259,550 76.9001541,30.8315792,550 76.8992098,30.8309920,550 76.8984164,30.8308671,550 76.8982813,30.8305966,550 76.8978552,30.8303261,550 76.8984834,30.8295145,550 76.8983803,30.8292440,550 76.8986071,30.8287029,550 76.8992098,30.8281329,550 76.9004689,30.8280753,550 76.9018076,30.8284324,550 76.9026721,30.8285154,550 76.9029589,30.8284324,550 76.9029552,30.8281618,550 76.9032651,30.8278913,550 76.9014131,30.8271680,550 76.9007836,30.8266706,550 76.9003257,30.8265386,550 76.8998393,30.8260672,550 76.8995246,30.8259712,550 76.8988951,30.8261413,550 76.8981273,30.8246449,550 76.8980892,30.8241039,550 76.8982656,30.8235477,550 76.8995246,30.8239438,550 76.8998393,30.8239508,550 76.9000034,30.8235628,550 76.9004689,30.8231959,550 76.9010984,30.8229036,550 76.9017279,30.8228833,550 76.9019726,30.8227512,550 76.9015821,30.8224807,550 76.9010984,30.8223326,550 76.9001541,30.8223624,550 76.8988951,30.8220380,550 76.8985803,30.8213648,550 76.8979508,30.8208444,550 76.8973213,30.8214141,550 76.8967761,30.8205870,550 76.8968057,30.8203164,550 76.8971488,30.8197754,550 76.8971805,30.8192343,550 76.8976361,30.8191946,550 76.8979508,30.8192691,550 76.8980921,30.8200459,550 76.8982656,30.8201871,550 76.8992098,30.8197821,550 76.8995246,30.8200026,550 76.8995789,30.8203164,550 76.9007836,30.8211144,550 76.9017279,30.8212284,550 76.9023574,30.8210603,550 76.9024891,30.8208575,550 76.9014131,30.8202478,550 76.9006760,30.8195048,550 76.9006043,30.8186932,550 76.9007039,30.8184227,550 76.8999641,30.8178816,550 76.8992201,30.8170700,550 76.8995246,30.8169741,550 76.9001541,30.8168836,550 76.9004689,30.8169787,550 76.9007836,30.8173099,550 76.9010984,30.8174495,550 76.9017279,30.8174337,550 76.9029869,30.8176511,550 76.9036164,30.8179543,550 76.9042459,30.8184276,550 76.9045607,30.8182830,550 76.9043013,30.8173406,550 76.9044157,30.8167995,550 76.9033016,30.8167813,550 76.9029869,30.8166201,550 76.9021426,30.8157174,550 76.9020152,30.8154469,550 76.9020426,30.8151088,550 76.9010984,30.8149560,550 76.9009721,30.8146353,550 76.9007836,30.8145280,550 76.8995140,30.8140942,550 76.8996911,30.8132826,550 76.9001541,30.8124304,550 76.9007836,30.8122976,550 76.9014131,30.8124630,550 76.9020426,30.8127881,550 76.9024167,30.8127415,550 76.9020426,30.8122057,550 76.9016741,30.8119300,550 76.9014653,30.8113889,550 76.9017279,30.8111738,550 76.9026721,30.8112317,550 76.9029869,30.8106691,550 76.9033016,30.8104323,550 76.9036164,30.8103700,550 76.9050753,30.8118754,550</coordinates></LineString></Placemark><Placemark><name>560 m</name><styleUrl>#minor</styleUrl><ExtendedData><Data name="elevation"><value>560</value></Data></ExtendedData><LineString><tessellate>1</tessellate><altitudeMode>clampToGround</altitudeMode><coordinates>76.8795592,30.7935000,560 76.8795205,30.7935338,560 76.8795285,30.7940749,560 76.8796951,30.7943672,560 76.8800098,30.7946008,560 76.8802216,30.7946159,560 76.8794952,30.7954275,560 76.8794904,30.7956981,560 76.8800570,30.7965097,560 76.8801081,30.7967802,560 76.8800098,30.7970580,560 76.8793803,30.7974310,560 76.8785382,30.7970507,560 76.8781334,30.7962391,560 76.8783359,30.7956981,560 76.8780752,30.7954275,560 76.8780573,30.7951570,560 76.8786299,30.7948865,560 76.8788068,30.7946159,560 76.8781213,30.7941195,560 76.8777250,30.7940749,560 76.8773902,30.7935000,560</coordinates></LineString></Placemark><Placemark><name>560 m</name><styleUrl>#minor</styleUrl><ExtendedData><Data name="elevation"><value>560</value></Data></ExtendedData><LineString><tessellate>1</tessellate><altitudeMode>clampToGround</altitudeMode><coordinates>76.8675314,30.7989444,560 76.8680492,30.7989029,560 76.8694958,30.7992150,560 76.8694957,30.8000266,560 76.8699905,30.8008382,560 76.8699999,30.8011087,560 76.8696230,30.8012669,560 76.8688060,30.8019203,560 76.8681252,30.8030024,560 76.8677344,30.8033076,560 76.8674197,30.8032645,560 76.8667817,30.8027319,560 76.8674962,30.8024614,560 76.8686765,30.8016498,560 76.8676252,30.8005676,560 76.8679823,30.8002971,560 76.8679403,30.8000266,560 76.8675003,30.7994855,560 76.8675314,30.7989444,560</coordinates></LineString></Placemark><Placemark><name>560 m</name><styleUrl>#minor</styleUrl><ExtendedData><Data name="elevation"><value>560</value></Data></ExtendedData><LineString><tessellate>1</tessellate><altitudeMode>clampToGround</altitudeMode><coordinates>76.8716531,30.8008382,560 76.8727705,30.8006836,560 76.8732069,30.8013792,560 76.8730852,30.8014561,560 76.8724557,30.8013883,560 76.8718262,30.8015456,560 76.8716152,30.8011087,560 76.8716531,30.8008382,560</coordinates></LineString></Placemark><Placemark><name>560 m</name><styleUrl>#minor</styleUrl><ExtendedData><Data name="elevation"><value>560</value></Data></ExtendedData><LineString><tessellate>1</tessellate><altitudeMode>clampToGround</altitudeMode><coordinates>76.8645806,30.8103068,560 76.8649016,30.8101727,560 76.8664754,30.8110953,560 76.8665436,30.8119300,560 76.8670968,30.8130121,560 76.8670340,30.8132826,560 76.8661664,30.8135531,560 76.8658459,30.8138652,560 76.8655311,30.8139822,560 76.8653966,30.8138237,560 76.8655206,30.8132826,560 76.8654052,30.8130121,560 76.8643815,30.8124710,560 76.8644556,30.8122005,560 76.8636395,30.8111184,560 76.8636426,30.8108376,560 76.8642721,30.8106721,560 76.8645806,30.8103068,560</coordinates></LineString></Placemark><Placemark><name>560 m</name><styleUrl>#minor</styleUrl><ExtendedData><Data name="elevation"><value>560</value></Data></ExtendedData><LineString><tessellate>1</tessellate><altitudeMode>clampToGround</altitudeMode><coordinates>76.8732707,30.8143647,560 76.8734000,30.8143275,560 76.8738144,30.8146353,560 76.8740279,30.8151763,560 76.8744176,30.8154469,560 76.8744626,30.8157174,560 76.8743443,30.8158381,560 76.8735967,30.8159879,560 76.8733374,30.8162585,560 76.8730852,30.8169005,560 76.8727705,30.8171496,560 76.8718262,30.8170345,560 76.8715932,30.8167995,560 76.8724557,30.8163108,560 76.8730939,30.8154469,560 76.8732035,30.8151763,560 76.8730692,30.8146353,560 76.8732707,30.8143647,560</coordinates></LineString></Placemark><Placemark><name>560 m</name><styleUrl>#minor</styleUrl><ExtendedData><Data name="elevation"><value>560</value></Data></ExtendedData><LineString><tessellate>1</tessellate><altitudeMode>clampToGround</altitudeMode><coordinates>76.8704984,30.8165290,560 76.8707179,30.8165290,560 76.8706745,30.8167995,560 76.8702525,30.8171214,560 76.8701339,30.8167995,560 76.8704984,30.8165290,560</coordinates></LineString></Placemark><Placemark><name>560 m</name><styleUrl>#minor</styleUrl><ExtendedData><Data name="elevation"><value>560</value></Data></ExtendedData><LineString><tessellate>1</tessellate><altitudeMode>clampToGround</altitudeMode><coordinates>76.8615967,30.8195048,560 76.8617541,30.8194329,560 76.8622983,30.8200459,560 76.8621957,30.8205870,560 76.8624935,30.8211280,560 76.8633279,30.8214643,560 76.8635084,30.8216691,560 76.8633279,30.8221727,560 76.8630131,30.8221490,560 76.8613895,30.8205870,560 76.8614183,30.8197754,560 76.8615967,30.8195048,560</coordinates></LineString></Placemark><Placemark><name>560 m</name><styleUrl>#minor</styleUrl><ExtendedData><Data name="elevation"><value>560</value></Data></ExtendedData><LineString><tessellate>1</tessellate><altitudeMode>clampToGround</altitudeMode><coordinates>76.8708267,30.8232923,560 76.8713817,30.8232923,560 76.8708820,30.8234459,560 76.8708267,30.8232923,560</coordinates></LineString></Placemark><Placemark><name>560 m</name><styleUrl>#minor</styleUrl><ExtendedData><Data name="elevation"><value>560</value></Data></ExtendedData><LineString><tessellate>1</tessellate><altitudeMode>clampToGround</altitudeMode><coordinates>76.8709298,30.8243744,560 76.8711967,30.8241645,560 76.8715115,30.8242659,560 76.8716037,30.8243744,560 76.8715115,30.8247503,560 76.8711967,30.8247800,560 76.8709298,30.8243744,560</coordinates></LineString></Placemark><Placemark><name>560 m</name><styleUrl>#minor</styleUrl><ExtendedData><Data name="elevation"><value>560</value></Data></ExtendedData><LineString><tessellate>1</tessellate><altitudeMode>clampToGround</altitudeMode><coordinates>76.8609247,30.8264144,560 76.8611246,30.8264882,560 76.8617541,30.8261467,560 76.8620689,30.8261510,560 76.8621521,30.8262681,560 76.8620689,30.8268850,560 76.8626984,30.8270233,560 76.8636426,30.8269096,560 76.8642721,30.8269541,560 76.8648749,30.8265386,560 76.8650469,30.8262681,560 76.8646107,30.8257271,560 76.8643362,30.8246449,560 76.8637780,30.8238333,560 76.8638063,30.8232923,560 76.8639574,30.8232238,560 76.8643971,30.8235628,560 76.8647406,30.8243744,560 76.8655311,30.8250815,560 76.8667902,30.8257849,560 76.8683932,30.8273502,560 76.8680492,30.8276190,560 76.8674197,30.8274396,560 76.8667902,30.8276596,560 76.8666108,30.8276208,560 76.8664754,30.8270770,560 76.8661607,30.8270783,560 76.8652164,30.8278223,560 76.8642721,30.8279930,560 76.8638833,30.8287029,560 76.8641180,30.8289734,560 76.8639574,30.8292192,560 76.8630131,30.8288023,560 76.8626984,30.8287949,560 76.8624467,30.8289734,560 76.8623519,30.8292440,560 76.8626160,30.8300556,560 76.8620689,30.8303607,560 76.8614393,30.8302080,560 76.8609247,30.8301806,560</coordinates></LineString></Placemark><Placemark><name>560 m</name><styleUrl>#minor</styleUrl><ExtendedData><Data name="elevation"><value>560</value></Data></ExtendedData><LineString><tessellate>1</tessellate><altitudeMode>clampToGround</altitudeMode><coordinates>76.9032253,30.8355000,560 76.9029349,30.8351957,560 76.9028139,30.8349251,560 76.9029063,30.8346546,560 76.9017476,30.8341135,560 76.9015095,30.8338430,560 76.9013363,30.8333019,560 76.9014131,30.8330182,560 76.9036164,30.8334035,560 76.9042151,30.8333019,560 76.9046205,30.8330314,560 76.9044590,30.8327609,560 76.9023574,30.8319196,560 76.9020426,30.8313614,560 76.9014562,30.8308671,560 76.9013918,30.8303261,560 76.9009820,30.8297850,560 76.9008444,30.8292440,560 76.9010984,30.8290533,560 76.9014131,30.8291808,560 76.9017279,30.8291688,560 76.9020426,30.8289525,560 76.9029869,30.8289298,560 76.9033016,30.8289931,560 76.9036164,30.8293039,560 76.9050753,30.8289592,560</coordinates></LineString></Placemark><Placemark><name>560 m</name><styleUrl>#minor</styleUrl><ExtendedData><Data name="elevation"><value>560</value></Data></ExtendedData><LineString><tessellate>1</tessellate><altitudeMode>clampToGround</altitudeMode><coordinates>76.9050753,30.8284743,560 76.9047298,30.8284324,560 76.9048754,30.8278339,560 76.9050753,30.8277374,560</coordinates></LineString></Placemark><Placemark><name>560 m</name><styleUrl>#minor</styleUrl><ExtendedData><Data name="elevation"><value>560</value></Data></ExtendedData><LineString><tessellate>1</tessellate><altitudeMode>clampToGround</altitudeMode><coordinates>76.9050753,30.8270327,560 76.9048754,30.8270012,560 76.9045607,30.8269917,560 76.9033016,30.8273933,560 76.9026464,30.8273502,560 76.9020426,30.8271019,560 76.9016716,30.8268092,560 76.9016109,30.8265386,560 76.9019219,30.8262681,560 76.9017042,30.8259976,560 76.9010984,30.8257743,560 76.9007836,30.8258194,560 76.9004689,30.8255720,560 76.9004689,30.8250328,560 76.9012437,30.8246449,560 76.9008043,30.8241039,560 76.9007836,30.8237467,560 76.9010984,30.8235857,560 76.9014131,30.8236864,560 76.9020426,30.8234434,560 76.9033016,30.8237599,560 76.9039791,30.8232923,560 76.9036164,30.8229976,560 76.9023574,30.8225573,560 76.9019140,30.8222101,560 76.9018976,30.8219396,560 76.9023574,30.8217765,560 76.9026721,30.8218153,560 76.9039311,30.8222930,560 76.9045607,30.8218975,560 76.9050753,30.8219185,560</coordinates></LineString></Placemark><Placemark><name>560 m</name><styleUrl>#minor</styleUrl><ExtendedData><Data name="elevation"><value>560</value></Data></ExtendedData><LineString><tessellate>1</tessellate><altitudeMode>clampToGround</altitudeMode><coordinates>76.9050753,30.8216215,560 76.9033016,30.8209980,560 76.9026939,30.8203164,560 76.9023574,30.8203158,560 76.9018652,30.8200459,560 76.9018927,30.8197754,560 76.9017279,30.8195442,560 76.9014131,30.8194710,560 76.9011377,30.8192343,560 76.9011190,30.8189638,560 76.9016493,30.8186932,560 76.9012850,30.8181522,560 76.9014131,30.8179665,560 76.9017279,30.8180533,560 76.9029869,30.8180446,560 76.9036164,30.8183309,560 76.9039311,30.8186201,560 76.9045607,30.8188119,560 76.9050227,30.8192343,560 76.9050753,30.8192636,560</coordinates></LineString></Placemark><Placemark><name>560 m</name><styleUrl>#minor</styleUrl><ExtendedData><Data name="elevation"><value>560</value></Data></ExtendedData><LineString><tessellate>1</tessellate><altitudeMode>clampToGround</altitudeMode><coordinates>76.9050753,30.8179801,560 76.9047274,30.8176111,560 76.9047150,30.8173406,560 76.9048754,30.8171525,560 76.9050753,30.8171384,560</coordinates></LineString></Placemark><Placemark><name>560 m</name><styleUrl>#minor</styleUrl><ExtendedData><Data name="elevation"><value>560</value></Data></ExtendedData><LineString><tessellate>1</tessellate><altitudeMode>clampToGround</altitudeMode><coordinates>76.9050753,30.8164211,560 76.9036164,30.8164795,560 76.9033016,30.8164596,560 76.9029869,30.8162847,560 76.9025782,30.8157174,560 76.9025860,30.8154469,560 76.9029232,30.8151763,560 76.9029734,30.8149058,560 76.9017279,30.8144387,560 76.9012461,30.8138237,560 76.9013196,30.8135531,560 76.9014999,30.8132826,560 76.9017279,30.8132504,560 76.9020426,30.8132838,560 76.9023574,30.8135298,560 76.9026721,30.8136081,560 76.9031537,30.8132826,560 76.9033092,30.8130121,560 76.9028828,30.8124710,560 76.9029764,30.8122005,560 76.9039311,30.8116397,560 76.9045434,30.8119300,560 76.9048754,30.8124716,560 76.9050753,30.8125953,560</coordinates></LineString></Placemark><Placemark><name>570 m</name><styleUrl>#minor</styleUrl><ExtendedData><Data name="elevation"><value>570</value></Data></ExtendedData><LineString><tessellate>1</tessellate><altitudeMode>clampToGround</altitudeMode><coordinates>76.8776773,30.7935338,570 76.8777050,30.7935000,570</coordinates></LineString></Placemark><Placemark><name>570 m</name><styleUrl>#minor</styleUrl><ExtendedData><Data name="elevation"><value>570</value></Data></ExtendedData><LineString><tessellate>1</tessellate><altitudeMode>clampToGround</altitudeMode><coordinates>76.8782302,30.7935000,570 76.8784361,30.7935602,570 76.8785810,30.7935000,570</coordinates></LineString></Placemark><Placemark><name>570 m</name><styleUrl>#minor</styleUrl><ExtendedData><Data name="elevation"><value>570</value></Data></ExtendedData><LineString><tessellate>1</tessellate><altitudeMode>clampToGround</altitudeMode><coordinates>76.8792025,30.7935000,570 76.8792254,30.7935338,570 76.8794033,30.7943454,570 76.8796573,30.7946159,570 76.8796244,30.7948865,570 76.8792725,30.7954275,570 76.8793017,30.7956981,570 76.8798425,30.7965097,570 76.8798269,30.7967802,570 76.8796951,30.7968969,570 76.8790656,30.7969189,570 76.8787508,30.7967858,570 76.8785346,30.7965097,570 76.8784501,30.7962391,570 76.8785727,30.7956981,570 76.8783696,30.7951570,570 76.8789599,30.7948865,570 76.8791067,30.7946159,570 76.8784361,30.7940041,570 76.8778066,30.7938269,570 76.8776773,30.7935338,570</coordinates></LineString></Placemark><Placemark><name>570 m</name><styleUrl>#minor</styleUrl><ExtendedData><Data name="elevation"><value>570</value></Data></ExtendedData><LineString><tessellate>1</tessellate><altitudeMode>clampToGround</altitudeMode><coordinates>76.8679024,30.7992150,570 76.8680492,30.7991602,570 76.8689934,30.7995195,570 76.8691915,30.7997560,570 76.8697699,30.8008382,570 76.8696501,30.8011087,570 76.8693082,30.8013194,570 76.8689934,30.8013514,570 76.8683698,30.8008382,570 76.8682906,30.8005676,570 76.8684522,30.8002971,570 76.8683498,30.8000266,570 76.8678495,30.7994855,570 76.8679024,30.7992150,570</coordinates></LineString></Placemark><Placemark><name>570 m</name><styleUrl>#minor</styleUrl><ExtendedData><Data name="elevation"><value>570</value></Data></ExtendedData><LineString><tessellate>1</tessellate><altitudeMode>clampToGround</altitudeMode><coordinates>76.8673720,30.8027319,570 76.8677344,30.8026603,570 76.8678973,30.8027319,570 76.8678712,30.8030024,570 76.8677344,30.8030969,570 76.8674197,30.8030202,570 76.8673720,30.8027319,570</coordinates></LineString></Placemark><Placemark><name>570 m</name><styleUrl>#minor</styleUrl><ExtendedData><Data name="elevation"><value>570</value></Data></ExtendedData><LineString><tessellate>1</tessellate><altitudeMode>clampToGround</altitudeMode><coordinates>76.8650449,30.8108478,570 76.8652164,30.8106965,570 76.8662322,30.8111184,570 76.8663708,30.8119300,570 76.8666893,30.8124710,570 76.8668223,30.8130121,570 76.8664754,30.8132450,570 76.8661607,30.8131861,570 76.8649586,30.8124710,570 76.8646770,30.8116594,570 76.8644432,30.8113889,570 76.8649016,30.8110996,570 76.8650449,30.8108478,570</coordinates></LineString></Placemark><Placemark><name>570 m</name><styleUrl>#minor</styleUrl><ExtendedData><Data name="elevation"><value>570</value></Data></ExtendedData><LineString><tessellate>1</tessellate><altitudeMode>clampToGround</altitudeMode><coordinates>76.8641816,30.8111184,570 76.8643642,30.8111184,570</coordinates></LineString></Placemark><Placemark><name>570 m</name><styleUrl>#minor</styleUrl><ExtendedData><Data name="elevation"><value>570</value></Data></ExtendedData><LineString><tessellate>1</tessellate><altitudeMode>clampToGround</altitudeMode><coordinates>76.8733457,30.8154469,570 76.8734000,30.8152678,570 76.8737148,30.8152040,570 76.8738392,30.8154469,570 76.8734000,30.8157993,570 76.8732410,30.8157174,570 76.8733457,30.8154469,570</coordinates></LineString></Placemark><Placemark><name>570 m</name><styleUrl>#minor</styleUrl><ExtendedData><Data name="elevation"><value>570</value></Data></ExtendedData><LineString><tessellate>1</tessellate><altitudeMode>clampToGround</altitudeMode><coordinates>76.8730357,30.8159879,570 76.8730852,30.8159019,570 76.8730852,30.8160552,570 76.8730357,30.8159879,570</coordinates></LineString></Placemark><Placemark><name>570 m</name><styleUrl>#minor</styleUrl><ExtendedData><Data name="elevation"><value>570</value></Data></ExtendedData><LineString><tessellate>1</tessellate><altitudeMode>clampToGround</altitudeMode><coordinates>76.8722678,30.8167995,570 76.8725280,30.8167995,570</coordinates></LineString></Placemark><Placemark><name>570 m</name><styleUrl>#minor</styleUrl><ExtendedData><Data name="elevation"><value>570</value></Data></ExtendedData><LineString><tessellate>1</tessellate><altitudeMode>clampToGround</altitudeMode><coordinates>76.8609247,30.8268250,570 76.8614393,30.8267078,570 76.8615791,30.8268092,570 76.8617541,30.8274445,570 76.8620689,30.8275225,570 76.8623836,30.8273324,570 76.8633279,30.8273171,570 76.8636426,30.8271596,570 76.8642721,30.8272402,570 76.8645869,30.8271247,570 76.8654263,30.8262681,570 76.8653365,30.8259976,570 76.8650519,30.8257271,570 76.8650608,30.8254565,570 76.8652164,30.8252483,570 76.8664754,30.8257703,570 76.8668007,30.8259976,570 76.8674824,30.8268092,570 76.8671049,30.8271049,570 76.8664754,30.8266302,570 76.8652164,30.8273367,570 76.8642721,30.8274948,570 76.8639153,30.8278913,570 76.8636426,30.8285910,570 76.8633279,30.8287003,570 76.8626984,30.8286074,570 76.8623836,30.8287215,570 76.8621703,30.8292440,570 76.8623000,30.8300556,570 76.8620689,30.8301336,570 76.8609247,30.8299532,570</coordinates></LineString></Placemark><Placemark><name>570 m</name><styleUrl>#minor</styleUrl><ExtendedData><Data name="elevation"><value>570</value></Data></ExtendedData><LineString><tessellate>1</tessellate><altitudeMode>clampToGround</altitudeMode><coordinates>76.9050753,30.8346276,570 76.9046873,30.8343841,570 76.9045507,30.8341135,570 76.9050753,30.8339081,570</coordinates></LineString></Placemark><Placemark><name>570 m</name><styleUrl>#minor</styleUrl><ExtendedData><Data name="elevation"><value>570</value></Data></ExtendedData><LineString><tessellate>1</tessellate><altitudeMode>clampToGround</altitudeMode><coordinates>76.9050753,30.8321492,570 76.9040109,30.8319493,570 76.9038854,30.8316787,570 76.9039979,30.8314082,570 76.9039028,30.8308671,570 76.9036164,30.8302639,570 76.9042900,30.8303261,570 76.9045607,30.8304781,570 76.9044828,30.8295145,570 76.9050753,30.8294229,570</coordinates></LineString></Placemark><Placemark><name>570 m</name><styleUrl>#minor</styleUrl><ExtendedData><Data name="elevation"><value>570</value></Data></ExtendedData><LineString><tessellate>1</tessellate><altitudeMode>clampToGround</altitudeMode><coordinates>76.9050753,30.8266921,570 76.9048754,30.8266417,570 76.9039311,30.8268677,570 76.9033016,30.8268657,570 76.9029869,30.8270500,570 76.9027872,30.8268092,570 76.9031021,30.8265386,570 76.9031568,30.8262681,570 76.9027873,30.8254565,570 76.9027850,30.8246449,570 76.9029869,30.8244180,570 76.9039311,30.8251326,570 76.9042459,30.8251152,570 76.9043500,30.8249155,570 76.9040698,30.8241039,570 76.9042459,30.8239965,570 76.9045607,30.8240057,570 76.9050753,30.8241816,570</coordinates></LineString></Placemark><Placemark><name>570 m</name><styleUrl>#minor</styleUrl><ExtendedData><Data name="elevation"><value>570</value></Data></ExtendedData><LineString><tessellate>1</tessellate><altitudeMode>clampToGround</altitudeMode><coordinates>76.9050753,30.8234209,570 76.9048754,30.8232487,570 76.9044373,30.8230217,570 76.9042260,30.8227512,570 76.9045607,30.8226607,570 76.9050753,30.8227185,570</coordinates></LineString></Placemark><Placemark><name>570 m</name><styleUrl>#minor</styleUrl><ExtendedData><Data name="elevation"><value>570</value></Data></ExtendedData><LineString><tessellate>1</tessellate><altitudeMode>clampToGround</altitudeMode><coordinates>76.9050753,30.8213456,570 76.9045607,30.8212009,570 76.9037647,30.8208575,570 76.9034608,30.8205870,570 76.9035098,30.8203164,570 76.9028471,30.8197754,570 76.9028295,30.8195048,570 76.9030960,30.8189638,570 76.9033016,30.8188064,570 76.9039311,30.8191760,570 76.9045607,30.8193317,570 76.9050753,30.8196570,570</coordinates></LineString></Placemark><Placemark><name>570 m</name><styleUrl>#minor</styleUrl><ExtendedData><Data name="elevation"><value>570</value></Data></ExtendedData><LineString><tessellate>1</tessellate><altitudeMode>clampToGround</altitudeMode><coordinates>76.9050753,30.8160489,570 76.9045607,30.8161301,570 76.9035965,30.8159879,570 76.9037443,30.8149058,570 76.9036448,30.8143647,570 76.9038308,30.8140942,570 76.9042732,30.8138237,570 76.9039634,30.8124710,570 76.9042459,30.8122562,570 76.9048754,30.8128882,570 76.9050753,30.8129766,570</coordinates></LineString></Placemark><Placemark><name>580 m</name><styleUrl>#minor</styleUrl><ExtendedData><Data name="elevation"><value>580</value></Data></ExtendedData><LineString><tessellate>1</tessellate><altitudeMode>clampToGround</altitudeMode><coordinates>76.8787069,30.7938043,580 76.8787968,30.7938043,580</coordinates></LineString></Placemark><Placemark><name>580 m</name><styleUrl>#minor</styleUrl><ExtendedData><Data name="elevation"><value>580</value></Data></ExtendedData><LineString><tessellate>1</tessellate><altitudeMode>clampToGround</altitudeMode><coordinates>76.8789066,30.7940749,580 76.8790656,30.7939463,580 76.8790656,30.7941437,580 76.8789066,30.7940749,580</coordinates></LineString></Placemark><Placemark><name>580 m</name><styleUrl>#minor</styleUrl><ExtendedData><Data name="elevation"><value>580</value></Data></ExtendedData><LineString><tessellate>1</tessellate><altitudeMode>clampToGround</altitudeMode><coordinates>76.8787293,30.7951570,580 76.8790656,30.7951222,580 76.8790656,30.7953158,580 76.8787508,30.7953788,580 76.8787293,30.7951570,580</coordinates></LineString></Placemark><Placemark><name>580 m</name><styleUrl>#minor</styleUrl><ExtendedData><Data name="elevation"><value>580</value></Data></ExtendedData><LineString><tessellate>1</tessellate><altitudeMode>clampToGround</altitudeMode><coordinates>76.8789766,30.7956981,580 76.8790656,30.7955252,580 76.8791908,30.7959686,580 76.8794064,30.7962391,580 76.8793803,30.7965386,580 76.8790656,30.7965226,580 76.8788344,30.7962391,580 76.8789766,30.7956981,580</coordinates></LineString></Placemark><Placemark><name>580 m</name><styleUrl>#minor</styleUrl><ExtendedData><Data name="elevation"><value>580</value></Data></ExtendedData><LineString><tessellate>1</tessellate><altitudeMode>clampToGround</altitudeMode><coordinates>76.8689301,30.8000266,580 76.8695528,30.8008382,580 76.8693082,30.8011121,580 76.8688387,30.8008382,580 76.8687667,30.8005676,580 76.8689301,30.8000266,580</coordinates></LineString></Placemark><Placemark><name>580 m</name><styleUrl>#minor</styleUrl><ExtendedData><Data name="elevation"><value>580</value></Data></ExtendedData><LineString><tessellate>1</tessellate><altitudeMode>clampToGround</altitudeMode><coordinates>76.8653185,30.8113889,580 76.8658459,30.8111752,580 76.8664819,30.8124710,580 76.8664754,30.8128611,580 76.8653882,30.8124710,580 76.8651677,30.8119300,580 76.8653185,30.8113889,580</coordinates></LineString></Placemark><Placemark><name>580 m</name><styleUrl>#minor</styleUrl><ExtendedData><Data name="elevation"><value>580</value></Data></ExtendedData><LineString><tessellate>1</tessellate><altitudeMode>clampToGround</altitudeMode><coordinates>76.8609247,30.8271217,580 76.8611246,30.8270849,580 76.8614393,30.8272717,580 76.8614975,30.8278913,580 76.8617541,30.8280857,580 76.8620689,30.8280086,580 76.8623836,30.8276299,580 76.8626984,30.8275657,580 76.8634312,30.8278913,580 76.8634934,30.8281618,580 76.8633723,30.8284324,580 76.8623836,30.8284930,580 76.8621936,30.8287029,580 76.8617541,30.8297521,580 76.8609247,30.8296480,580</coordinates></LineString></Placemark><Placemark><name>590 m</name><styleUrl>#minor</styleUrl><ExtendedData><Data name="elevation"><value>590</value></Data></ExtendedData><LineString><tessellate>1</tessellate><altitudeMode>clampToGround</altitudeMode><coordinates>76.8657723,30.8122005,590 76.8658459,30.8120520,590 76.8659318,30.8122005,590 76.8658459,30.8123045,590 76.8657723,30.8122005,590</coordinates></LineString></Placemark><Placemark><name>590 m</name><styleUrl>#minor</styleUrl><ExtendedData><Data name="elevation"><value>590</value></Data></ExtendedData><LineString><tessellate>1</tessellate><altitudeMode>clampToGround</altitudeMode><coordinates>76.8609247,30.8274620,590 76.8611246,30.8274357,590 76.8612361,30.8276208,590 76.8609247,30.8283027,590</coordinates></LineString></Placemark><Placemark><name>590 m</name><styleUrl>#minor</styleUrl><ExtendedData><Data name="elevation"><value>590</value></Data></ExtendedData><LineString><tessellate>1</tessellate><altitudeMode>clampToGround</altitudeMode><coordinates>76.8609247,30.8287494,590 76.8611246,30.8288003,590 76.8618003,30.8284324,590 76.8619217,30.8287029,590 76.8617288,30.8292440,590 76.8614393,30.8293473,590 76.8609247,30.8293422,590</coordinates></LineString></Placemark></Folder></Document></kml>